Full Title,Edition,Short Title,Series,Creator,Contributors,Publication Date,Map Publisher,Subject,Continent,Country,State/Province,Region,County,City,Notes,Local Note,Contents,Essay Description of Item,Type (RDA),Type (DCMI),Genre,Color/B&W,Scale,Bounding Box,Original Collection,Primo Record Permalink,Original Item Description,Original Item ID,Language,Repository,Digital Publisher,Rights,Digital ID,Digital Format,Digital Collection,NB,Accessible Alt Text,Cataloger,Date created,Date modified,Reference URL,CONTENTdm number,CONTENTdm file name,CONTENTdm file path
Density of forests / compiled under the direction of C.S. Sargent,,"Wisconsin, Minnesota, Michigan, Iowa, 1883, density of forests",,"Sargent, Charles Sprague, 1841-1927",United States. Dept. of the Interior; Julius Bien & Co.,1883,"Dept. of the Interior [Washington, D.C.]",Forests and forestry--Michigan--Maps; Forests and forestry--Wisconsin -- Maps; Forests and forestry--Minnesota--Maps; Forests and forestry--Iowa--Maps,North and Central America;,,Michigan; Wisconsin; Minnesota; Iowa,,,,"Relief shown by shading. In upper right margin: ""Tenth census of the United States.""",,,,cartographic image,Still Image,,Color,"1:4,118,40 (W 100 00'--W 80 00'/N 49 00'--N 40 00')",,American Geographical Society Library - Maps,,1 map : color ; 25 x 37 cm.,893 E-1883,English,"American Geographical Society Library, University of Wisconsin-Milwaukee Libraries",American Geographical Society Library Digital Map Collection,https://uwm.edu/libraries/digital-collections/copyright-digcoll/,am003003,image/tif; Image/jp2,American Geographical Society Library Digital Map Collection,"Due to their file size, some maps may produce a proxy error when downloaded as a ""large"" file. In those cases, please contact us at digilib@uwm.edu to obtain a copy of the file.","An 1883 map by C. S. Sargent illustrates forest density in parts of Michigan, Wisconsin, Minnesota, and Iowa.",,2016-06-30,2026-06-26,http://cdm17272.contentdm.oclc.org/cdm/ref/collection/agdm/id/70,70,62.jp2,/agdm/image/62.jp2
"Topographic map of the Island of Kauai, Kauai County, Hawaii / surveyed by the U.S. Geological Survey in cooperation with the Territory of Hawaii",,"Kauai (Hawaii) 1912, topographic map",,Geological Survey (U.S.),,1912,"Washington, D.C. : Geological Survey (U.S.) [Washington, D.C.]",Kauai (Hawaii)--Maps,North and Central America;,,Hawaii,,Kauai county,,"Relief shown by contours and spot heights. ""R. B. Marshall, Chief Geographer""; ""Topography by C.H. Birdseye, Geo. R. Davis ... O.G. Taylor, and W.H. Barringer""; surveyed in 1910. Includes location map, ""The Hawaiian Islands.""",,,,cartographic image,Still Image,,Color,"1:62,500. (W 159 50'--W 159 15'/N 22 15'--N 21 50')",,American Geographical Society Library - Maps,,"1 map on 2 sheets : color ; on sheets 84 x 54 cm., 75 x 97 cm.",762-c .K38 A-1912,English,"American Geographical Society Library, University of Wisconsin-Milwaukee Libraries",American Geographical Society Library Digital Map Collection,https://uwm.edu/libraries/digital-collections/copyright-digcoll/,am001984,image/tif; Image/jp2,American Geographical Society Library Digital Map Collection,"Due to their file size, some maps may produce a proxy error when downloaded as a ""large"" file. In those cases, please contact us at digilib@uwm.edu to obtain a copy of the file.",A 1912 U.S. Geological Survey topographic map shows Kauai's terrain and key features.,,2016-06-30,2026-06-26,http://cdm17272.contentdm.oclc.org/cdm/ref/collection/agdm/id/115,115,107.jp2,/agdm/image/107.jp2
"The Hawaiian Islands / compiled from official records of the U.S. Navy Department, U.S. Post Office Department and other sources under the direction of the Secretary of the Interior and the U.S. Geological Survey ; A.F. Hassan, draftsman",,Hawaiian Islands 1909,,,"Hassan, A. F.; United States. Navy Dept.; United States. Post Office Dept.; Geological Survey (U.S.)",1909,"Washington, D.C. : Geological Survey (U.S.) (Washington, D.C.)","Alaska-Yukon-Pacific Exposition (1909 : Seattle, Wash.);  Hawaii--Maps, Physical",North and Central America;,,Hawaii;,,,,"Relief shown by shading and spot heights. At head of title: Hawaii Exhibit, Alaska-Yukon-Pacific Exposition, Seattle Washington 1909.",,,,cartographic image,Still Image,,Color,"1:700,000 (W 160 30'--W 154 30'/N 22 20'--N 18 55')",,American Geographical Society Library - Maps,,"1 map : mounted on linen, color ; 59 x 97 cm.",762 A-1909,English,"American Geographical Society Library, University of Wisconsin-Milwaukee Libraries",American Geographical Society Library Digital Map Collection,https://uwm.edu/libraries/digital-collections/copyright-digcoll/,am001925,image/tif; Image/jp2,American Geographical Society Library Digital Map Collection,"Due to their file size, some maps may produce a proxy error when downloaded as a ""large"" file. In those cases, please contact us at digilib@uwm.edu to obtain a copy of the file.","A 1909 relief map presents the Hawaiian Islands during Seattle's Alaska-Yukon-Pacific Exposition, showing key island groups.",,2016-06-30,2026-06-26,http://cdm17272.contentdm.oclc.org/cdm/ref/collection/agdm/id/192,192,183.jp2,/agdm/image/183.jp2
"Topographic map of Yosemite National Park, California / from Geological Survey maps surveyed between 1893 and 1909",,"Yosemite National Park (California) 1920, topographic map",,Geological Survey (U.S.),,1920,The Survey [Washington],"Yosemite National Park (Calif.)--Maps, Topographic",North and Central America;,,California;,,Maricopa county,,Relief shown by contours and spot heights.,,,,cartographic image,Still Image,,Color,"1:125,000 (W 120 00'--W 119 00'/N 38 15'--N 37 30')",,American Geographical Society Library - Maps,,1 map : color ; 67 x 71 cm.,800-b E-Nat Pk .Y57 1920,English,"American Geographical Society Library, University of Wisconsin-Milwaukee Libraries",American Geographical Society Library Digital Map Collection,https://uwm.edu/libraries/digital-collections/copyright-digcoll/,am001772,image/tif; Image/jp2,American Geographical Society Library Digital Map Collection,"Due to their file size, some maps may produce a proxy error when downloaded as a ""large"" file. In those cases, please contact us at digilib@uwm.edu to obtain a copy of the file.","A 1920 Yosemite National Park(topographic) map shows elevation, rivers, trails, and park boundaries based on 1893-1909.",,2016-06-30,2026-06-26,http://cdm17272.contentdm.oclc.org/cdm/ref/collection/agdm/id/208,208,197.jp2,/agdm/image/197.jp2
"Map of Yosemite Valley, Yosemite National Park, California, Mariposa County / United State Department of the Interior, Geological Survey ; E.M. Douglas, geographer",,Yosemite Valley (California) 1938,,Geological Survey (U.S.),"Douglas, Edward Morehouse, 1855-1932; Matthes, Francois, 1874-1948",1938,"The Survey (Washington, D.C.)","Yosemite Valley (Calif.)--Maps, Physical; Yosemite National Park (Calif.)--Maps, Physical",North and Central America;,,California;,,Mariposa county,,"Relief shown by contours, shading, and spot heights. ""Partial revision in 1934."" Includes ""Index map"" and table of ""Elevations of principal points."" On verso: ""The story of the Yosemite Valley,"" by F.E. Matthes (with photos).",,,,cartographic image,Still Image,,Color,"1:24,000 ; Polyconic proj. (W 119 43' 40""--W 119 30' 00""/N 37 47' 05""--N 37 42' 00"")",,American Geographical Society Library - Maps,,1 map : color ; 40 x 89 cm.,800-b E-Nat Pk .Y57 1938,English,"American Geographical Society Library, University of Wisconsin-Milwaukee Libraries",American Geographical Society Library Digital Map Collection,https://uwm.edu/libraries/digital-collections/copyright-digcoll/,am001770; am001771,image/tif; Image/jp2,American Geographical Society Library Digital Map Collection,"Due to their file size, some maps may produce a proxy error when downloaded as a ""large"" file. In those cases, please contact us at digilib@uwm.edu to obtain a copy of the file.",,,2016-06-30,2016-06-30,http://cdm17272.contentdm.oclc.org/cdm/ref/collection/agdm/id/225,225,217.cpd,/agdm/image/217.cpd
"Map of [California] / U.S. Dept. of Agriculture, Bureau of Public Roads, Irrigation Investigations.  Map of Northern California. Map of Central California. Map of Southern California. [Relief ed.]",,California 1922,,United States. Bureau of Public Roads,"Scobey, Fred C. (Frederick Charles), 1880-1962; Bowen, Lot; Renshawe, John H.; California. Dept. of Engineering; University of California (1868-1952). College of Agriculture; California. State Water Commission",1922,"Bureau of Public Roads (Washington, D.C.)",California--Maps; Irrigation--California--Maps,North and Central America;,,California;,,,,"Relief shown by shading. All maps include an index map. Bodies of water shown in blue. Southern map includes inset: Owens valley and tributary watershed. ""Revised and redrawn 1920 in cooperation with California State Dept. of Engineering; College of Agriculture, University of California; California State Water Commission."" ""Mapping by Fred C. Scobey and Lot Bowen. Relief shading by John H. Renshawe.""",,,,cartographic image,Still Image,,Grayscale,"1:514,000 (W 124 25'--W 119 90'/N 42 00'--N 37 80'); 1:506,880. (W 122 60'--W 116 70'/N 38 90'--N 34 70');  1:514,000 (W 120 80'--W 114 07'/N 36 50'--N 32 32')",,American Geographical Society Library - Maps,,3 maps ; on sheets 109 x 131 cm.,813 E-1922c,English,"American Geographical Society Library, University of Wisconsin-Milwaukee Libraries",American Geographical Society Library Digital Map Collection,https://uwm.edu/libraries/digital-collections/copyright-digcoll/,am001760; am001761; am001762,image/tif; Image/jp2,American Geographical Society Library Digital Map Collection,"Due to their file size, some maps may produce a proxy error when downloaded as a ""large"" file. In those cases, please contact us at digilib@uwm.edu to obtain a copy of the file.",,,2016-06-30,2016-06-30,http://cdm17272.contentdm.oclc.org/cdm/ref/collection/agdm/id/232,232,224.cpd,/agdm/image/224.cpd
"Map of [California] / U.S. Dept. of Agriculture, Bureau of Public Roads, Irrigation Investigations.  Map of Northern California. Map of Central California.  Map of Southern California",,California 1922,,United States. Bureau of Public Roads,,1922,"Bureau of Public Roads (Washington, D.C.)",California--Maps; Irrigation--California--Maps,North and Central America;,,California;,,,,"All maps include an index map. Bodies of water shown in blue. Southern map includes inset: Owens valley and tributary watershed. ""Revised and redrawn 1920 in cooperation with California State Dept. of Engineering; College of Agriculture, University of California; California State Water Commission."" ""Mapping by Fred C. Scobey and Lot Bowen.""",,,,cartographic image,Still Image,,Grayscale,"1:514,000 (W 124 25'--W 119 90'/N 42 00'--N 37 80'); 1:506,880 (W 122 60'--W 116 70'/N 38 90'--N 34 70');  1:514,000 (W 120 80'--W 114 07/N 36 50'--N 32 32')",,American Geographical Society Library - Maps,,3 maps ; on sheets 109 x 127 cm or smaller.,813 E-1922d,English,"American Geographical Society Library, University of Wisconsin-Milwaukee Libraries",American Geographical Society Library Digital Map Collection,https://uwm.edu/libraries/digital-collections/copyright-digcoll/,am001763; am001764; am001765,image/tif; Image/jp2,American Geographical Society Library Digital Map Collection,"Due to their file size, some maps may produce a proxy error when downloaded as a ""large"" file. In those cases, please contact us at digilib@uwm.edu to obtain a copy of the file.",,,2016-06-30,2016-06-30,http://cdm17272.contentdm.oclc.org/cdm/ref/collection/agdm/id/236,236,228.cpd,/agdm/image/228.cpd
"Irrigation map of [California] / U.S. Dept. of Agriculture, Bureau of Public Roads, Irrigation Investigations",,"California 1922, irrigation map",,United States. Bureau of Public Roads,"Scobey, Fred C. (Frederick Charles), 1880-1962; Bowen, Lot; California. Dept. of Engineering; University of California (1868-1952). College of Agriculture; California. State Water Commission",1922,"Bureau of Public Roads (Washington, D.C.)",Irrigation--California--Maps,North and Central America;,,California;,,,,"All maps include an index map. Southern map includes inset: Owens valley and tributary watershed. Shows agricultural areas, irrigated areas, irrigation canals, boundaries of U.S. Reclamation Service projects and Irrigation Districts, principal hydroelectric plants, U.S. Geological Survey and private stream gauging stations, and rainfall stations. ""Revised and redrawn 1920 in cooperation with California State Dept. of Engineering; College of Agriculture, University of California; California State Water Commission."" ""Mapping by Fred C. Scobey and Lot Bowen. Field platting of irrigated lands by Wells A. Hutchins, S.H. Becket, H.A. Wadsworth and C.F. Dunshee""--Northern and Central maps. ""Mapping by Fred C. Scobey and Lot Bowen. Field platting of irrigated lands by Wells A. Huchins, H.F. Blaney and H.A. Wadsworth""--Southern map.",,,,cartographic image,Still Image,,Color,"1:514,000 (W 124 25'--W 119 90'/N 42 00'--N 37 80'); 1:506,880 (W 122 60'--W 116 70'/N 38 90'--N 34 70');  1:514,000 (W 120 80'--W 114 07'/N 36 50'--N 32 32')",,American Geographical Society Library - Maps,,3 maps : color ; on sheets 109 x 131 cm or smaller.,813 E-1922a,English,"American Geographical Society Library, University of Wisconsin-Milwaukee Libraries",American Geographical Society Library Digital Map Collection,https://uwm.edu/libraries/digital-collections/copyright-digcoll/,am001754; am001755; am001756,image/tif; Image/jp2,American Geographical Society Library Digital Map Collection,"Due to their file size, some maps may produce a proxy error when downloaded as a ""large"" file. In those cases, please contact us at digilib@uwm.edu to obtain a copy of the file.",,,2016-06-30,2016-06-30,http://cdm17272.contentdm.oclc.org/cdm/ref/collection/agdm/id/240,240,232.cpd,/agdm/image/232.cpd
"Irrigation map of [California] / U.S. Dept. of Agriculture, Bureau of Public Roads, Irrigation Investigations. Irrigation map of Northern California.  Irrigation map of Central California.  Irrigation map of Southern California. [Relief ed.]",,"California 1922, irrigation map",,United States. Bureau of Public Roads,,1922,"Bureau of Public Roads (Washington, D.C.)",Irrigation--California--Maps,North and Central America;,,California;,,,,"Relief shown by shading. All maps include an index map. Southern map includes inset: Owens valley and tributary watershed. Shows agricultural areas, irrigated areas, irrigation canals, boundaries of U.S. Reclamation Service projects and Irrigation Districts, principal hydroelectric plants, U.S. Geological Survey and private stream gauging stations, and rainfall stations. ""Revised and redrawn 1920 in cooperation with California State Dept. of Engineering; College of Agriculture, University of California; California State Water Commission."" ""Mapping by Fred C. Scobey and Lot Bowen. Field platting of irrigated lands by Wells A. Hutchins, S.H. Becket, H.A. Wadsworth and C.F. Dunshee. Relief shading by John H. Renshawe""--Northern and Central maps. ""Mapping by Fred C. Scobey and Lot Bowen. Field platting of irrigated lands by Wells A. Huchins, H.F. Blaney and H.A. Wadsworth. Relief shading by John H. Renshawe""--Southern map.",,,,cartographic image,Still Image,,Color,"1:514,000 (W 124 25'--W 119 90'/N 42 00'--N 37 80'); 1:506,880 (W 122 60'--W 116 70'/N 38 90'--N 34 70');  1:514,000 (W 120 80'--W 114 07'/N 36 50'--N 32 32')",,American Geographical Society Library - Maps,,3 maps : color ; on sheets 108 x 127 cm.,813 E-1922b,English;,"American Geographical Society Library, University of Wisconsin-Milwaukee Libraries",American Geographical Society Library Digital Map Collection,https://uwm.edu/libraries/digital-collections/copyright-digcoll/,am001757; am001758; am001759,image/tif; Image/jp2,American Geographical Society Library Digital Map Collection,"Due to their file size, some maps may produce a proxy error when downloaded as a ""large"" file. In those cases, please contact us at digilib@uwm.edu to obtain a copy of the file.",,,2016-06-30,2016-06-30,http://cdm17272.contentdm.oclc.org/cdm/ref/collection/agdm/id/244,244,236.cpd,/agdm/image/236.cpd
"Map of Yosemite Valley, Yosemite National Park, California, Mariposa County",,Yosemite Valley (California) 1946,,Geological Survey (U.S.),,1946,"Washington, D.C. : Geological Survey (U.S.) (Washington, D.C.)","Yosemite Valley (Calif.)--Maps, Physical",North and Central America;,,California;,,Mariposa county,,"Relief shown by shading, contours and spot heights. Includes ""Index map"" and table of ""Elevations of principal points."" On verso: ""The story of the Yosemite Valley,"" by F.E. Matthes, and illustrations",,,,cartographic image,Still Image,,Color,"1:24,000 or 1 in. = 2000 ft. ; Polyconic proj. (W 119 43' 40""--W 119 30' 00""/N 37 47' 05""--N 37 42' 00"")",,American Geographical Society Library - Maps,,1 map : color ; 40 x 89 cm.,800-b E-Nat Pk .Y57 1946,English,"American Geographical Society Library, University of Wisconsin-Milwaukee Libraries",American Geographical Society Library Digital Map Collection,https://uwm.edu/libraries/digital-collections/copyright-digcoll/,am001768; am001769,image/tif; Image/jp2,American Geographical Society Library Digital Map Collection,"Due to their file size, some maps may produce a proxy error when downloaded as a ""large"" file. In those cases, please contact us at digilib@uwm.edu to obtain a copy of the file.",,,2016-06-30,2016-06-30,http://cdm17272.contentdm.oclc.org/cdm/ref/collection/agdm/id/250,250,242.cpd,/agdm/image/242.cpd
"Administrative map of Yosemite National Park, California / topography by R.B. Marshall and A.H. Sylvester",,"Yosemite National Park (California) 1910, administrative map",,"Marshall, R. B.","Sylvester, Albert Hale, 1871-1931; Geological Survey (U.S.)",1910,"Washington, D.C. : Geological Survey (U.S.) [Washington, D.C.]","Yosemite National Park (Calif.)--Maps, Topographic;  Yosemite National Park (Calif.)--Administrative and political divisions--Maps",North and Central America;,,California;,,Maricopa county,,"Relief shown by contours and spot heights. At head of title: Department of the Interior. ""Surveyed in 1893-94, 1896, 1898-99, and 1905."" Contour interval 100 feet. Datum is mean sea level. U.S. township and section lines and section corners are shown. Shows park limits established by various Acts of Congress.",,,,cartographic image,Still Image,,Color,"1:125,000 (W 120 00'--W 119 00'/N 38 14'--N 37 30')",,American Geographical Society Library - Maps,,1 map : color ; 70 x 73 cm.,800-b E-Nat Pk .Y57 1910,English,"American Geographical Society Library, University of Wisconsin-Milwaukee Libraries",American Geographical Society Library Digital Map Collection,https://uwm.edu/libraries/digital-collections/copyright-digcoll/,am001775,image/tif; Image/jp2,American Geographical Society Library Digital Map Collection,"Due to their file size, some maps may produce a proxy error when downloaded as a ""large"" file. In those cases, please contact us at digilib@uwm.edu to obtain a copy of the file.",A 1910 Yosemite map details trails and park borders within California.,,2016-06-30,2026-06-26,http://cdm17272.contentdm.oclc.org/cdm/ref/collection/agdm/id/255,255,251.jp2,/agdm/image/251.jp2
Map of California and Nevada / drawn by F.v. Leicht and A. Craven,,California and Nevada 1873,,Geological Survey of California,"Leicht, F. von (Ferdinand von); Craven, A.",1873,J. Bien (New York),California--Maps; Nevada--Maps,North and Central America;,,California; Nevada;,,,,"On cover: California and Nevada 1873, cover not attached. At head of title on map: State Geological Survey of California. J.D. Whitney, State Geologist. Relief shown by shading and hachures.",,,,cartographic image,Still Image,,Color,"1:1,140,480 (W 124 53'--W 113 08'/N 42 21'--N 32 04')",,American Geographical Society Library - Maps,,"1 map : color, disected and mounted on linen ; 103 x 87 cm. folded to 27 x 19 cm.",813 A-1873,English,"American Geographical Society Library, University of Wisconsin-Milwaukee Libraries",American Geographical Society Library Digital Map Collection,https://uwm.edu/libraries/digital-collections/copyright-digcoll/,am001779,image/tif; Image/jp2,American Geographical Society Library Digital Map Collection,"Due to their file size, some maps may produce a proxy error when downloaded as a ""large"" file. In those cases, please contact us at digilib@uwm.edu to obtain a copy of the file.",An 1873 geological map shows California and Nevada's topography with state borders labeled in scaled detail.,,2016-06-30,2026-06-26,http://cdm17272.contentdm.oclc.org/cdm/ref/collection/agdm/id/259,259,248.jp2,/agdm/image/248.jp2
"Map of Yosemite Valley, Mariposa County, California / U.S. Geological Survey, George Otis Smith, Director ; E.M. Douglas, geographer ; State of California, George C. Pardee, Governor",,Yosemite Valley (California) 1907,,Geological Survey (U.S.),,1907,The Survey [Washington],"Yosemite Valley (Calif.)--Maps, Topographic",North and Central America;,,California;,,Mariposa county,,"Relief shown by contours and spot heights. Contour interval 50 feet. Includes ""Index map"" and table of ""Elevations of principal points.""",,,,cartographic image,Still Image,,Color,"1:24,000. One inch = 2000 feet. Polyconic proj. (W 119 43' 40""--W 119 30'/N 37 47' 05""--N 37 42')",,American Geographical Society Library - Maps,,1 map : color ; 39 x 89 cm.,800-b E-Nat Pk .Y57 1907,English,"American Geographical Society Library, University of Wisconsin-Milwaukee Libraries",American Geographical Society Library Digital Map Collection,https://uwm.edu/libraries/digital-collections/copyright-digcoll/,am001776,image/tif; Image/jp2,American Geographical Society Library Digital Map Collection,"Due to their file size, some maps may produce a proxy error when downloaded as a ""large"" file. In those cases, please contact us at digilib@uwm.edu to obtain a copy of the file.","A 1907 U.S. Geological Survey map depicts Yosemite Valley, Mariposa County, showing trails, lakes, and elevations.",,2016-06-30,2026-06-26,http://cdm17272.contentdm.oclc.org/cdm/ref/collection/agdm/id/260,260,252.jp2,/agdm/image/252.jp2
Turkestan : Asie en dix feuilles / dressé par G. Bagge et D. Aïtoff. Turkestan. Asia in Ten Folios. Folio II,,Turkestan 1909,,"Bagge, Gustave, died 1915; Aitoff, David, 1854-1933","Vivien de Saint-Martin, M.;  Schrader, Franz, 1844-1924",1909,Hachette & Co. (Paris),"Asia, Central--Maps",Asia,,,Turkestan,,,"Relief shown by hachures and spot heights. ""Feuille II."" ""Atlas Universale par Vivien de Saint-Martin & Fr. Schrader."" ""Loaned by the American Geographical Society to the Peace Conference at Versailles, 1918-1919.""",,,"This 1909 map covers Turkestan, or the domains of Russia in Central Asia, along with adjoining regions in Persia, Afghanistan, British India, and China. Russia had acquired its vast holdings in Central Asia, including the protectorates of Khiva and Bukhara, in the second half of the previous century. The map shows Bokhara as the state capital of Turkestan and Tashkent, present-day capital of Uzbekistan, as the seat of government. This is the second map in a series of ten published by Hachette in the early 1900s as part of the Atlas Universel (World atlas) by Louis Vivien de Saint-Martin and Franz Schrader. The other maps in the series are: 1, Asia Minor and the Caucasus; 3, Mongolia; 4, Japan, Korea, and Manchuria; 5, Arabia; 6, Persia, Afghanistan, and Northwest India; 7, Northeast India and Tibet; 8, China; 9, South India; and 10, Indochina. One of the contributors to the map is David Alexandrovich Aïtoff (1854–1933), the inventor of the Aïtoff projection in cartography, who first published his formulation in an article entitled “Projections des cartes géographiques” that appeared in Atlas de géographie moderne in 1889. The map includes a glossary of Russian and Turkish terms. It was loaned by the American Geographical Society to the Paris Peace Conference of 1918–19, convened to draw up peace treaties after World War I. WDL",cartographic image,Still Image,,Color,"1:5,000,000 (E 48--E 86/N 58--N 36)",,American Geographical Society Library - Maps,,"1 map : color, mounted on linen ; 49 x 53 cm.",494.9 A-1909,French,"American Geographical Society Library, University of Wisconsin-Milwaukee Libraries",American Geographical Society Library Digital Map Collection,https://uwm.edu/libraries/digital-collections/copyright-digcoll/,am004744,image/tif; Image/jp2,American Geographical Society Library Digital Map Collection,"Due to their file size, some maps may produce a proxy error when downloaded as a ""large"" file. In those cases, please contact us at digilib@uwm.edu to obtain a copy of the file.","1909 Austro-Hungarian map depicts central Turkestan's territories, railways, and mountain ranges at a 1:5 million scale.",,2016-11-09,2026-06-26,http://cdm17272.contentdm.oclc.org/cdm/ref/collection/agdm/id/262,262,255.jp2,/agdm/image/255.jp2
"Asia secundum legitimas projectionis stereographicae regulas et juxta recentissimas observation : et relationes explosis aliorum fabulosis designationibus et narrationibus, abhibitis quoque veterum monumentis et recentiorum itinerariis descripta, et in partes suas methodicas IX divisa = Carte de l'Asie, projettee stereographiquement, tiree des relations et observations : contenues dans les voyages modernes, de meme que dans les monumens des anciens, corrigee de tout ce qui sent la fable, et divisee en ses IX. parties methodiques / a I. Matth. Hasio ; designata a M. August Gottlob Boehmio.",,Asia 1744,,"Hase, Johann Matthias, 1684-1742","Boehm, Augustus Gottlob; Homann Erben (Firm)",1744,Impensis Homannianorum Heredum ([Norimbergae]),Asia -- Maps -- Early works to 1800; Korea--Maps;,Asia,Japan; Korea; China;,,Eurasia; Middle East;,,,"Relief shown pictorially. Hand-colored copper engraving, printed on wove paper, with watermark. Decorative title cartouche depicts three figures in native dress, with reptile, botanicals, and two sailing ships in the distance. From Homann heirs’ Atlas compendarius, 1752-1765. Prime meridian: Paris. Sea of Korea referred to as ""Mare orientale Minus.""",,,,cartographic image,Still Image,Maps,Color,"1:26,000,000 (W 10--W 170/N 85--S 10)",,American Geographical Society Library - Maps,,"1 map : color ; 47 x 58 cm, on sheet 54 x 62 cm",400 B-1744,Latin,"American Geographical Society Library, University of Wisconsin-Milwaukee Libraries",American Geographical Society Library Digital Map Collection,https://uwm.edu/libraries/digital-collections/copyright-digcoll/,am004755,image/tif; Image/jp2,American Geographical Society Library Digital Map Collection,"Due to their file size, some maps may produce a proxy error when downloaded as a ""large"" file. In those cases, please contact us at digilib@uwm.edu to obtain a copy of the file.","Stereographic 1744 map of Asia highlighting geography, early trade routes, and nine Latin partitions.",,2016-07-13,2026-06-26,http://cdm17272.contentdm.oclc.org/cdm/ref/collection/agdm/id/266,266,256.jp2,/agdm/image/256.jp2
"A new map of Michigan with its canals, roads & distances",,Michigan 1850,,"Thomas, Cowperthwait & Co.","Mitchell, S. Augustus (Samuel Augustus), 1792-1868",1850,"Thomas, Cowperthwait & Co. (Philadelphia)",Michigan--Maps,North and Central America;,,Michigan;,,,,"Washington prime meridian. ""Entered according to Act of Congress, in the year 1850, by Thomas, Cowperthwait & Co., in the clerks Office of the District Court of the Eastern District of Pennsylvania."" Includes list of steam boat routes with distances and 1 inset map of Western part of michigan [ca. 1:3,000,000]. 30. in upper right margin.",,,,cartographic image,Still Image,,Color,"1:2,000,000 (W 91--W 82/N 48--N 41)",,American Geographical Society Library - Maps,,1 map : hand color ; 34 x 27 cm.,843 B-1850,English,"American Geographical Society Library, University of Wisconsin-Milwaukee Libraries",American Geographical Society Library Digital Map Collection,https://uwm.edu/libraries/digital-collections/copyright-digcoll/,am004835,image/tif; Image/jp2,American Geographical Society Library Digital Map Collection,"Due to their file size, some maps may produce a proxy error when downloaded as a ""large"" file. In those cases, please contact us at digilib@uwm.edu to obtain a copy of the file.","A rare 1850 Cowperthwait map depicting Michigan's counties, canals, roads, and mileage.",,2016-06-30,2026-06-26,http://cdm17272.contentdm.oclc.org/cdm/ref/collection/agdm/id/267,267,260.jp2,/agdm/image/260.jp2
"Sketch of the public surveys in Michigan / Surveyor Generals Office, Detroit, November 8th, 1854",,"Michigan 1854, sketch of the public surveys",,United States. Surveyor General,,1854,"Government Printing Office (Washington, D.C.)",Michigan--Maps; Michigan--Surveys--Maps,North and Central America;,,Michigan;,,,,"Shows progress of surveys, township lines, rivers, etc.; does not show settlements or roads. Inset map: Isle Royale. Above title: G.",,,,cartographic image,Still Image,,,"1:1,140,48. 18 miles to an in. (W 90 30--W 82 22/N 48 17--N 41 52)",,American Geographical Society Library - Maps,,"1 map ; 55 x 55 cm, on sheet 62 x 60 cm.",843 B-1854,English,"American Geographical Society Library, University of Wisconsin-Milwaukee Libraries",American Geographical Society Library Digital Map Collection,https://uwm.edu/libraries/digital-collections/copyright-digcoll/,am004833,image/tif; Image/jp2,American Geographical Society Library Digital Map Collection,"Due to their file size, some maps may produce a proxy error when downloaded as a ""large"" file. In those cases, please contact us at digilib@uwm.edu to obtain a copy of the file.","An 1854 sketch map illustrates Michigan's public land survey grid and township lines bordering Lakes Superior, Michigan.",,2016-06-30,2026-06-26,http://cdm17272.contentdm.oclc.org/cdm/ref/collection/agdm/id/268,268,261.jp2,/agdm/image/261.jp2
Michigan and the Great Lakes / G.W. Boynton & Co. sc.,,Michigan and the Great Lakes 1835,,G.W. Boynton & Co.,"Bradford, T. G. (Thomas Gamaliel), 1802-1887",1835,W. D. Ticknor (Boston),Michigan--Maps; Great Lakes (North America)--Maps; Wisconsin--Maps,North and Central America;,,Michigan; Wisconsin,,,,"Relief shown pictorially. Hand colored. Prime meridians: Washington and Greenwich. Removed from: Bradford, T. G. Atlas designed to illustrate the abridgement of universal geography. Boston: W. D. Ticknor, 1835.",,,,cartographic image,Still Image,,Color,"1:5,000,000 (W92--W76/N50--N41)",,American Geographical Society Library - Maps,,1 map : color ; 19 x 26 cm.,843 A-[1835],English,"American Geographical Society Library, University of Wisconsin-Milwaukee Libraries",American Geographical Society Library Digital Map Collection,https://uwm.edu/libraries/digital-collections/copyright-digcoll/,am004834,image/tif; Image/jp2,American Geographical Society Library Digital Map Collection,"Due to their file size, some maps may produce a proxy error when downloaded as a ""large"" file. In those cases, please contact us at digilib@uwm.edu to obtain a copy of the file.",,,2016-06-30,2016-06-30,http://cdm17272.contentdm.oclc.org/cdm/ref/collection/agdm/id/273,273,267.cpd,/agdm/image/267.cpd
Carte de Tartarie : dressee sur les Relations de plusieurs Voyageurs de differentes Nations et sur quelques Observations qui ont ete faites dans ce pais la / par Guillaume Del'Isle de l'Academie Royale des Sciences A Amsterdam Chez I. Covens et C. Mortier Avec Privilege. Map of the Great Tartary. Established upon the Accounts of Several Travelers from Various Nations and Several Observations Made in that Country,,Central Asia 1757,,"Covens, Jean","Mortier, Corneille, 1699-1783; L'Isle, Guillaume de, 1675-1726",1757,"J. Covens and C. Mortier (Amsterdam, Netherlands)","Asia, Central--Maps--Early works to 1800",Asia,,,Eurasia,,,"Shows forested areas, drainage, roads, the Great Wall, etc. Relief shown by pictorially. Decorative title cartouche, depicting male figures with horses.",,,"The French cartographer Guillaume de l'Isle (1675−1726) was admitted into the French Académie Royale des Sciences when he was 27 years old and subsequently became the first person to receive the title Premier Géographe du Roi (principal geographer to the king). At the time de l’Isle was engaged in cartographic research, the prestige of a cartographer and the authority of his maps were gauged by the veracity of the cartographer’s sources, i.e., the explorers and travelers who reported details of their travels to geographers and cartographers in Europe. De l’Isle’s map covers much of Asia as well as portions of Scandinavia and of Russia east of the Ural Mountains. Vast areas depicted in the map, such as Siberia and the regions north of the Arctic Circle in Asia, were only visited by European explorers starting in the 17th century. Many of de l’Isle’s maps were reissued by the publishing house of Cornelis Mortier and Johannes Coven in Amsterdam in their Atlas Nouveau, which was published in multiple editions, the earliest of which dates to 1733. The map shown here is a later version of a map that was published in 1706, during de l’Isle’s lifetime. The map shows forested areas, drainage, and other natural features, as well as the Great Wall of China, roads, and political boundaries. Distance scales are given in French, Russian, Chinese, and Persian units of measurement. The decorative title cartouche features native male figures and horses. WDL",cartographic image,Still Image,Maps,Color,"1:11,000,000 (E 15--E 148/N 78--N 26)",,American Geographical Society Library - Maps,,1 map : hand color ; 47 x 61 cm.,494.9 A-1757,French,"American Geographical Society Library, University of Wisconsin-Milwaukee Libraries",American Geographical Society Library Digital Map Collection,https://uwm.edu/libraries/digital-collections/copyright-digcoll/,am004751,image/tif; Image/jp2,American Geographical Society Library Digital Map Collection,"Due to their file size, some maps may produce a proxy error when downloaded as a ""large"" file. In those cases, please contact us at digilib@uwm.edu to obtain a copy of the file.",Seventeenth-century map titled 'Magnae Tartariæ Tabula' depicts hypothetical Central Asian geography in early European.,,2016-06-30,2026-06-26,http://cdm17272.contentdm.oclc.org/cdm/ref/collection/agdm/id/275,275,263.jp2,/agdm/image/263.jp2
Carte du Liban d'apres les reconnaissances de la brigade topographique du corps expeditionnaire de Syria en 1860-1861. Map of Lebanon According to Reconnaissance Information Collected by the Topographical Group from the Syria Expedition of 1860-1861,,Lebanon 1862,,,"Schieble, Erhard",1862,"Lemercier (Paris, France)",Middle East--Maps,Asia;,Lebanon; Syria; Israel,,Middle East,,,"Shows part of present day Israel. Shows part of Syria with Damascus. Relief shown by hachures. Engraved by Erhard Schieble. Includes a table of population. ""Dressee au depot de la guerre."" ""Etant Directeur Le General Blondel.""  ""Sous Le Ministre De S.E. Le Marechal Comte Randon.""",,,"This map of Lebanon showing part of Syria with Damascus was made by French military cartographers in 1862. It is based on information gathered by the topographic unit in the expeditionary corps sent by France to Lebanon in 1860‒61. Lebanon was at that time part of the Ottoman Empire and the central region known as Mount Lebanon was mainly populated by Christians and Druzes. A Maronite peasant uprising in 1858 led to fighting between the two groups, which culminated in the massacre in 1860 by the Druze of about 10,000 Maronite Catholics as well as Greek Catholics and Greek Orthodox. France, exercising its traditional role as the European protector of the Christians of the Middle East, sent a force of 6,000 soldiers to Lebanon, which landed in Beirut on August 16, 1860. The troops remained in the country until June 1861 and succeeded in restoring order. The map shows district borders, cities and towns, railroads, mosques, Christian convents or monasteries, and rivers and other geographic features. Relief is shown by hachures. Heights are indicated in meters. The map has two distance scales: kilometers and nautical miles. The table in the lower right lists all of the districts of Lebanon, with their populations broken down by the seven religions represented in the region: Maronites, “schismatic Greeks” (i.e., Orthodox who recognized the authority of the Greek patriarch of Constantinople), Greek Catholics, Druze, Métoualis (an old term for Lebanese Shiites), Muslims (Sunnis), and Jews. Maronites were the largest group, accounting for 208,180 of the total population of 487,600. WDL",cartographic image,Still Image,,Color,"1:200,000 (E 35 45--E 36 30/N 35--N 33).",,American Geographical Society Library - Maps,,"1 map : color, mounted on cloth ; 90 x 68 cm.",412 B-1862,French,"American Geographical Society Library, University of Wisconsin-Milwaukee Libraries",American Geographical Society Library Digital Map Collection,https://uwm.edu/libraries/digital-collections/copyright-digcoll/,am004846,image/tif; Image/jp2,American Geographical Society Library Digital Map Collection,"Due to their file size, some maps may produce a proxy error when downloaded as a ""large"" file. In those cases, please contact us at digilib@uwm.edu to obtain a copy of the file.",c18622 map shows Lebanon's landscape and key landmarks during the Syria expedition.,,2016-06-30,2026-06-26,http://cdm17272.contentdm.oclc.org/cdm/ref/collection/agdm/id/284,284,274.jp2,/agdm/image/274.jp2
Map of the state of Michigan / compiled & drawn by S.N. Gaston from the best and most recent surveys.,,Michigan 1856,,"Gaston, S. N. (Samuel N.)",Dumcke & Keil,1856,"Gaston & Johnson (New York, NY)",Michigan--Maps,North and Central America;,,Michigan;,,,,"Shows copper mines. Relief shown by hachures. Depths shown by contours. Includes table ""Statistics of Michigan""; ""Description of Michigan""; and a list of gentlemen, surveyors, and civil engineers who contributed information.",,,,cartographic image,Still Image,,Color,"1:600,000 (W 90--W 82/N 47--N 41)",,American Geographical Society Library - Maps,,1 map : hand color ; 106 x 106 cm.,843 B-1856,English,"American Geographical Society Library, University of Wisconsin-Milwaukee Libraries",American Geographical Society Library Digital Map Collection,https://uwm.edu/libraries/digital-collections/copyright-digcoll/,"am004836, am004837, am004838, am004839",image/tif; Image/jp2,American Geographical Society Library Digital Map Collection,"Due to their file size, some maps may produce a proxy error when downloaded as a ""large"" file. In those cases, please contact us at digilib@uwm.edu to obtain a copy of the file.",,,2016-06-30,2016-06-30,http://cdm17272.contentdm.oclc.org/cdm/ref/collection/agdm/id/295,295,287.cpd,/agdm/image/287.cpd
"Part of central Asia showing the territory between Zarafshan and Amu-Daria Rivers chiefly compiled from the latest Russian documents to illustrate Mr. Delmar Morgan’s paper / H. Sharbau, R.G.S., del.  Part of Central Asia, Showing the Territory Between Zarafshan and Amu Darya Rivers, Chiefly Compiled from the Latest Russian Documents to Illustrate Mr. Delmar Morgan’s Paper",,Central Asia 1884,,Royal Geographical Society (Great Britain),"Sharbau, H. (Henry), 1822-1904",1884,Royal Geographical Society (London),"Asia, Central -- Maps",Asia;,,,,,,"Relief shown by shading and spot heights. Includes glossary of terms. ""Supplementary Papers, Royal Geographical Society, 1884.""",,,"The map depicts parts of northern Afghanistan and the protectorate of Bukhara (corresponding to portions of modern-day Tajikistan, Uzbekistan, and Kyrgyzstan). It was meant to accompany an article written by Edward Delmar Morgan (1840–1909) as a supplementary paper published by the Royal Geographical Society. Entitled “Notes on the Recent Geography of Central Asia from Russian Sources,” the paper was published in 1884. Morgan was an English explorer and author. As a young man, he lived in Saint Petersburg, where his father was a merchant, and he was fluent in Russian. He translated several notable texts dealing with travel and exploration from Russian to English. Morgan was also a longtime fellow of the Royal Geographical Society, who served on its council and contributed to its journal. The map was drawn by Henry Sharbau (1822−1904), for many years the chief cartographer of the Royal Geographical Society, and lithographed by Edward Weller (1819−84), a London-based cartographer and engraver who was the unofficial geographer of the society. WDL",cartographic image,Still Image,Maps,Color,"1:880,000 1 in. = 13.8 miles. (E 065 45' 0""--E 072 30' 00""/N 40 00' 00""--N 36 30' 00"")",,American Geographical Society Library - Maps,,"1 map : color ; 43 x 67 cm, on sheet 50 x 71 cm",494.9 A-1884,English,"American Geographical Society Library, University of Wisconsin-Milwaukee Libraries",American Geographical Society Library Digital Map Collection,https://uwm.edu/libraries/digital-collections/copyright-digcoll/,am004737,image/tif; Image/jp2,American Geographical Society Library Digital Map Collection,"Due to their file size, some maps may produce a proxy error when downloaded as a ""large"" file. In those cases, please contact us at digilib@uwm.edu to obtain a copy of the file.",An 1884 Royal Geographical Society map of Central Asia depicts the region between the Zarafshan and Amu-Daria Rivers based.,,2016-06-30,2026-06-26,http://cdm17272.contentdm.oclc.org/cdm/ref/collection/agdm/id/300,300,292.jp2,/agdm/image/292.jp2
"Whale chart (preliminary sketch) 1851 / By M.F. Maury, A.M. Lieut., U.S. Navy; constructed by Lts. Leigh. Herndon & Fleming & Pd. Midn. Jackson ; published at the National Observatory by authority of Commodore L. Warrington, Chief Bureau of Ordnance & Hydrography. Wind and current chart.",,World 1851,,"Maury, Matthew Fontaine, 1806-1873",,1851,"National Observatory (Washington, D.C.)",Whales -- Maps; Whaling -- Maps; Sperm whales -- Maps; World maps;  Right whales--Maps; World maps--Maps,,,,,,,"""Preliminary sketch. Series F."" Shows best whale fishing locations for four species by season. Page number ""78"" in upper left margin.",,,,cartographic image,Still Image,Maps,Grayscale,"1:46,000,000 at the equator] (W 30°00'--W 30°00'/N 80°00'--S 70°00')",,American Geographical Society Library - Maps,,1 map ; 60 x 94 cm,700 L-1851,English,"American Geographical Society Library, University of Wisconsin-Milwaukee Libraries",American Geographical Society Library Digital Map Collection,https://uwm.edu/libraries/digital-collections/copyright-digcoll/,am004591,image/tif; Image/jp2,American Geographical Society Library Digital Map Collection,"Due to their file size, some maps may produce a proxy error when downloaded as a ""large"" file. In those cases, please contact us at digilib@uwm.edu to obtain a copy of the file.","An 1851 map tracks sperm and right whale migration routes from 30°W to 30°E, 80°N to 70°S.",,2016-06-30,2026-06-26,http://cdm17272.contentdm.oclc.org/cdm/ref/collection/agdm/id/322,322,316.jp2,/agdm/image/316.jp2
"Map of the Department of Peten, Guatemala / from surveys and notes by Russell Hastings Millward, F.R.G.S.",,"Peten, Guatemala 1913",,"Millward, Russell Hastings. 1877-",,1913,[U.S. State Dept.?],Petén (Guatemala : Dept.)--Maps; Maps;,North and Central America;,Guatemala;,Peten;,,,,"""July 1913.""",,,,cartographic image,Still Image,,,"1:300,000 ; (W 91°26'00""--W 89°08'00""/N 17°48'00""--N 16°01'00"")",,American Geographical Society Library - Maps,,1 map ; 76 x 89 cm.,221-c .P47 A-1913,English,"American Geographical Society Library, University of Wisconsin-Milwaukee Libraries",American Geographical Society Library Digital Map Collection,https://uwm.edu/libraries/digital-collections/copyright-digcoll/,am013040,image/tif; Image/jp2,American Geographical Society Library Digital Map Collection,"Due to their file size, some maps may produce a proxy error when downloaded as a ""large"" file. In those cases, please contact us at digilib@uwm.edu to obtain a copy of the file.","This 1913 historical map of Guatemala's Peten Department shows rivers and boundaries at a 1:300,000 scale.",,2016-06-30,2026-06-26,http://cdm17272.contentdm.oclc.org/cdm/ref/collection/agdm/id/1958,1958,1950.jp2,/agdm/image/1950.jp2
North Africa or Barbary I: Marocco / published under the superintendence of the Society for the Diffusion of Useful Knowledge by Baldwin & Cradock ; engraved by J. & C. Walker. Plan of the city of Marocco,,Northern Africa 1836,Maps for the Society for the Diffusion of Useful Knowledge 1844,Society for the Diffusion of Useful Knowledge (Great Britain),J. & C. Walker (Firm) Baldwin & Cradock;,1836,Baldwin & Cradock,Morocco--Maps; Marrakech (Morocco)--Maps;,Africa;,,,,,,"Relief shown by hachures and spot heights. Includes indexed inset map: Plan of the city of Marocco. Scale [ca. 1:31,000]. ""April 1st, 1836.""",,,,cartographic image,Still Image,,Color,"1:2,900,000 (W 13°--W 1°/N 36°--N 28°)",,American Geographical Society Library - Maps,,1 map : hand color ; 31 x 38 cm.,(AGS)  310 B-1836,English,"American Geographical Society Library, University of Wisconsin-Milwaukee Libraries",American Geographical Society Library Digital Map Collection,https://uwm.edu/libraries/digital-collections/copyright-digcoll/,am013389,image/tif; Image/jp2,American Geographical Society Library Digital Map Collection,"Due to their file size, some maps may produce a proxy error when downloaded as a ""large"" file. In those cases, please contact us at digilib@uwm.edu to obtain a copy of the file.","Map titled 'North Africa or Barbary I: Marocco' from 1836 shows provinces, cities, and Marrakech's plan, published.",,2016-06-30,2026-06-26,http://cdm17272.contentdm.oclc.org/cdm/ref/collection/agdm/id/2011,2011,2003.jp2,/agdm/image/2003.jp2
"U.S. Air Force physical-political chart of the world / U.S. Air Force, Aeronautical Chart and Information Center",,World 1961,GHa (Aeronautical Chart and Information Center (U.S.)) ; 2a,Aeronautical Chart and Information Center (U.S.),,1961,Aeronautical Chart and Information Center (U.S.),Physical geography--Maps; Political geography--Maps; World maps; World maps;,,,,,,,"Relief shown by shading and gradient tints. Depths shown by bathymetric tints. Shows airline distances. Arctic Ocean at the center. ""December 1961."" ""Base 100.""",,,,cartographic image,Still Image,Maps,Color,"1:50,000,000 ; Stereographic proj. (W 180°--E 180°/N 90°--S 60°).",,American Geographical Society Library - Maps,,1 map : color ; 51 x 59 cm,050 A-1961,English,"American Geographical Society Library, University of Wisconsin-Milwaukee Libraries",American Geographical Society Library Digital Map Collection,https://uwm.edu/libraries/digital-collections/copyright-digcoll/,am003860,image/tif; Image/jp2,American Geographical Society Library Digital Map Collection,"Due to their file size, some maps may produce a proxy error when downloaded as a ""large"" file. In those cases, please contact us at digilib@uwm.edu to obtain a copy of the file.","A 1961 U.S. Air Force map shows mondiale, political borders, terrain, and oceans with shaded relief in 1:50M scale-turned.",,2016-06-30,2026-06-26,http://cdm17272.contentdm.oclc.org/cdm/ref/collection/agdm/id/2012,2012,2004.jp2,/agdm/image/2004.jp2
"Atlantic Ocean, Azores, or Western Isles / surveyed by Captn. A.T.E. Vidal R.N., 1843,4",,Azores Islands 1896,,Great Britain. Hydrographic Office,"Vidal, A. T. E. (Alexander Thomas Emeric), 1792-1863; Great Britain. Admiralty; J. & C. Walker (Firm)",1896,Great Britain. Hydrographic Office,Azores--Maps; North Atlantic Ocean--Navigation; Adopt-a-Map;,Europe;,Portugal,,,,,"Annotated in pencil indicating routes. Stamped: ""Allison V. Armour, Yacht Utowana."" Relief shown by hachures and spot heights. Depths shown by isolines and soundings. ""J. & C. Walker, Sculpt.""--Lower right margin. ""Published according to Act of Parliament ... July 26th 1849. Large corrections August 1867. Small corrections XIIl-80, VI-93, VIII-96."" ""Soundings in fathoms, figures on the land show height in feet."" ""[Chart] 1950""--Lower right margin. This map has been conserved through the generosity of RoseMary Oliveira, 2012 through the Adopt-a-Map program.  Acquired by gift Oct. 8, 1918 from Allison V. Armour. In the minutes of the November 7, 1918 AGS Council meeting, Allison Armour was thanked for his donation of 433 Admiralty Charts to the Society. ""These charts fill many gaps in the collections of the Society and are of special value at this time on account of their frequent use by the Government Commisssion now established temporarily in the house of the Society."" It is likely that Armour's maps were consulted by the delegates for the Inquiry to the Peace Conference at Versailles, 1918-1919.",,,,cartographic image,Still Image,,Grayscale,"1:975,000 ; (W 31°30ʹ--W 24°30ʹ/N 40°00ʹ--N 36°15ʹ)",,American Geographical Society Library - Maps,,1 map : annotated ; 45 x 62 cm.,HO Chart 1950 1896,English,"American Geographical Society Library, University of Wisconsin-Milwaukee Libraries",American Geographical Society Library Digital Map Collection,https://uwm.edu/libraries/digital-collections/copyright-digcoll/,am013248,image/tif; Image/jp2,American Geographical Society Library Digital Map Collection,"Due to their file size, some maps may produce a proxy error when downloaded as a ""large"" file. In those cases, please contact us at digilib@uwm.edu to obtain a copy of the file.",An 1896 nautical map labeling the Azores' western group islands in the North Atlantic.,,2016-06-30,2026-06-26,http://cdm17272.contentdm.oclc.org/cdm/ref/collection/agdm/id/2013,2013,2005.jp2,/agdm/image/2005.jp2
Carte du réseau fluvial navigable de l'Afrique equatoriale française / Gouvernement général de l'Afrique equatoriale française,,Central Africa 1925,,,,1925,French Equatorial Africa,"Rivers--Africa, Central--Maps; Africa, French-speaking Equatorial--Maps; Africa, Central--Maps;",Africa;,,,,,,Relief shown by spot heights.,,,,cartographic image,Still Image,,Color,"1:3,000,000 (E 10°--E 25°/N 15°--S 5°)",,American Geographical Society Library - Maps,,1 map : color ; 97 x 70 cm.,339 A-1925,,"American Geographical Society Library, University of Wisconsin-Milwaukee Libraries",American Geographical Society Library Digital Map Collection,https://uwm.edu/libraries/digital-collections/copyright-digcoll/,am008294,image/tif; Image/jp2,American Geographical Society Library Digital Map Collection,"Due to their file size, some maps may produce a proxy error when downloaded as a ""large"" file. In those cases, please contact us at digilib@uwm.edu to obtain a copy of the file.",A 1925 map marks French Equatorial Africa's rivers and regional borders.,,2016-06-30,2026-06-26,http://cdm17272.contentdm.oclc.org/cdm/ref/collection/agdm/id/2738,2738,2719.jp2,/agdm/image/2719.jp2
Overland route to India / the map drawn & engraved by J. Rapkin ; the illustrations by H. Warren & engraved by J.H. Kernot,,Europe to India 1851,,"Rapkin, J.,","Warren, H. (Henry) ; Kernot, J. H.",1851,,Trade routes -- Eastern Hemisphere -- Maps; Europe -- Maps; India -- Maps; Middle East -- Maps;,Asia;,India;,,,,,"Date of publication based on date of atlases.; Relief shown by hachures.; Lower map shows India and the Middle East and upper map shows Europe.; Includes inset illustrations of the Post Office, London; Malta; Gibraltar; Suez; Bombay; Madras; and Aden.; Appears in: Illustrated atlas and modern history of the world : geographical, political, commercial & statistical / edited by R. Montgomery Martin. -- London ; New York : J & F Tallis, [1857?].; Appears in: Tallis's illustrated atlas and modern history of the world : geographical, political, commercial & statistical / edited by R. Montgomery Martin. -- London ; New York : Published by John Tallis and Company, 1851.; Scale not given on maps; scale estimated by measurement of degree of latitude.",,,,cartographic image,Still image,,Color;,"Approximately 1:21,000,000 (W 17°--E 40°/N 58°--N 27°). Approximately 1:25,000,000 (E 32°--E 89°/N 38°--N 4°).",,American Geographical Society Library - Maps,,"2 maps on 1 sheet : color ; 15 x 21.5 cm and 13.6 x 21.5 cm, sheet 36.7 x 26.5 cm",430 D-[1851],,"American Geographical Society Library, University of Wisconsin-Milwaukee Libraries",University of Wisconsin-Milwaukee Libraries,https://uwm.edu/libraries/digital-collections/copyright-digcoll/,am014377,image/tif; Image/jp2,American Geographical Society Library Digital Map Collection,"Due to their file size, some maps may produce a proxy error when downloaded as a ""large"" file. In those cases, please contact us at digilib@uwm.edu to obtain a copy of the file.","A historic map traces a land trade route from London across Europe, through Persia, to India.",,2018-01-09,2026-06-26,http://cdm17272.contentdm.oclc.org/cdm/ref/collection/agdm/id/14284,14284,14289.jp2,/agdm/image/14289.jp2
"The ""South Africa"" Map of Central and South Africa 1919",,South Africa Map 1919,,South Africa (newspaper),,1919,London : South Africa,"Africa, Southern -- Maps; Africa, Central -- Maps;",Africa;,South Africa;,,,,,"""Published by authority at the offices of ""South Africa,"" 83, Bishopsgate, London, E.C.2."" Inset maps: Africa showing the East Coast Route & the Cape-to-Cairo Railway -- enlarged local maps. Map surrounded by trade advertising.","""Maps in the News,"" Exhibit Spring 2024",,,cartographic image,Still image,Maps,Color;,"approximately 1:5,068,800 (E 12°--E 40°/N 3°--S 35°).",,American Geographical Society Library - Maps,,"1 map : color, mounted on linen ; 93 x 70 cm, on sheet 130 x 97 cm, folded to 22 x 12 cm",370 B-1919,English,"American Geographical Society Library, University of Wisconsin-Milwaukee",American Geographical Society Library Digital Map Collection,The Board of Regents of the University of Wisconsin System,agsmap028719,image/tif; Image/jp2,American Geographical Society Library Digital Map Collection,"Due to their file size, some maps may produce a proxy error when downloaded as a ""large"" file. In those cases, please contact us at digilib@uwm.edu to obtain a copy of the file.",,,2021-10-13,2024-02-26,http://cdm17272.contentdm.oclc.org/cdm/ref/collection/agdm/id/30479,30479,30483.cpd,/agdm/image/30483.cpd
Tourist Map of the Republic of South Africa,,South Africa Tourist Map 1962,,"Map Studio Productions, pty. ltd.",South African Tourist Corporation.,1962?,Pretoria : South African Tourist Corporation,South Africa -- Maps; Namibia -- Maps; Namibia; South Africa;,Africa;,South Africa,Republic of South Africa,,,,"Relief shown by shading and spot heights. Shows roads (5 types), railways, distances, air routes, hotels, caravan sites, national parks, reserves, dams, spas, points of interest, passes, and international and provincial boundaries. Map incorporates illustrations of wildlife, people, landscapes, recreation, and ships. Insets: [Johannesburg and vicinity : highway map] -- Cape Peninsula -- Natal south coast. On verso: indexes, text, directory of the South African Tourist Corporation, and a map of South West Africa. Location map on panel.",,,,cartographic image,Still image,Maps,Color;,"1:3,117,600 (E 14°--E 33°/S 21°--S 35°).",,American Geographical Society Library - Maps,,1 map : color ; 63 x 83 cm,370 A-[1962],English,"American Geographical Society Library, University of Wisconsin-Milwaukee",American Geographical Society Library Digital Map Collection,The Board of Regents of the University of Wisconsin System,agsmap028720 (a-b),image/tif; Image/jp2,American Geographical Society Library Digital Map Collection,"Due to their file size, some maps may produce a proxy error when downloaded as a ""large"" file. In those cases, please contact us at digilib@uwm.edu to obtain a copy of the file.",,,2021-10-13,2021-10-18,http://cdm17272.contentdm.oclc.org/cdm/ref/collection/agdm/id/30482,30482,30487.cpd,/agdm/image/30487.cpd
Standard Railway Map of South Africa/ Standaard Spoorwegkart van Zuid/Afrika,,South Africa Railway Map 1914,,South Africa. Surveyor-General.,,1914,Pretoria South Africa : Government Printing Works,Railroads -- South Africa -- Maps; South Africa -- Maps;,Africa;,South Africa,,,,,"Includes 3 inset maps: Johannesburg and surroundings -- Capetown and surroundings -- Durban-P'Maritzburg and surroundings. Loaned by the American Geographical Society to the Peace Conference at Versailles, 1918-1919.",,,,cartographic image,Still image,Maps,Color;,"1:3,500,000 (E 18°--E 36°/S 15°--S 35°).",,American Geographical Society Library - Maps,,"1 map : color, mounted on linen ; 68 x 51 cm",370 D-1914,English; Afrikaans;,"American Geographical Society Library, University of Wisconsin-Milwaukee",American Geographical Society Library Digital Map Collection,The Board of Regents of the University of Wisconsin System,agsmap028722,image/tif; Image/jp2,American Geographical Society Library Digital Map Collection,"Due to their file size, some maps may produce a proxy error when downloaded as a ""large"" file. In those cases, please contact us at digilib@uwm.edu to obtain a copy of the file.","Detailed 1914 South African railway map shows lines in Transvaal, Orange Free State, and Cape Colony.",,2021-10-13,2026-06-26,http://cdm17272.contentdm.oclc.org/cdm/ref/collection/agdm/id/30483,30483,30484.jp2,/agdm/image/30484.jp2
Ulaanbaatar / Redaktor G. Su̇rėn ; Tekhnikiĭn redaktor L. Mȯnkhbat.,,"Ulaanbaatar, Mongolia 1986",,"Mongolia. Ulsyn Geodezi, Zurag Zu̇ĭn Gazar. Mongolia. Улсын Геодези, Зураг Зүйн Газар",,1986,"Ulaanbaatar : BNMAU-yn Barilga--Arkhitektur, Tekhnik, Khi︠a︡naltyn Ulsyn Khotoony Kharʹi︠a︡a, Ulsyn Geodezi, Zurag Zu̇ĭn Gazar Улаанбаатар : БНМАУ-ын Барилга--Архитектур, Техник, Хяналтын Улсын Хотооны Харьяа, Улсын Геодези, Зураг Зүйн Газар",Ulaanbaatar (Mongolia) -- Maps; Central business districts -- Mongolia -- Ulaanbaatar -- Maps; Mongolia -- Ulaanbaatar;,Asia;,Mongolia,,Tuul River Valley,,Ulaanbaatar,"Shows wards. Includes 2 insets and street index. Text, city center map, index to points of interest, and ill. on verso. Inset maps: Ulaanbaatar khotyn duȯȯrėg -- Ulaanbaatar khotyn Tu̇vsėg. ""Zakhialga no. 117.""",,,,cartographic image,Still image,Maps,Color;,. (E 106°21ʹ00ʺ--E 108°29ʹ00ʺ/N 48°15ʹ00ʺ--N 47°17ʹ00ʺ).,,American Geographical Society Library - Maps,,"1 map : color ; 42 x 64 cm, folded to 23 x 12 cm",463-c .U42 A-1986,Mongolian,"American Geographical Society Library, University of Wisconsin-Milwaukee",American Geographical Society Library Digital Map Collection,The Board of Regents of the University of Wisconsin System,agsmap028744 (a-b),image/tif; Image/jp2,American Geographical Society Library Digital Map Collection,"Due to their file size, some maps may produce a proxy error when downloaded as a ""large"" file. In those cases, please contact us at digilib@uwm.edu to obtain a copy of the file.",,,2021-10-18,2021-10-20,http://cdm17272.contentdm.oclc.org/cdm/ref/collection/agdm/id/30572,30572,30581.cpd,/agdm/image/30581.cpd
"Mount Everest region / compiled and drawn by the Royal Geographical Society ; G.S. Holland, chief draughtsman.",,Mount Everest 1975,,Royal Geographical Society (Great Britain) corporate author.,"Holland, G. S.",1975,London : Royal Geographical Society,"Everest, Mount (China and Nepal) -- Maps; Asia -- Mount Everest Region;",Asia;,Nepal; Tibet;,,,,,"Relief shown by contours, shading, spot heights, and land form drawings. Includes glossaries of Nepali, Tibetan, and Sherpa terms.",,,,cartographic image,Still image,Maps,Color;,"1:100,000 ; Lambert projection (E 86°32ʹ--E 87°14ʹ/N 28°14ʹ--N 27°40ʹ).",,American Geographical Society Library - Maps,,1 map : color ; 65 x 75 cm,435-c .M6E9 A-1975,English,"American Geographical Society Library, University of Wisconsin-Milwaukee",American Geographical Society Library Digital Map Collection,The Board of Regents of the University of Wisconsin System,agsmap028752,image/tif; Image/jp2,American Geographical Society Library Digital Map Collection,"Due to their file size, some maps may produce a proxy error when downloaded as a ""large"" file. In those cases, please contact us at digilib@uwm.edu to obtain a copy of the file.","A 1975 Royal Geographical Society map displays Mount Everest's terrain with glaciers, rivers, and elevation contours.",,2021-10-18,2026-06-26,http://cdm17272.contentdm.oclc.org/cdm/ref/collection/agdm/id/30579,30579,30572.jp2,/agdm/image/30572.jp2
"Cooke's new map of the state of North Carolina : constructed from actual surveys, private contributions & authentic public documents procured for the purpose under a special resolution of the General Assembly of the state / by William D. Cooke, Principal of the North Carolina School for the deaf & dumb and the blind ; Engraved, printed and mounted by J.H. Colton & Co.",,Cooke North Carolina 1857,,"Cooke, William D. (William Dewey), 1811-1885.",North Carolina. General Assembly.   J.H. Colton & Co.,1857,New York : J.H. Colton & Co.,Atlantic and North Carolina Railroad Company;  North Carolina Railroad Company;  Western North Carolina Railroad Company;  Railroads -- North Carolina -- Maps;  North Carolina -- Maps;  North Carolina;,North and Central America;,,North Carolina,,,,,,,,cartographic image,Still image,Maps,Color;,"[1:507,000]. 1 in. = 8 miles (W 84°30ʹ--W 75°30ʹ/N 37°30ʹ--N 33°30ʹ).",,American Geographical Society Library - Maps,,1 map on 4 sheets : color ; sheets 61 x 91 cm or smaller,863 B-1857,English,"American Geographical Society Library, University of Wisconsin-Milwaukee",American Geographical Society Library Digital Map Collection,The Board of Regents of the University of Wisconsin System,agsmap028723 (s1-s4),image/tif; Image/jp2,American Geographical Society Library Digital Map Collection,"Due to their file size, some maps may produce a proxy error when downloaded as a ""large"" file. In those cases, please contact us at digilib@uwm.edu to obtain a copy of the file.",,,2021-10-18,2021-10-18,http://cdm17272.contentdm.oclc.org/cdm/ref/collection/agdm/id/30589,30589,30593.cpd,/agdm/image/30593.cpd
Kathmandu City.,,Nepal 1974,,Nepal. Department of Tourism.,Nepal. Department of Tourism.,1974,Kathmandu : Dept. of Tourism,Kathmandu (Nepal) -- Maps; Nepal -- Kathmandu;,Asia;,Nepal;,,,,Kathmandu;,"Some places of interested depicted pictorially. Includes illustrations, index to places of interest and inset map: Darbar Square & surrounding area. Text, directories to tourist places of interest, illustrations and indexed pictorial map: Kathmandu Valley on verso.",,,,cartographic image,Still image,Maps,Color;,(E 85°19ʹ/N 27°42ʹ).,,American Geographical Society Library - Maps,,"1 map : color ; 45 x 55 cm, folded to 26 x 13 cm",435-d .K37 A-1974,English,"American Geographical Society Library, University of Wisconsin-Milwaukee",American Geographical Society Library Digital Map Collection,The Board of Regents of the University of Wisconsin System,agsmap028755 (a-b),image/tif; Image/jp2,American Geographical Society Library Digital Map Collection,"Due to their file size, some maps may produce a proxy error when downloaded as a ""large"" file. In those cases, please contact us at digilib@uwm.edu to obtain a copy of the file.",,,2021-10-18,2021-12-01,http://cdm17272.contentdm.oclc.org/cdm/ref/collection/agdm/id/30592,30592,30596.cpd,/agdm/image/30596.cpd
"Nepal landcover indications derived from Landsat imagery / prepared by Ministry for Economic Cooperation, Federal Republic of Germany and the World Bank, 1980 [for] Nepal Remote Sensing Centre [and] Department of Soil Conservation and Watershed Management ; cartography and printing by Williams and Heintz Map Corp., Washington, D.C. ; compilation, design, and supervision by W. Drewes and K. Willet, Resource Planning Unit, Agriculture and Rural Development Department, World Bank.",,Nepal 1981,,Germany (West). Bundesministerium für Wirtschaftliche Zusammenarbeit,World Bank.  Nepal Remote Sensing Centre.  Nepal. Department of Soil Conservation and Watershed Management.,1981,"Washington, D.C. : World Bank",Nepal -- Maps; Nepal;,Asia;,Nepal;,,,,,"Relief shown by spot heights. ""The Universal transverse Mercator (UTM) grid overlay is based on the Everest geodetic system."" Includes location map, ""Stereoscopic pair of the Kathmandu Valley images,"" and list of ""Town names in Nepali.""",,,,cartographic image,Still image,Maps,Color;,"1:500,000. 1 in. equals approx. 8 miles (E 80°--E 88°/N 31°--N 26°).",,American Geographical Society Library - Maps,,"1 map on 2 sheets : color ; 72 x 170 cm, sheets 78 x 95 cm",435 J-1981,English,"American Geographical Society Library, University of Wisconsin-Milwaukee",American Geographical Society Library Digital Map Collection,The Board of Regents of the University of Wisconsin System,agsmap028756 (001-002),image/tif; Image/jp2,American Geographical Society Library Digital Map Collection,"Due to their file size, some maps may produce a proxy error when downloaded as a ""large"" file. In those cases, please contact us at digilib@uwm.edu to obtain a copy of the file.",,,2021-10-18,2021-12-01,http://cdm17272.contentdm.oclc.org/cdm/ref/collection/agdm/id/30598,30598,30602.cpd,/agdm/image/30602.cpd
The geology of the Mount Everest region / from the surveys of A.M. Heron,,Mount Everest Region 1922,,"Heron, Alexander Macmillan",,1922,London : Royal Geographical Society,"Geology -- Everest, Mount (China and Nepal) -- Maps; Everest, Mount Region(China and Nepal) -- Maps; Asia -- Mount Everest Region;",Asia;,Nepal;,,,,,"The Geographical journal, June 1922. Relief shown by hachures and spot heights. ""Mt Everest expedition. Map III, Geology."" ""The topography from map I."" From: Geographical journal, no. 6, June, 1922.",,,,cartographic image,Still image,Maps,Color;,"1:750,000. 1 in = 11.84 stat. miles (E 85°30ʹ--E 89°30ʹ/N 29°30ʹ--N 27°30ʹ)",,American Geographical Society Library - Maps,,1 map : color ; 30 x 51 cm,435-c .M6E9 G-1922,English,"American Geographical Society Library, University of Wisconsin-Milwaukee",American Geographical Society Library Digital Map Collection,The Board of Regents of the University of Wisconsin System,agsmap028764,image/tif; Image/jp2,American Geographical Society Library Digital Map Collection,"Due to their file size, some maps may produce a proxy error when downloaded as a ""large"" file. In those cases, please contact us at digilib@uwm.edu to obtain a copy of the file.",A 1922 geological map of the Mount Everest area uses color coding to display rock formations and terrain types.,,2021-10-20,2026-06-26,http://cdm17272.contentdm.oclc.org/cdm/ref/collection/agdm/id/30604,30604,30609.jp2,/agdm/image/30609.jp2
"Mahalangur Himal, Chomolongma-Mount Everest / Kartographische Anstalt Freytag-Berndt und Artaria ; edited by Deutschen Alpenverein, Österreichischen Alpenverein und Deutschen Forschungsgemeinschaft 1957.",[19]62 [edition],Mount Everest Region 1957,,Kartographische Anstalt Freytag-Berndt und Artaria.,,1962,Germany : Kartographische Anstalt Freytag-Berndt und Artaria,"Everest, Mount (China and Nepal) -- Maps; Everest, Mount, Region (China and Nepal) -- Maps; Asia -- Mount Everest Region;",Asia;,Nepal; Tibet;,,Mount Everest,,,"""62"" -- lower left corner. Relief shown by contours, shading, and spot heights. Includes notes, insets of general map of Himalaya, Karakorum ranges, metric conversion table, and location map. Removed from: ""Mount Everest : formation, population and exploration of the Everest region"" by Toni Hagen, 1963. Oxford University Press, London.",,,,cartographic image,Still image,Maps,Color;,"1:25,000 (E 86°50ʹ--E 86°55ʹ/N 28°00ʹ--N 27°55ʹ)",,American Geographical Society Library - Maps,,"1 map : color ; 76 x 87 cm, on sheet 81 x 100 cm",435-c .M6E9 A-[1962],English; German;,"American Geographical Society Library, University of Wisconsin-Milwaukee",American Geographical Society Library Digital Map Collection,The Board of Regents of the University of Wisconsin System,agsmap028767 (c1-c2),image/tif; Image/jp2,American Geographical Society Library Digital Map Collection,"Due to their file size, some maps may produce a proxy error when downloaded as a ""large"" file. In those cases, please contact us at digilib@uwm.edu to obtain a copy of the file.",,,2021-10-20,2021-12-01,http://cdm17272.contentdm.oclc.org/cdm/ref/collection/agdm/id/30610,30610,30617.cpd,/agdm/image/30617.cpd
"Mount Everest photographic survey, preliminary map in three sheets / published under the direction of Colonel C.H.D. Ryder.",Season 1921,Mount Everest Region 1991,,Survey of India,"Ryder, C. H. D., contributor. Royal Geographical Society (Great Britain), current owner.",1922,Dehra Dun : Survey of India,"Everest, Mount (China and Nepal) -- Maps; Makalu, Mount (China and Nepal) -- Maps; Himalaya Mountains -- Maps;",Asia;,Nepal; Tibet;,,Mount Everest,,,"Shows: glaciers, paths, survey points. Relief shown by contours and spot heights. ""Reg. no. 1442 D.D.D. 1922 S. I. 130."" ""Cho Oyu"" (west sheet) has paste over correction (30 x 15 cm). ""Cho Oyu"" (west sheet) -- ""Everest"" (centre sheet) -- ""Makālu"" (east sheet).",,,,cartographic image,Still image,Maps,Color;,"1:63,360. 1 in. to a mile; polyconic projection. (E 86°55ʹ--E 87°15ʹ/N 28°10--N 27°55ʹ)",,American Geographical Society Library - Maps,,3 maps on 3 sheets : color ; 60 x 58 cm or smaller,435-c .M6E9 A-1922,English,"American Geographical Society Library, University of Wisconsin-Milwaukee",American Geographical Society Library Digital Map Collection,The Board of Regents of the University of Wisconsin System,agsmap028766 (001-003),image/tif; Image/jp2,American Geographical Society Library Digital Map Collection,"Due to their file size, some maps may produce a proxy error when downloaded as a ""large"" file. In those cases, please contact us at digilib@uwm.edu to obtain a copy of the file.",,,2021-10-20,2021-12-01,http://cdm17272.contentdm.oclc.org/cdm/ref/collection/agdm/id/30614,30614,30621.cpd,/agdm/image/30621.cpd
"The Mount Everest region / Drawing Office, Royal Geographical Society.",,Mount Everest Region 1961,,Royal Geographical Society (Great Britain). Drawing Office,,1961,London : Royal Geographical Society,"Everest, Mount, Region (China and Nepal) -- Maps; Everest, Mount (China and Nepal) -- Maps; Asia -- Mount Everest; Asia -- Mount Everest Region;",Asia;,Nepal; Tibet;,,Mount Everest,,,"Relief shown by contours, shading, and spot heights. ""Compiled and drawn in the Drawing Office, Royal Geographical Society, G.S. Holland, chief draughtsman and published with the assistance of Mount Everest Foundation."" Includes source notes and glossary of Nepali and Tibetan terms.",,,,cartographic image,Still image,Maps,Color;,1:100000 (E 86°40ʹ--E 87°10ʹ/N 28°10ʹ--N 27°50ʹ),,American Geographical Society Library - Maps,,1 map : color ; 71 x 73 cm,435-c .M6E9 A-1961,English,"American Geographical Society Library, University of Wisconsin-Milwaukee",American Geographical Society Library Digital Map Collection,The Board of Regents of the University of Wisconsin System,agsmap028768,image/tif; Image/jp2,American Geographical Society Library Digital Map Collection,"Due to their file size, some maps may produce a proxy error when downloaded as a ""large"" file. In those cases, please contact us at digilib@uwm.edu to obtain a copy of the file.","A 1961 Everest region map displays elevations, mountain ranges, and glacial features in China and Nepal.",,2021-10-20,2026-06-26,http://cdm17272.contentdm.oclc.org/cdm/ref/collection/agdm/id/30615,30615,30613.jp2,/agdm/image/30613.jp2
The Kingdom of Bhutan / by Pradyumna P. Karan ; cartography by James E. Queen ; shaded relief by Eugene E. Zang.,,Bhutan 1965,"Contained in (work): Association of American Geographers Annals of the Association of American Geographers Philadelphia, Pa, Taylor & Francis Group volumes illustrations, plates, portrait, maps (some folded) 27 cm","Karan, Pradyumna P. (Pradyumna Prasad)","Queen, James E.  Zang, Eugene E.  Association of American Geographers.",1965,"Lawrence, Kansas : Association of American Geographers",Bhutan -- Maps; Bhutan;,Asia;,Bhutan;,,,,,"Relief shown by shading and spot heights. ""Copyright © by P.P. Karan."" Issued with text: Annals of the Association of American Geographers, v. 55, no. 4, December 1965. Includes reliability diagram and location map.",,,,cartographic image,Still image,Maps,Color;,"1:253,440 ; Albers conical equal-area projection (E 88°44ʹ--E 92°07ʹ/N 28°21ʹ--N 26°42ʹ)",,American Geographical Society Library - Maps,,1 map : color ; 78 x 137 cm,437 A-1965a,English,"American Geographical Society Library, University of Wisconsin-Milwaukee",American Geographical Society Library Digital Map Collection,The Board of Regents of the University of Wisconsin System,agsmap028769,image/tif; Image/jp2,American Geographical Society Library Digital Map Collection,"Due to their file size, some maps may produce a proxy error when downloaded as a ""large"" file. In those cases, please contact us at digilib@uwm.edu to obtain a copy of the file.",A 1965 topographic map of Bhutan shows shaded relief and labeled major mountain ranges in an Alps-style design.,,2021-10-20,2026-06-26,http://cdm17272.contentdm.oclc.org/cdm/ref/collection/agdm/id/30617,30617,30614.jp2,/agdm/image/30614.jp2
"Portions of Virginia and North Carolina, embracing Richmond & Lynchburg, Va. and Goldsboro & Salisbury, N.C. / compiled in the Engineer Bureau, War Department, for military purposes.",,United States 1864,,United States. War Department. Engineer Bureau,,1864,N.Y. : J. Schedler,Virginia -- Maps; North Carolina -- Maps; North Carolina; Virginia;,North and Central America;,,,,,,"Relief shown by hachures. General map extending from Richmond, Virginia, south to Fayetteville, North Carolina. Description derived from published bibliography. Differs from similar edition in that the title is missing the oval border and an engineers graphic is to the left of the title information.",,,,cartographic image,Still image,Maps,Grayscale;,"1:350,000 (W 80°30'--W 77°30'/N 37°30'--N 35°)",,American Geographical Society Library - Maps,,1 map ; 83 x 100 cm,863 A-1864,English,"American Geographical Society Library, University of Wisconsin-Milwaukee",American Geographical Society Library Digital Map Collection,The Board of Regents of the University of Wisconsin System,agsmap028785,image/tif; Image/jp2,American Geographical Society Library Digital Map Collection,"Due to their file size, some maps may produce a proxy error when downloaded as a ""large"" file. In those cases, please contact us at digilib@uwm.edu to obtain a copy of the file.","An 1864 U.S. military map highlights Virginia and North Carolina regions around Richmond, Lynchburg, Goldsboro.",,2021-10-22,2026-06-26,http://cdm17272.contentdm.oclc.org/cdm/ref/collection/agdm/id/30642,30642,30636.jp2,/agdm/image/30636.jp2
Enlarged map of the coast from New York Harbor to Cape Fear,,"Cape Fear, New Jersey 1879",,,,1879,"Washington, D.C. : Chief of Engineers",Shipping -- United States -- Maps; Harbors -- United States -- Maps; Inland water transportation -- United States -- Maps; Inland navigation -- United States -- Maps;,North and Central America;,United States,North Carolina;,Cape Fear,,,"Issued with Map showing the locations of works and surveys for river and harbor improvement (Washington : Chief of Engineers, 1879). Prime meridian: Washington .",,,,cartographic image,Still image,Maps,Grayscale;,"[ca. 1:870,000] (W 78°15ʹ--W 74°00ʹ/N 41°00ʹ--N 33°50ʹ)",,American Geographical Society Library - Maps,,"1 map in 2 sections ; 100 x 30 cm, on sheet 62 x 82 cm",863-c .C62 A-[1879],English,"American Geographical Society Library, University of Wisconsin-Milwaukee",American Geographical Society Library Digital Map Collection,The Board of Regents of the University of Wisconsin System,agsmap028783,image/tif; Image/jp2,American Geographical Society Library Digital Map Collection,"Due to their file size, some maps may produce a proxy error when downloaded as a ""large"" file. In those cases, please contact us at digilib@uwm.edu to obtain a copy of the file.","A vintage map illustrates eastern U.S. coastlines, channels, and shipping lanes running from New York to Cape Fear.",,2021-10-22,2026-06-26,http://cdm17272.contentdm.oclc.org/cdm/ref/collection/agdm/id/30652,30652,30627.jp2,/agdm/image/30627.jp2
Chapman's sectional map of the surveyed part of Dakota territory compiled from the United States surveys and other authentic sources / published by Silas Chapman.,,United States 1869,,"Chapman, Silas","Lipman, L. (Louis)",1869,"Milwaukee, Wis. : Silas Chapman",Public lands -- Dakota Territory -- Maps; Dakota Territory -- Maps; United States -- Dakota Territory;,North and Central America;,,North Dakota; South Dakota;,,,,"Relief shown by hachures. Includes decorative border and inset maps of Pembina and ""Dakota in Miniature."" ""Entered according to act of Congress in the year 1869 by Silas Chapman in the Clerk's office of the district court of the State of Wisconsin.""",,,,cartographic image,Still image,Maps,Color;,"[ca. 1:1:643,738] (W 99°53ʹ00ʺ--W 96°17ʹ00ʺ/N 45°58ʹ00ʺ--N 42°22ʹ00ʺ)",,American Geographical Society Library - Maps,,1 map : hand color ; 69 x 42 cm,864 B-1869,English,"American Geographical Society Library, University of Wisconsin-Milwaukee",American Geographical Society Library Digital Map Collection,The Board of Regents of the University of Wisconsin System,agsmap028781 (c1-c2),image/tif; Image/jp2,American Geographical Society Library Digital Map Collection,"Due to their file size, some maps may produce a proxy error when downloaded as a ""large"" file. In those cases, please contact us at digilib@uwm.edu to obtain a copy of the file.",,,2021-10-22,2021-12-01,http://cdm17272.contentdm.oclc.org/cdm/ref/collection/agdm/id/30667,30667,30676.cpd,/agdm/image/30676.cpd
Cawnpore guide map,2nd edition,"Kānpur, India 1933",,,,1933,Calcutta : Survey of India,Kānpur (India) -- Maps;,Asia;,India;,Uttar,,,Kānpur ; Cawnpore;,"""Refer to this map as: Four inch Cawnpore guide map, second edition.""In upper left margin: Surveyed 1918-19. In lower left margin: ""Reg. No. 3052 D'20 (D.O.3-6"") 500-500'33-X'46. 1st edition 1920; 2nd edition 1933."" Published under the direction of Colonel C.H.D. Ryder, C.I.E., D.S.O., R.E., Surveyor General of India.",,,,cartographic image,Still image,Maps,Color;,"1:15,840 ; 4 in = 1mi. (E 80°17ʹ--E 80°25ʹ/N 26°30ʹ--N 26°25ʹ)",,American Geographical Society Library - Maps,,"1 map : color ; 66 x 88 cm, on sheet 66 x 94 cm",430-d .K36 A-1933,English,"American Geographical Society Library, University of Wisconsin-Milwaukee",American Geographical Society Library Digital Map Collection,The Board of Regents of the University of Wisconsin System,agsmap028814,image/tif; Image/jp2,American Geographical Society Library Digital Map Collection,"Due to their file size, some maps may produce a proxy error when downloaded as a ""large"" file. In those cases, please contact us at digilib@uwm.edu to obtain a copy of the file.","A 1933 map details Cawnpore, India's urban streets and terrain, marked with road names and landmarks.",,2021-10-25,2026-06-26,http://cdm17272.contentdm.oclc.org/cdm/ref/collection/agdm/id/30708,30708,30690.jp2,/agdm/image/30690.jp2
"Plan of the city of New York in North America, surveyed in the years 1766 & 1767 : to his excellency Sir Henry Moore, Bart., Captain General & Governour in Chief in and over His Majesty's province of New York ... this plan of the city of New York & its environs ... is most humbly dedicated / B. Ratzer ; Thos. Kitchin, sculpt.",,"New York, New York 1767 1854",,"Ratzer, Bernard","Kitchin, Thomas, -- 1718-1784 ; Hayward, George, approximately 1800- ; Valentine, D. T. (David Thomas), 1801-1869;",1767; 1854,[New York] : D.T. Valentine,"Land use -- New York (State) -- New York -- Maps; Buildings -- New York (State) -- New York -- Maps; New York (N.Y.) -- Maps; Manhattan (New York, N.Y.) -- Maps;",North and Central America;,,New York;,,,New York City;,"Facsimile. ""From D.T. Valentine's Manual, 1854."" Includes index, illustrations, decorative cartouche and ancillary view, A south west view of the city of New York taken from the Governour's Island at * [i.e. asterisk].",,,,cartographic image,Still image,Maps,Grayscale;,"approximately 1:20,000 (W 74°04ʹ--W 73°57ʹ/N 40°46ʹ--N 40°39ʹ)",,American Geographical Society Library - Maps,,"1 map ; 47 x 42 cm, on sheet 55 x 44",862.1 B-1767 1854,English,"American Geographical Society Library, University of Wisconsin-Milwaukee",American Geographical Society Library Digital Map Collection,The Board of Regents of the University of Wisconsin System,agsmap028690,image/tif; Image/jp2,American Geographical Society Library Digital Map Collection,"Due to their file size, some maps may produce a proxy error when downloaded as a ""large"" file. In those cases, please contact us at digilib@uwm.edu to obtain a copy of the file.","A 1767 New York City map highlights streets, waterways, and landmarks, including Brooklyn neighborhoods and docks along.",,2021-10-29,2026-06-26,http://cdm17272.contentdm.oclc.org/cdm/ref/collection/agdm/id/30774,30774,30753.jp2,/agdm/image/30753.jp2
"Map of the Franklin & Robinson, Janet DeKay, Henry Eckford, Mary Clarke & Clement C. Moore Estates / accurately made form reliable data by John Bute Holmes ; W.V. Smith.",,"New York, New York 1869",,"Holmes, J.B. (John Bute);","Smith, W. V., surveyor.  Bridges, William, -1814.",1869;,New York : John Bute Holmes,"DeKay, Janet -- Estate; Eckford, Henry, -- 1775-1832 -- Estate; Clarke, Mary -- Estate; Moore, Clement Clarke, -- 1745-1819 -- Estate; Eckford, Henry, -- 1775-1832; Chelsea (Manhattan, New York, N.Y.) -- Maps; Midtown Manhattan (New York, N.Y.) -- Maps; Midtown South (New York, N.Y.) -- Maps; Real property -- New York (State) -- New York -- Maps; Landowners -- New York (State) -- New York -- Maps; Buildings -- New York (State) -- New York -- Maps; Fills (Earthwork) -- New York (State) -- New York -- Maps; Tide-waters -- Maps; Streets -- New York (State) -- New York -- Planning -- Maps; New York (State) -- New York; New York (State) -- New York -- Chelsea (Manhattan); New York (State) -- New York -- Midtown Manhattan;",North and Central America;,,New York;,,,New York City;,"Historical cadastral map. Covers the area later bounded by 19th and 29th Streets, 6th Avenue and the Hudson River, Manhattan, New York (N.Y.) Shows property and lot lines, lot numbers, a few buildings and owners' names. Gives some dimensions and corrects mismeasurements. Also shows former shoreline. Date of situation varies between ca. 1775 (Sir Peter Warren) and 1832 (Henry Eckford) or later. Date of this ed. 1869 Nov. Ink, color wash. Includes text and indexes.",,,,cartographic image,Still image,Maps,Color;,"approximaely 1:1,800 (W 74°00ʹ40ʺ--W 73°59ʹ20ʺ/N 40°44ʹ50ʺ--N 40°44ʹ20ʺ)",,American Geographical Society Library - Maps,,1 map : color ; 55 x 88 cm,862.1-b E-var Chelsea,English,"American Geographical Society Library, University of Wisconsin-Milwaukee",American Geographical Society Library Digital Map Collection,The Board of Regents of the University of Wisconsin System,agsmap028824,image/tif; Image/jp2,American Geographical Society Library Digital Map Collection,"Due to their file size, some maps may produce a proxy error when downloaded as a ""large"" file. In those cases, please contact us at digilib@uwm.edu to obtain a copy of the file.","An 1869 map of Chelsea, New York, depicts land parcels and streets within the Franklin, Eckford, Moore, and DeKay estates.",,2021-11-08,2026-06-26,http://cdm17272.contentdm.oclc.org/cdm/ref/collection/agdm/id/30810,30810,30809.jp2,/agdm/image/30809.jp2
"This map of the city of New York and island of Manhattan, as laid out by the commissioners appointed by the legislature, April 3d, 1807 is respectfully dedicated to the mayor, aldermen and commonalty thereof / by their most obedient servant Wm. Bridges, city surveyor ; engraved by P. Maverick.",,"Manhattan, New York 1811",,"Bridges, William;","Randel, John, Jr; Maverick, Peter, 1780-1831; Welcke, Robert A;",1811;,New York : Robert A. Welcke Photo-Lith;,"Manhattan (New York, N.Y.) -- Maps; Buildings -- New York (State) -- New York -- Maps; Landforms -- New York (State) -- New York -- Maps; Rivers -- New York (State) -- New York -- Maps; Streets -- New York (State) -- New York -- Planning -- Maps; New York (State) -- New York; New York (State) -- New York -- Manhattan;",North and Central America;,,New York;,Manhattan (borough);,New York county;,New York City;,"Relief shown by hachures. Shows ward boundaries, selected buildingsm and landowner's names. ""Entered according to act of Congress Novr. 16th 1811."" Oriented with north toward the upper right.",,,,cartographic image,Still image,Maps,Grayscale;,"approximately 1:25,000 (W 74°01ʹ20ʺ--W 73°54ʹ40ʺ/N 40°52ʹ40ʺ--N 40°42ʹ00ʺ)",,American Geographical Society Library - Maps,,1 map : photocopy ; 24 x 92 cm,862.1 A-1811,English,"American Geographical Society Library, University of Wisconsin-Milwaukee",American Geographical Society Library Digital Map Collection,The Board of Regents of the University of Wisconsin System,agsmap028681 (s1-s3),image/tif; Image/jp2,American Geographical Society Library Digital Map Collection,"Due to their file size, some maps may produce a proxy error when downloaded as a ""large"" file. In those cases, please contact us at digilib@uwm.edu to obtain a copy of the file.",,,2021-11-10,2022-02-09,http://cdm17272.contentdm.oclc.org/cdm/ref/collection/agdm/id/30843,30843,30847.cpd,/agdm/image/30847.cpd
"A topographical map of the north part of New-York Island : exhibiting the plan of Fort Washington now Fort Knyphausen, with the rebels lines to the southward which where [sic] forced by the troops under the command of the Rt. Honble. Earl Percy on the 16th. Novr. 1776, and survey'd immediately after by order of his Lordship, to which is added the attack made to the north by the Hessians, surveyed by order of Lieut. Genl. Knyphausen / by Claude Joseph Sauthier.",,"Fort Washington, New York  1777 1859",,"Sauthier, Claude Joseph","Valentine, D. T. (David Thomas), 1801-1869;",1777; 1859,"[N.Y.?] : [D.T. Valentine?],","Fort Washington (New York, N.Y.) -- Maps -- Early works to 1800; Fort Lee (N.J.) -- Maps -- Early works to 1800; Manhattan (New York, N.Y.) -- Maps -- Early works to 1800; Fort Washington (New York, N.Y.) -- Capture, 1776 -- Maps -- Early works to 1800; United States -- History -- Revolution, 1775-1783 -- Maps -- Early works to 1800;",North and Central America;,,New York;,,,New York City;,"Facsimile. Covers Manhattan north from McGowan's Pass to modern-day Washington Heights. Also covers portions of the Bronx and eastern New Jersey. Shows troop movements, batteries, and barracks. Relief shown pictorially and by hachures. Includes text. ""Copied from a Map in the State Library at Albany.""  ""Engraved for D.T. Valentine's Manual for 1859 ..."" Includes index. Original version: London : Published as the Act directs ... Wm. Faden, Mar. 1st, 1777.  ""Published by permission of the Rt. Honble. Commissioners of Trade and Plantations ...""",,,,cartographic image,Still image,Maps,Grayscale;,"approximately 1:21,000 (W 73°59'57""--W 73°53'58""/N 40°52'48""--N 40°47'30"")",,American Geographical Society Library - Maps,,1 map ; 43 x 26 cm,862.1-c A-1777,English,"American Geographical Society Library, University of Wisconsin-Milwaukee",American Geographical Society Library Digital Map Collection,The Board of Regents of the University of Wisconsin System,agsmap028668,image/tif; Image/jp2,American Geographical Society Library Digital Map Collection,"Due to their file size, some maps may produce a proxy error when downloaded as a ""large"" file. In those cases, please contact us at digilib@uwm.edu to obtain a copy of the file.",A 1776 map shows British capture of Fort Washington on Manhattan during the Revolutionary War with troop positions marked.,,2021-11-10,2026-06-26,http://cdm17272.contentdm.oclc.org/cdm/ref/collection/agdm/id/30853,30853,30852.jp2,/agdm/image/30852.jp2
"A plan of Mr. Nicholas and James De Peyster's land at Bloomingdall / surveyed October 12th, 1785 by C.T. Goerck, city surveyor ; C. F. Hunt ; R. D. Cooke.",,"New York, New York 1785",,"Goerck, Casimir Th., -1798",,1785;,New York : R. D. Cooke;,"De Peyster, James; De Peyster, Nicholas; Real property -- New York (State) -- New York -- Maps; Landowners -- New York (State) -- New York -- Maps; Buildings -- New York (State) -- New York -- Maps; Harlem (New York, N.Y.) -- Maps; Central Harlem (New York, N.Y.) -- Maps; Manhattanville (New York, N.Y.) -- Maps; Morningside Heights (New York, N.Y.) -- Maps; New York (State) -- New York -- Morningside Heights; New York (State) -- New York -- Harlem; New York (State) -- New York;",North and Central America;,,New York;,,,New York City;,Includes text and decorative compas rose.,,,,cartographic image,Still image,Maps,Color,"approximately 1:3,168. 4 Chains to one In. (W 73°57ʹ20ʺ/N 40°48ʹ20ʺ)",,American Geographical Society Library - Maps,,1 map : colored ; 65 x 49 cm,862.1-c New York E-1785,English,"American Geographical Society Library, University of Wisconsin-Milwaukee",American Geographical Society Library Digital Map Collection,The Board of Regents of the University of Wisconsin System,agsmap028839 (c1-c2),image/tif; image/jp2,American Geographical Society Library Digital Map Collection,"Due to their file size, some maps may produce a proxy error when downloaded as a ""large"" file. In those cases, please contact us at digilib@uwm.edu to obtain a copy of the file.",,,2021-11-17,2022-07-12,http://cdm17272.contentdm.oclc.org/cdm/ref/collection/agdm/id/30907,30907,30911.cpd,/agdm/image/30911.cpd
Modernist Belgrade map = Modernistička mapa Beograda / edited by Ljubica Slavković ; design by Supergroup Studios.,,"Belgrade, Serbia 2017",,"Slavković, Ljubica, editor;","Supergroup Studios (Firm), designer;  Blue Crow Media Ltd., publisher;",2017;,"Brockley, London : Blue Crow Media;","Modern movement (Architecture) -- Serbia -- Belgrade -- Maps;  Belgrade (Serbia) -- Buildings, structures, etc. -- Maps;  Architecture, Modern -- Maps;  Belgrade (Serbia) -- Maps;",Europe;,Serbia;,,,,Belgrade;,"Title from paper band.  ""© Blue Crow Media 2017.""  ""Photographs © Relja Ivanić.""  ""Map data from OpenStreetMap.""  Text, 20 color illustrations, and indexed descriptions of 50 buildings.",,,,cartographic image,Still image,Maps,Color;,"1:20,000 (E 20°13ʹ18ʺ--E 20°37ʹ24ʺ/N 44°56ʹ32ʺ--N 44°41ʹ16ʺ)",,American Geographical Society Library - Maps,,"1 map : color ; 42 x 60 cm, folded to 21 x 15 cm in paper band 10 x 16 cm",662.5-d .B44 A-2017,English; Serbian;,"American Geographical Society Library, University of Wisconsin-Milwaukee",American Geographical Society Library Digital Map Collection,The Board of Regents of the University of Wisconsin System,agsmap028632 (a-b),image/tif; image/jp2,American Geographical Society Library Digital Map Collection,"Due to their file size, some maps may produce a proxy error when downloaded as a ""large"" file. In those cases, please contact us at digilib@uwm.edu to obtain a copy of the file.",,,2021-12-01,2021-12-01,http://cdm17272.contentdm.oclc.org/cdm/ref/collection/agdm/id/30911,30911,30921.cpd,/agdm/image/30921.cpd
"Osaka seihoku-bu. N.W. Osaka, Osaka Prefecture, Honshu",,"Osaka, Japan 1942",,,United States. Army Map Service; Army War College (U.S.);,1942;,"Washington, D.C. : Engineer Reproducution Plant, U.S. Army, Army War College;",Osaka (Japan) -- Maps; Japan -- Osaka;,Asia;,Japan;,Ōsaka;,Honshu;,,Osaka;,"English title in red on one sheet; Japanese title in black in margin of both sheets. ""For use by War and Navy Department Agencies only. Not for sale or distribution."" One sheet is black color ink Japanese map and the other sheet has a grid with coordinates in red with note in red: Note: in the establishment of the grid used hereon, and its application to the base city map, the best available date have at times been uncertain, target locations have however been accurately coordinated with the grid used.",,,,cartographic image,Still image,Maps,Color;,"approximately 1:25,000 (E 135°13ʹ--E 135°27ʹ/N 34°45ʹ--N 34°40ʹ)",,American Geographical Society Library - Maps,,2 maps on 2 sheets : color ; 37 x 92 cm,470-d .O82 B-1942 sheet 1 - sheet 2,English,"American Geographical Society Library, University of Wisconsin-Milwaukee",American Geographical Society Library Digital Map Collection,The Board of Regents of the University of Wisconsin System,agsmap028881,image/tif; image/jp2,American Geographical Society Library Digital Map Collection,"Due to their file size, some maps may produce a proxy error when downloaded as a ""large"" file. In those cases, please contact us at digilib@uwm.edu to obtain a copy of the file.",,,2021-12-06,2022-02-09,http://cdm17272.contentdm.oclc.org/cdm/ref/collection/agdm/id/31026,31026,31040.cpd,/agdm/image/31040.cpd
Ōmuta shigai shinchizu / Shinshindō.  大牟田市街新地圖 / 駸々堂.,,"Ōmuta, Japan 1930",,Shinshindō; 駸々堂;,United States. Army Map Service;,1930;,Ōsaka : Shinshindō 大阪 : 駸々堂;,Ōmuta-shi (Japan) -- Maps; 大牟田市 (Japan) -- Maps; Japan -- Ōmuta-shi;,Asia;,Japan;,Fukuoka Prefecture;,Kyushu;,,Ōmuta;,"Relief shown by form lines and hachures. Japanese title in black; English title in red. Includes index to major public and business buildings and 1 inset map. One inset : Miikechō shigaizu. Oriented with north to the upper right. Title and grid with coordinates in red with note in red: Note: in the establishment of the grid used hereon, and its application to the base city map, the best available date have at times been uncertain, target locations have however been accurately coordinated with the grid used. ""Acquired by gift Jul 14 1943 Army Air Forces.""",,,,cartographic image,Still image,Maps,Color;,"approximately 1:16,000 (E 130°23ʹ00ʺ--E 130°29ʹ00ʺ/N 033°03ʹ00ʺ--N 032°59ʹ00ʺ)",,American Geographical Society Library - Maps,,1 map : color ; 36 x 51 cm,470-d .O48 B-1930 1942,Japanese,"American Geographical Society Library, University of Wisconsin-Milwaukee",American Geographical Society Library Digital Map Collection,The Board of Regents of the University of Wisconsin System,agsmap028883,image/tif; image/jp2,American Geographical Society Library Digital Map Collection,"Due to their file size, some maps may produce a proxy error when downloaded as a ""large"" file. In those cases, please contact us at digilib@uwm.edu to obtain a copy of the file.","A 1930 street map of Ōmuta shows landmarks, zones, and land use in Fukuoka Prefecture, Kyushu, Japan.",,2021-12-06,2026-06-26,http://cdm17272.contentdm.oclc.org/cdm/ref/collection/agdm/id/31030,31030,31001.jp2,/agdm/image/31001.jp2
Saishin Okayama daishigai chizu,,"Okayama, Japan 1933",,,United States. Army Map Service;,1933;,Place of publication not identified : publisher not identified;,Okayama-shi (Japan) -- Maps; 岡山市 (Japan) -- Maps; Japan -- Okayama-shi;,Asia;,Japan;,Okayama;,Honshū (island);,,Okayama;,,,,,cartographic image,Still image,Maps,Color;,"1:12,000 (E 133°54ʹ--E 133°57ʹ/N 34°42ʹ--N 34°38ʹ)",,American Geographical Society Library - Maps,,1 map : color ; 74 x 52 cm,470-d .O35 A-1933 1942,Japanese,"American Geographical Society Library, University of Wisconsin-Milwaukee",American Geographical Society Library Digital Map Collection,The Board of Regents of the University of Wisconsin System,agsmap028876,image/tif; image/jp2,American Geographical Society Library Digital Map Collection,"Due to their file size, some maps may produce a proxy error when downloaded as a ""large"" file. In those cases, please contact us at digilib@uwm.edu to obtain a copy of the file.","The 1933 cartographic map depicts Okayama-shi in Okayama Prefecture, Japan.",,2021-12-06,2026-06-26,http://cdm17272.contentdm.oclc.org/cdm/ref/collection/agdm/id/31034,31034,31009.jp2,/agdm/image/31009.jp2
Ōita shigai shinchizu / Shinshindō.  大分市街新地圖 / 駸々堂,,"Oita Japan, 1933",,Shinshindō; 駸々堂;,United States. Army Map Service,1933;,Ōsaka : Shinshindō 大阪 : 駸々堂;,Ōita-shi (Japan) -- Maps; 大分市 (Japan) -- Maps; Japan -- Ōita-shi;,Asia;,Japan;,Ōita Prefecture;,Kyushu;,,,,,,,cartographic image,Still image,Maps,Color;,"approximaely 1:15,000 (E 131°34ʹ30ʺ--E 131°37ʹ30ʺ/N 33°15ʹ00ʺ--N 33°12ʹ00ʺ)",,American Geographical Society Library - Maps,,1 map : color ; 52 x 37 cm,470-d .O37 A-1933 1942,Japanese,"American Geographical Society Library, University of Wisconsin-Milwaukee",American Geographical Society Library Digital Map Collection,The Board of Regents of the University of Wisconsin System,agsmap028875,image/tif; image/jp2,American Geographical Society Library Digital Map Collection,"Due to their file size, some maps may produce a proxy error when downloaded as a ""large"" file. In those cases, please contact us at digilib@uwm.edu to obtain a copy of the file.",A 1933 Japanese map shows Ōita Prefecture in Kyushu with Ōita-shi's streets and terrain. (125 chars).,,2021-12-06,2026-06-26,http://cdm17272.contentdm.oclc.org/cdm/ref/collection/agdm/id/31035,31035,31008.jp2,/agdm/image/31008.jp2
Okazaki shigai zenzu / Honbun Shoten.  岡崎市街全圖 / 本文書店,,"Okazaki, Japan 1932",,Honbun Shoten; 本文書店;,United States. Army Map Service;,1932;,Okazaki-shi : Honbun Shoten; 岡崎市 : 本文書店;,,Asia;,Japan;,Aichi Prefecture;,Honshū (island);,,Okazaki;,"Relief shown by form lines. English title and scale in red. ""Army Map Service, U.S. Army, Washington D.C., 21867, 1942."" Includes one inset map. Grid with coordinates in red with note in red: Note: in the establishment of the grid used hereon, and its application to the base city map, the best available date have at times been uncertain, target locations have however been accurately coordinated with the grid used. Military grid.",,,,cartographic image,Still image,Maps,Color;,"1:10,000 (E 137°09ʹ00ʺ--E 137°12ʹ00ʺ/N 34°58ʹ30ʺ--N 34°55ʹ00ʺ)",,American Geographical Society Library - Maps,,1 map : color ; 75 x 52 cm,470-d .O36 A-1932 1942,Japanese,"American Geographical Society Library, University of Wisconsin-Milwaukee",American Geographical Society Library Digital Map Collection,The Board of Regents of the University of Wisconsin System,agsmap028877,image/tif; image/jp2,American Geographical Society Library Digital Map Collection,"Due to their file size, some maps may produce a proxy error when downloaded as a ""large"" file. In those cases, please contact us at digilib@uwm.edu to obtain a copy of the file.","A 1932 city plan of Okazaki, Aichi, Japan displays streets, landscape, and major landmarks.",,2021-12-06,2026-06-26,http://cdm17272.contentdm.oclc.org/cdm/ref/collection/agdm/id/31038,31038,31010.jp2,/agdm/image/31010.jp2
"The Story of Wisconsin Indians / Ludwig Cinatl, Jr. ; The Milwaukee Journal",,"Wisconsin, United States 1967",,,"Cinatl, Ludwig;",1967;,"Milwaukee, Wisconsin : The Milwaukee Journal;",Indians of North America -- Wisconsin -- Maps; Wisconsin -- Maps; Wisconsin;,North and Central America;,,Wisconsin;,,,,"Includes notes, illustrations and4 ancillary maps: ""Principal Indian Cessions 1829-1848"" and ""Location of Indian Tribes1634,"" ""Location of Indian Tribes 1634-1750"" and ""Location of Indian Tribes 1750-1825."" ""The Milwaukee Journal, Sunday, December 3, 1967"" and advertisements on verso.","""Maps in the News,"" Exhibit Spring 2024",,,cartographic image,Still image,Maps,Color,"(W 92°53'00""--W 86°14'00""/N 47°18'00""--N 42°29'00"")",,American Geographical Society Library - Maps,https://wisconsin-uwm.primo.exlibrisgroup.com/permalink/01UWI_ML/13nukll/alma991013125096102124,1 map : color ; 55 x 39 cm,893 C-1634z [1967],English,"American Geographical Society Library, University of Wisconsin-Milwaukee",American Geographical Society Library Digital Map Collection,The Board of Regents of the University of Wisconsin System,agsmap028851 (a-b),image/tif; image/jp2,American Geographical Society Library Digital Map Collection,"Due to their file size, some maps may produce a proxy error when downloaded as a ""large"" file. In those cases, please contact us at digilib@uwm.edu to obtain a copy of the file.",,,2021-12-10,2024-02-21,http://cdm17272.contentdm.oclc.org/cdm/ref/collection/agdm/id/31057,31057,31069.cpd,/agdm/image/31069.cpd
"Falkland Islands and Patagonia / the map, drawn & engraved by J. Rapkin ; the illustrations by H. Winkles & engraved by W. Lacey",,"Falkland Islands, 1851",,"Rapkin, J., cartographer, engraver;","Winkles, Henry, 1800-approximately 1860, illustrator;  Lacey, W., engraver;  John Tallis & Company, publisher;",1851;,London ; New York : John Tallis & Company;,Patagonia (Argentina and Chile) -- Maps;  Falkland Islands -- Maps;  Falkland Islands;,South America;,Argentina;,,Patagonia;,,,"Relief indicated by hachures.  Shows settlements and rivers.  Includes inset vignettes featuring Jason Islands; sea eagles; penguins; Fugeans; and Christmas Sound, Tierra del Fuego.  Date of publication based on date of atlases.  Appears in Tallis's illustrated atlas and modern history of the world : geographical, political, commercial & statistical / edited by R. Montgomery Martin. London ; New York : Published by John Tallis and Company, 1851.  Appears in Illustrated atlas and modern history of the world : geographical, political, commercial & statistical / edited by R. Montgomery Martin. London ; New York : J & F Tallis, [1857?].  Scales approximated from horizontal bar scales given in miles.",,,,cartographic image,Still image,Maps,Color;,"approximately 1:1,200,000 (W 61°22ʹ--W 57°41ʹ/S 51°00ʹ--S 52°32ʹ).   approximately 1:1,600,000 (W 76°--W 60°/S 39°--S 56°).",,American Geographical Society Library - Maps,,"2 maps on 1 sheet ; 15 x 23 cm each, sheet 37 x 27 cm",079 A-[1851],English,"American Geographical Society Library, University of Wisconsin-Milwaukee",American Geographical Society Library Digital Map Collection,The Board of Regents of the University of Wisconsin System,agsmap028843 (a-b),image/tif; image/jp2,American Geographical Society Library Digital Map Collection,"Due to their file size, some maps may produce a proxy error when downloaded as a ""large"" file. In those cases, please contact us at digilib@uwm.edu to obtain a copy of the file.",,,2021-12-10,2021-12-10,http://cdm17272.contentdm.oclc.org/cdm/ref/collection/agdm/id/31060,31060,31072.cpd,/agdm/image/31072.cpd
"The railway map of South Africa / revised to date and published by authority at the offices of ""South Africa.""",,South Africa 1915,,,,1915;,"London : ""South Africa"";",Railroads -- South Africa -- Maps; South Africa -- Maps;,Africa;,South Africa;,,,,,"Includes 11 inset maps: British East Africa -- Africa showing the east coast route -- Beira & district -- Maritzburg -- Durban -- Port Elizabeth -- East London -- Cape Town -- Johannesburg -- Bulawayo -- Luderitzbucht. Includes list of South African railway systems and altitudes. Advertising material in margins. ""Loaned by the American Geographical Society to the Peace Conference at Versailles, 1918-1919."" Loaned by the American Geographical Society to the Peace Conference at Versailles, 1918-1919.",,,,cartographic image,Still image,Maps,Color;,"[ca. 1:4,800,000] (E 11°--E 40°/S 6°--35°)",,American Geographical Society Library - Maps,,1 map ; 77 x 69 cm,370 D-1915,English,"American Geographical Society Library, University of Wisconsin-Milwaukee",American Geographical Society Library Digital Map Collection,The Board of Regents of the University of Wisconsin System,agsmap028860,image/tif; image/jp2,American Geographical Society Library Digital Map Collection,"Due to their file size, some maps may produce a proxy error when downloaded as a ""large"" file. In those cases, please contact us at digilib@uwm.edu to obtain a copy of the file.",Vintage 1915 colored railway map of South Africa displaying Union-Castle Line routes alongside other key transport routes.,,2021-12-10,2026-06-26,http://cdm17272.contentdm.oclc.org/cdm/ref/collection/agdm/id/31062,31062,31047.jp2,/agdm/image/31047.jp2
"Selected castes of the North Indian Plain / JES, RBM, New Delhi, '62 ; copyright 1965 by the American Geographical Society ; Lith. Princeton Polychrome Press",,"India, 1965",,"Schwartzberg, Joseph E;","Mathur, Raj B; American Geographical Society of New York;",1965,New York : American Geographical Society of New York;,"Caste -- Gangetic Plain (India and Bangladesh) -- Maps; Marginality, Social -- Gangetic Plain (India and Bangladesh) -- Maps; Social stratification -- Gangetic Plain (India and Bangladesh) -- Maps; Social classes -- Gangetic Plain (India and Bangladesh) -- Maps; Classism -- Gangetic Plain (India and Bangladesh) -- Maps;",Asia;,India;,,,,,"Shows percentage of total population and rank among all castes and tribes for the Ahir, Brahman, Chamar, Jat, Kurmi, Lodh, Pasi, Rajput, and Sheikh castes; and shows only percentage of total population for the Nai Caste. Based on the Census of India, 1931. To accompany: The distribution of selected castes in the North Indian Plain / Joseph E. Schwatzberg. p. [477]-495 ; 26 cm. In Geographical review ; v. 55, no. 4 1965. ""The Geographical Review, Vol. LV., No. 4, 1965, Pl. II."" -- upper right margin. North oriented to the upper left on each map.",,,,cartographic image,Still image,Maps,Grayscale;,"approximately 1:10,350,000 (E 72°--E 92°/N 34°--N 22°)",,American Geographical Society Library - Maps,,"21 maps on 1 sheet ; each 9 x 20 cm, sheet 75 x 63 cm, folded to 25 x 16 cm",430-c .N6 C-1931 1965,English,"American Geographical Society Library, University of Wisconsin-Milwaukee",American Geographical Society Library Digital Map Collection,The Board of Regents of the University of Wisconsin System,agsmap028847,image/tif; image/jp2,American Geographical Society Library Digital Map Collection,"Due to their file size, some maps may produce a proxy error when downloaded as a ""large"" file. In those cases, please contact us at digilib@uwm.edu to obtain a copy of the file.","A grid of 1960s maps shows caste distribution percentages for thirteen groups—Brahman, Kshatriya, Vaishya, Shudra, and eight.",,2021-12-10,2026-06-26,http://cdm17272.contentdm.oclc.org/cdm/ref/collection/agdm/id/31066,31066,31049.jp2,/agdm/image/31049.jp2
A plan of the city and environs of New York in North America,,"New York, New York 1776",,,,1776;,London : publisher not identified;,"New York (N.Y.) -- Maps -- Early works to 1800; Land use, Rural -- New York (State) -- New York -- Maps -- Early works to 1800; New York (State) -- New York;",North and Central America;,,New York;,,,New York City;,"General street map showing selected letter-keyed buildings in built-up area and field lines with generalized land use in rural areas. Relief shown by hachures. Also shows ""Road to Kings Bridge where the Rebels mean to make a stand"" and ""Road to Kepps Bay where the Kings troops landed."" Also covers rural part of Manhattan Island up to present-day 14th Street and small parts of Long Island. Removed from: The Universal Magazine of Knowledge and Pleasure, London, Nov. 1776, v. 59. Digitized and made available by the Wisconsin Historical Society Library-Archives Digital Collections as part of: Historical Maps and Atlases Collection ( https://www.wisconsinhistory.org/Records/Image/IM124643 ).. Available through the Library of Congress web site: http://hdl.loc.gov/loc.gmd/g3804n.ar111000 .",,,,cartographic image,Still image,Maps,Grayscale;,"approximately 1:12,200 (W 74°01ʹ27ʺ--W 73°57ʹ14ʺ/N 40°43ʹ58ʺ--N 40°41ʹ45ʺ)",,American Geographical Society Library - Maps,,"1 map ; 29 x 37 cm, folded to 19 x 12 cm",862.1 B-[1776],English,"American Geographical Society Library, University of Wisconsin-Milwaukee",American Geographical Society Library Digital Map Collection,The Board of Regents of the University of Wisconsin System,agsmap028614,image/tif; image/jp2,American Geographical Society Library Digital Map Collection,"Due to their file size, some maps may produce a proxy error when downloaded as a ""large"" file. In those cases, please contact us at digilib@uwm.edu to obtain a copy of the file.","An 18th-century 1776 map depicts New York City, Manhattan, Long Island, and nearby shipyards.",LRP,2021-12-15,2026-06-26,http://cdm17272.contentdm.oclc.org/cdm/ref/collection/agdm/id/31131,31131,31121.jp2,/agdm/image/31121.jp2
"Map of a Reconnoissance between Fort Leavenworth on the Missouri River, and the Great Salt Lake in the Territory Of Utah, made in 1849 and 1850 / made in 1849 and 1850 under the orders of Col. J.J. Abert, Chief of the Topographical Bureau, by Capt. Howard Stansbury of the Corps of Topographical Engineers, aided by Lieut. J.W. Gunnison, Corps Topographical Engineers, and Albert Carrington ; drawn by Lieut. Gunnison and Charles Preuss",,"Utah, United States 1850",,"Stansbury, Howard, 1806-1863 cartographer","Gunnison, J. W. (John Williams), 1812-1853, contributor; Preuss, Charles, 1803-1854, contributor; Abert, J. W. (James William), 1820-1897, contributor; United States. Army. Corps of Engineers; Ackerman Lithr., publisher;",1850;,"New York : Ackerman Lith, 379 Broadway;",Missouri River Valley -- Maps; Fort Leavenworth (Kan.) -- Maps; Great Salt Lake (Utah) -- Maps; Kansas -- Fort Leavenworth; Missouri River Valley; Utah -- Great Salt Lake; United States -- Missouri River Valley; United States -- Kansas -- Fort Leavenworth; United States -- Utah -- Great Salt Lake;,North and Central America;,,Utah;,Great Salt Lake;,,,"Covers the Missouri River region between Fort Leavenworth and the Great Salt Lake. Relief shown by hachures. Showing cities and towns, rivers, plains, Indian tribal areas and topographical information. ""The adjacent country laid down from the latest and most authentic data."" Publication date from latest survey date. Includes a block of text in left panel. LC copy signed in on verso panel: Millard Fillmore. LC copy has fold-lined.",,,,cartographic image,Still image,Maps,Grayscale;,"1:1,000,000 (W 115°--W 94°/N 43°--N 38°)",,American Geographical Society Library - Maps,,"1 map : color ; 73 x 175 cm, folded to 23 x 14 cm",800-c West B-1849-50,English,"American Geographical Society Library, University of Wisconsin-Milwaukee",American Geographical Society Library Digital Map Collection,The Board of Regents of the University of Wisconsin System,am010801,image/tif; image/jp2,American Geographical Society Library Digital Map Collection,"Due to their file size, some maps may produce a proxy error when downloaded as a ""large"" file. In those cases, please contact us at digilib@uwm.edu to obtain a copy of the file.","An 1850 exploration map showing the route from Fort Leavenworth to Great Salt Lake in Utah Territory, marking key landmarks.",,2021-12-17,2026-06-26,http://cdm17272.contentdm.oclc.org/cdm/ref/collection/agdm/id/31134,31134,31138.jp2,/agdm/image/31138.jp2
"Map of the United States and their territories between the Mississippi and the Pacific Ocean ; and part of Mexico / compiled in the Bureau of the Corps of Topogl. Engs. under a resolution of the U.S. Senate, from the best authorities which could be obtained",,United States 1850;,,United States. Army. Corps of Topographical Engineers;,Sherman & Smith;,1850;,"Washington, D.C. : U.S. Army, Corps of Topographical Engineers;",West (U.S.) -- Maps; Mexico -- Maps;,North and Central America;,,,,,,"Shows roads, forts, towns, waterways, and mountains. Relief shown by hachures.",,,,cartographic image,Still image,Maps,Grayscale;,"approximately 1:3,000,000] (W 126°--W 86°/N 50°--N 18°)",,American Geographical Society Library - Maps,,"1 map ; 110 x 97 cm, on 4 sheets 64 x 52 cm",800-c .W4 B-1850,English,"American Geographical Society Library, University of Wisconsin-Milwaukee",American Geographical Society Library Digital Map Collection,The Board of Regents of the University of Wisconsin System,am010840,image/tif; image/jp2,American Geographical Society Library Digital Map Collection,"Due to their file size, some maps may produce a proxy error when downloaded as a ""large"" file. In those cases, please contact us at digilib@uwm.edu to obtain a copy of the file.",An 1850 U.S. territorial map spanning the Mississippi to the Pacific and part of Mexico.,,2021-12-17,2026-06-26,http://cdm17272.contentdm.oclc.org/cdm/ref/collection/agdm/id/31141,31141,31144.jp2,/agdm/image/31144.jp2
"A new map of Texas, Oregon, and California : with the regions adjoining / compiled from the most recent authorities",,United States 1846,,"Mitchell, S. Augustus (Samuel Augustus), 1792-1868;","Burroughs, H. N;",1846;,"Philadelphia, Pa. : Mitchell;",Indians of North America -- West (U.S.) -- Maps; West (U.S.) -- Maps;,North and Central America;,,Texas; Oregon; California;,,,,"Shows western territories after the Mexican Cession and the location of Indian tribes, forts, and trading houses. Relief shown in hachures. Prime meridians: Greenwich and Washington. Copyright by H.N. Burroughs. Includes text and distance table entitled ""Emigrant route from Missouri to Oregon.""",,,,cartographic image,Still image,Maps,Color;,"[ca. 1:6,000,000] (W 133°--W 87°/N 54°--N 26°)",,American Geographical Society Library - Maps,,"1 map : color, mounted on cloth ; 52 x 48 cm, on sheet 58 x 54 cm",800-c A-1846,English,"American Geographical Society Library, University of Wisconsin-Milwaukee",American Geographical Society Library Digital Map Collection,The Board of Regents of the University of Wisconsin System,am010861,image/tif; image/jp2,American Geographical Society Library Digital Map Collection,"Due to their file size, some maps may produce a proxy error when downloaded as a ""large"" file. In those cases, please contact us at digilib@uwm.edu to obtain a copy of the file.","An 1846 map details Texas, Oregon, California territories and neighboring western U.S. borders.",,2021-12-17,2026-06-26,http://cdm17272.contentdm.oclc.org/cdm/ref/collection/agdm/id/31147,31147,31157.jp2,/agdm/image/31157.jp2
"Map of the Yellowstone and Missouri rivers and their tributaries / prepared to accompany the geological report of F.V. Hayden, M.D., geologist to the expedition ; explored by Capt. W.F. Raynolds, Topl. Engrs. and 1st Lieut. H.E. Maynadier, 10th Inft. Assistant, 1859-60.",,United States 1869,,"Hayden, F. V. (Ferdinand Vandeveer), 1829-1887;","Raynolds, W. F. (William Franklin), 1820-1894;",1869;,"Washington, D.C. : U.S. War Dept;",Geology -- Yellowstone River Watershed -- Maps; Geology -- Missouri River Watershed -- Maps; Yellowstone River -- Maps; Missouri River -- Maps; Great Plains -- Discovery and exploration -- Maps;,North and Central America;,,,,,,"Shows geology. ""To accompany a report to the Bureau of Topographical Engineers. Lt. Col. Hartman Bache in charge."" ""Engraved in the Engineer Bureau, War Dept.""",,,,cartographic image,Still image,Maps,Grayscale;,"1:1,200,000 (W 113°--W 99°/N 49°--N 42°)",,American Geographical Society Library - Maps,,1 map : hand colored ; 67 x 105 cm,800-c West A-1859-60,English,"American Geographical Society Library, University of Wisconsin-Milwaukee",American Geographical Society Library Digital Map Collection,The Board of Regents of the University of Wisconsin System,am010854,image/tif; image/jp2,American Geographical Society Library Digital Map Collection,"Due to their file size, some maps may produce a proxy error when downloaded as a ""large"" file. In those cases, please contact us at digilib@uwm.edu to obtain a copy of the file.",An 1869 map by F. V. Hayden illustrating the Yellowstone and Missouri river systems with tributaries.,,2021-12-17,2026-06-26,http://cdm17272.contentdm.oclc.org/cdm/ref/collection/agdm/id/31163,31163,31172.jp2,/agdm/image/31172.jp2
"Territory of the United States, from the Mississippi River to the Pacific Ocean : originally prepared to accompany the reports of the explorations for a Pacific railroad route / compiled from authorized explorations and other reliable data by Lieut. G.K. Warren, Topl. Engrs., in the office of Pacific R.R. Surveys, War Dept. under the direction of Bvt. Maj. W.J. Emory, Topl. Engrs. in 1854, Capt. A.A. Humphreys, Topl. Engrs. in 1854, 1858 ; recompiled and redrawn under the direction of the Chief of Corps of Engineers by Edward Freyhold, 1865-66-67-68 ; engraved & printed by Julius Bien, N.Y.",,United States 1868,,"Freyhold, Edward;","Warren, G. K. (Gouverneur Kemble), 1830-1882; Bien, Julius, 1826-1909; United States. Army. Corps of Engineers;",1868;,"Washington, D.C. : Corps of Engineers;",Railroads -- United States -- West -- Maps -- 19th century ; Overland journeys to the Pacific -- Maps -- 19th century ;  West (U.S.) -- Discovery and exploration -- Maps -- 19th century ;,North and Central America;,,,,,,"Relief shown by hachures and spot heights. Shows routes and dates of expeditions and surveys. Includes inset of the ""Territory of Alaska"" and list of ""Authorities.""",,,,cartographic image,Still image,Maps,Grayscale;,"1:3,000,000 (W 126°--W 84°/N 48°--N 26°",,American Geographical Society Library - Maps,,"1 map : sectioned and mounted on cloth ; 108 x 117 cm, folded to 29 x 21 cm",800-c West A-1868,English,"American Geographical Society Library, University of Wisconsin-Milwaukee",American Geographical Society Library Digital Map Collection,The Board of Regents of the University of Wisconsin System,am010843 am010844,image/tif; image/jp2,American Geographical Society Library Digital Map Collection,"Due to their file size, some maps may produce a proxy error when downloaded as a ""large"" file. In those cases, please contact us at digilib@uwm.edu to obtain a copy of the file.",,,2021-12-20,2021-12-21,http://cdm17272.contentdm.oclc.org/cdm/ref/collection/agdm/id/31225,31225,31230.cpd,/agdm/image/31230.cpd
"Tectonic map of China and Mongolia / principal compiler, Maurice J. Terman.",,China 1974,Map and chart series (Geological Society of America) ; MC-4.,"Terman, Maurice J. cartographer;",Geological Society of America; United States. Advanced Research Projects Agency;  Williams and Heintz Map Corporation;,1974;,"Boulder, Colorado : Geological Society of America;","Geology, Structural -- China -- Maps; Geology, Structural -- Mongolia -- Maps; Geology -- China -- Maps; Geology -- Mongolia -- Maps; China -- Maps; Mongolia -- Maps; China; Mongolia;",Asia;,Mongolia; China;,,,,,"Relief shown by spot heights. ""Compiled for Advanced Research Projects Agency, Department of Defense."" ""1974"" -- Sheet 2. Includes text, 2 maps showing ""Areal distribution of tectonic elements,"" table of tectonic cycles, and 10 cross-sections.",,Sheet 1. Tectonic map of China and Mongolia -- Sheet 2. Schematic cross-sections.,,cartographic image,Still image,Maps,Color;,"approximately 1:5,000,000 ; Miller oblated stereographic projection (E 68°--E 140°/N 56°--N 18°).",,American Geographical Society Library - Maps,,"1 map on 2 sheets : color ; sheets 85 x 108 cm, folded in envelope 31 x 23 cm.",460 G-1974,English,"American Geographical Society Library, University of Wisconsin-Milwaukee",American Geographical Society Library Digital Map Collection,The Board of Regents of the University of Wisconsin System,agsmap028934 (001-002),image/tif; image/jp2,American Geographical Society Library Digital Map Collection,"Due to their file size, some maps may produce a proxy error when downloaded as a ""large"" file. In those cases, please contact us at digilib@uwm.edu to obtain a copy of the file.",,LRP,2022-01-10,2022-02-03,http://cdm17272.contentdm.oclc.org/cdm/ref/collection/agdm/id/31413,31413,31420.cpd,/agdm/image/31420.cpd
Sketch plan Niuafoʼou Island,,Tonga 1930,,,,1930;,Place of publication not identified : publisher not identified;,Niuafoʼou (Tonga) -- Maps; Tonga -- Niuafoʼou;,Oceania;,Tonga;,Niuafo'ou Island;,,,,"Negative black line print. ""Photostate of map loaned by Mr. Weld Arnold, Dec. 1930."" -- hand written note in upper margin. Weld Arnold spent some Weld Arnold spent some time as an instructor at the Institute of Geographic Exploration at Harvard. Arnold graduated from Harvard College in the class of 1918 and received a diploma from the Royal Geographical Society in 1923. He is the author of a number of books on geographical work and has been on several expeditions - to Brazil in 1924 with the Hamilton Rice Expedition; with Harvard Eclipse Expedition in Sumatra, 1925; and in Malaya, in 1928; United States Naval Observatory Expedition to Niuafoʼou in 1930. Donated by Mr. Weld Arnold, Dec. 1930.",,,,cartographic image,Still image,Maps,Grayscale;,"approximately 1:7,200. 1 inch = 600 ft. (W 175°41'24""--W 175°35'29""/S 15°33'34""--S 15°39'00"")",,American Geographical Society Library - Maps,,1 map on 2 sheets : photocopy ; sheets 47 x 37 cm,765.8-c .N58 A-[1930?],English,"American Geographical Society Library, University of Wisconsin-Milwaukee",American Geographical Society Library Digital Map Collection,The Board of Regents of the University of Wisconsin System,agsmap028975 (s1-s2),image/tif; image/jp2,American Geographical Society Library Digital Map Collection,"Due to their file size, some maps may produce a proxy error when downloaded as a ""large"" file. In those cases, please contact us at digilib@uwm.edu to obtain a copy of the file.",,LRP,2022-01-21,2022-02-08,http://cdm17272.contentdm.oclc.org/cdm/ref/collection/agdm/id/31501,31501,31520.cpd,/agdm/image/31520.cpd
"Tongatabu and Eua Islands / U.S. Army, Army Map Service.",Second edition -AMS 2.,Tonga 1943,,United States. Army Map Service;,New Zealand. Royal New Zealand Air Force;,1943;,"Washington, D.C. : U.S. Army, Army Map Service;",Tongatapu Island (Tonga) -- Maps; 'Eua Island (Tonga) -- Maps;,Oceania;,Tonga;,Tongatabu; Eua;,,,,"Relief of Eua Island is shown by hachures and spot heights. Relief also shown by landform drawings. ""...revised in part from aerial photographs taken by the R.N.Z.A.F., July, 1942."" ""4-43."" Military grid.",,,,cartographic image,Still image,Maps,Color;,"1:125,000 ; polyconic proj. (W 175°25ʹ--W 174°50ʹ/S 21°00ʹ--S 21°30ʹ)",,American Geographical Society Library - Maps,,1 map : color ; 45 x 49 cm,765.8-c .T66 A-1943,English,"American Geographical Society Library, University of Wisconsin-Milwaukee",American Geographical Society Library Digital Map Collection,The Board of Regents of the University of Wisconsin System,agsmap028976,image/tif; image/jp2,American Geographical Society Library Digital Map Collection,"Due to their file size, some maps may produce a proxy error when downloaded as a ""large"" file. In those cases, please contact us at digilib@uwm.edu to obtain a copy of the file.","A 1943 U.S. Army map details Tongatapu and Eua Islands, with grids, roads, and topography.",LRP,2022-01-21,2026-06-26,http://cdm17272.contentdm.oclc.org/cdm/ref/collection/agdm/id/31511,31511,31485.jp2,/agdm/image/31485.jp2
"Niue or Savage Island / surveyed by H.D.M. Haszard, District Survey, December, 1903 ; F.W.B. delt.",[1916 edition],Tonga 1916,,New Zealand. Department of Lands and Survey;,"Haszard, H. D. M. (Henry Douglas Morpeth), 1862-1938; F. W. B;",1916;,"Wellington N.Z. : N.Z., Lands and Survey;",Niue -- Maps; Niue;,Oceania;,Tonga;,,,,,"Shows land use, places of interest, buildings (especially on inset map). Relief on inset map shown by hachures. Includes inset map of Alofi Village. Issued as NZMS 68. ""200.2.16.615."" ""When demanding quote - Niue sheet, South-E-2, parts of QIII SW & W 1 N.W.""",,,,cartographic image,Still image,Maps,Color;,"1:62,500 or 1.014"" to 1 mile. (W 169°58ʹ--W 169°45ʹ/S 18°52ʹ--S 19°08ʹ).",,American Geographical Society Library - Maps,,1 map : color ; 48 x 36 cm,530-c .N58 A-[1916?],English,"American Geographical Society Library, University of Wisconsin-Milwaukee",American Geographical Society Library Digital Map Collection,The Board of Regents of the University of Wisconsin System,agsmap028968,image/tif; image/jp2,American Geographical Society Library Digital Map Collection,"Due to their file size, some maps may produce a proxy error when downloaded as a ""large"" file. In those cases, please contact us at digilib@uwm.edu to obtain a copy of the file.","Topographic 1903 map of Niue Island displays villages, elevations, farms, and coastal bays.",LRP,2022-01-21,2026-06-26,http://cdm17272.contentdm.oclc.org/cdm/ref/collection/agdm/id/31513,31513,31486.jp2,/agdm/image/31486.jp2
"Tongatapu Island, Kingdom of Tonga / Edition 1 prepared by the Directorate of Overseas Surveys from a D.O.S. uncontrolled mosiac which was constructed from air photography flown by Lands, Mines and Survey Dept., Fiji, August 1968 for the Government of Tonga.",Edition 1--D.O.S. 1971.,Tonga 1971,D.O.S. (Series) ; 6005.,Great Britain. Directorate of Overseas Surveys;,"Fiji. Department of Lands, Mines, and Surveys;",1971;,,Tongatapu Island (Tonga) -- Maps; Tonga -- Tongatapu Island;,Oceania;,Tonga;,,,,,"""Completed by the Office of the Minister of Lands, Nuku'alofa, Tonga, December 1970."" ""© Tonga Government 1971."" D.O.S. 6005.  Standard map series designation: Series X773",,,,cartographic image,Still image,Maps,Color;,"approximately 1:50,000 (W 175°25ʹ--W 174°50ʹ/S 21°00ʹ--S 21°20ʹ)",,American Geographical Society Library - Maps,,1 map : color ; 68 x 84 cm,765.8-c .T66 A-1971,English,"American Geographical Society Library, University of Wisconsin-Milwaukee",American Geographical Society Library Digital Map Collection,The Board of Regents of the University of Wisconsin System,agsmap028974,image/tif; image/jp2,American Geographical Society Library Digital Map Collection,"Due to their file size, some maps may produce a proxy error when downloaded as a ""large"" file. In those cases, please contact us at digilib@uwm.edu to obtain a copy of the file.","A 1971 map of Tongatapu in Tonga displays terrain, roads, towns, and rivers.",LRP,2022-01-21,2026-06-26,http://cdm17272.contentdm.oclc.org/cdm/ref/collection/agdm/id/31516,31516,31478.jp2,/agdm/image/31478.jp2
"Afrique Équatoriale Française, Oubangui, Seuil de Zinga / plan levé de Janvier à Mai 1912 ; Mission hydrographique Congo-Oubangui.",,Central African Republic 1912,,,French Equatorial Africa. Mission hydrographique Congo-Oubangui;,1912;,Paris : Mission hydrographique Congo-Oubangui;,Nautical charts -- Ubangi River; Rivers -- Congo (Brazzaville) -- Maps;,Africa;,Central African Republic;,,,,,Relief shown by spot heights and gradient tints. Depths shown by bathymetric isolines and soundings.,,,,cartographic image,Still image,Maps,Color;,"1:5,000 (E 18°33ʹ37ʺ--E 18°36ʹ40ʺ/N 3°45ʹ37ʺ--N 3°41ʹ44ʺ)",,American Geographical Society Library - Maps,,"1 map : color ; 92 x 65 cm, on sheet 106 x 75 cm",Chart French Equatorial Africa Oubangui 1912,French,"American Geographical Society Library, University of Wisconsin-Milwaukee",American Geographical Society Library Digital Map Collection,The Board of Regents of the University of Wisconsin System,agsmap028992,image/tif; image/jp2,American Geographical Society Library Digital Map Collection,"Due to their file size, some maps may produce a proxy error when downloaded as a ""large"" file. In those cases, please contact us at digilib@uwm.edu to obtain a copy of the file.",French colonial 1912 map depicts the Ubangi River near Zinga with waterways and nearby regions.,LRP,2022-01-28,2026-06-26,http://cdm17272.contentdm.oclc.org/cdm/ref/collection/agdm/id/31546,31546,31534.jp2,/agdm/image/31534.jp2
"Afrique Équatoriale Française, Oubangui, plan de Bangui / levé en Avril et Mai 1912 ; Mission hydrographique Congo-Oubangui.",,Central African Republic 1912,,,France. Mission hydrographique Congo-Oubangui;,1912;,Paris : Mission hydrographique Congo-Oubangui;,Nautical charts -- Central African Republic -- Bangui; Harbors -- Central African Republic -- Bangui -- Maps; Ubangi River -- Maps; Bangui (Central African Republic) -- Maps;,Africa;,Central African Republic;,,,,,"Relief shown by spot heights, form lines and gradient tints. Depths shown by bathymetric isolines and soundings.",,,,cartographic image,Still image,Maps,Color;,"1:5,000 (E 18°34ʹ09ʺ--E 18°36ʹ47ʺ/N 4°22ʹ25ʺ--N 4°20ʹ44ʺ)",,American Geographical Society Library - Maps,,"1 map : color ; 66 x 93 cm, on sheet 75 x 106 cm",Chart French Equatorial Africa Oubangui Bangui 1912,French,"American Geographical Society Library, University of Wisconsin-Milwaukee",American Geographical Society Library Digital Map Collection,The Board of Regents of the University of Wisconsin System,agsmap028993,image/tif; image/jp2,American Geographical Society Library Digital Map Collection,"Due to their file size, some maps may produce a proxy error when downloaded as a ""large"" file. In those cases, please contact us at digilib@uwm.edu to obtain a copy of the file.",A 1912 French colonial map shows the Ubangi River and Bangui Harbor in Equatorial Africa.,LRP,2022-01-28,2026-06-26,http://cdm17272.contentdm.oclc.org/cdm/ref/collection/agdm/id/31548,31548,31533.jp2,/agdm/image/31533.jp2
"Afrique Équatoriale Française, Congo, Passe Française du Stanley-Pool / plan levé en Août et Septembre 1911 par la mission hydrographique Congo-Oubangui-Sanga sous la direction de M. H. Roussilhe, ingênieur hydrographe de la marine.",,"Stanley Pool, Congo 1911",,"Roussilhe, Henri, 1879-1945;","French Equatorial Africa. Mission Hydrographique Congo-Oubangui-Sanga, 1910-1911;",1911;,Paris : Mission hydrographique Congo-Oubangui-Sanga;,Nautical charts -- Stanley Pool (Congo (Brazzaville) and Congo (Democratic Republic)); Rivers -- Congo (Brazzaville) -- Maps;,Africa;,Congo;,,Malebo Pool; Stanley Pool;,,,"Relief shown by spot heights, form lines and hachures. Depths shown by bathymetric isolines and soundings.",,,,cartographic image,Still image,Maps,Color;,"1:20,000 (E 15°22ʹ28ʺ--E 15°28ʹ06ʺ/S 4°05ʹ57ʺ--S 4°12ʹ48ʺ)",,American Geographical Society Library - Maps,,"1 map : color ; 102 x 70 cm, on sheet 108 x 75 cm",Chart French Equatorial Africa Congo French Pass 1911,French,"American Geographical Society Library, University of Wisconsin-Milwaukee",American Geographical Society Library Digital Map Collection,The Board of Regents of the University of Wisconsin System,agsmap028983,image/tif; image/jp2,American Geographical Society Library Digital Map Collection,"Due to their file size, some maps may produce a proxy error when downloaded as a ""large"" file. In those cases, please contact us at digilib@uwm.edu to obtain a copy of the file.","A 1911 French colonial map details the Stanley Pool region of the Congo River, surveyed by Henri Roussilhe and crew.",LRP,2022-01-31,2026-06-26,http://cdm17272.contentdm.oclc.org/cdm/ref/collection/agdm/id/31550,31550,31554.jp2,/agdm/image/31554.jp2
"Afrique Équatoriale Française, Congo, abords de Brazzaville / plan levé de Juin à Septembre 1911 par la Mission hydrographique Congo-Oubangui-Sanga sous la direction de M.H. Roussilhe, ingénieur hydrographique de la marine.",,Congo 1911,,"Roussilhe, Henri, 1879-1945;","French Equatorial Africa. Mission Hydrographique Congo-Oubangui-Sanga, 1910-1911;",1911;,Paris : Mission Congo-Oubangui-Sanga;,Nautical charts -- Congo (Brazzaville) -- Brazzaville; Harbors -- Congo (Brazzaville) -- Brazzaville -- Maps; Nautical charts -- Congo (Democratic Republic) -- Kinshasa; Harbors -- Congo (Democratic Republic) -- Kinshasa -- Maps; Brazzaville (Congo) -- Maps; Kinshasa (Congo) -- Maps;,Africa;,Congo;,,,,Brazzaville;,Relief shown by spot heights and form lines. Depths shown by bathymetric isolines and soundings.,,,,cartographic image,Still image,Maps,Color;,"1:20,000 (E 15°14ʹ07ʺ--E 15°22ʹ49ʺ/S 4°09ʹ06ʺ--S 4°22ʹ15ʺ)",,American Geographical Society Library - Maps,,"1 map color ; 102 x 70 cm, on sheet 106 x 75 cm",FEA Chart Brazzaville 1911,French,"American Geographical Society Library, University of Wisconsin-Milwaukee",American Geographical Society Library Digital Map Collection,The Board of Regents of the University of Wisconsin System,agsmap028978,image/tif; image/jp2,American Geographical Society Library Digital Map Collection,"Due to their file size, some maps may produce a proxy error when downloaded as a ""large"" file. In those cases, please contact us at digilib@uwm.edu to obtain a copy of the file.",A 1911 French nautical chart of Congo River ports near Brazzaville marks depths and shipping routes.,LRP,2022-01-31,2026-06-26,http://cdm17272.contentdm.oclc.org/cdm/ref/collection/agdm/id/31551,31551,31553.jp2,/agdm/image/31553.jp2
"Afrique equatoriale française, plan de Brazzaville / levé et dessiné de Juin à Septembre 1911 par la mission hydrographique Congo-Oubangui-Sanga sous la direction de M. H. Roussilhe, ingénieur hydrographique de la marine ; grave ́ par R. Hausermann.",,Congo 1913,,"Roussilhe, Henri, 1879-1945;","French Equatorial Africa. Mission Hydrographique Congo-Oubangui-Sanga, 1910-1911;",1913;,Paris : Mission hydrographique Congo-Oubangui-Sanga;,"Brazzaville (Congo) -- Maps; Harbors -- Congo (Brazzaville) -- Brazzaville -- Maps; Poto Poto (Brazzaville, Congo) -- Maps; Bacongo (Brazzaville, Congo) -- Maps; Nautical charts -- Congo (Brazzaville); Nautical charts -- Congo River;",Africa;,Congo;,,,,,"Relief shown by form lines, spot heights and gradient tints. Depths shown by bathymetric isolines and soundings. Shows building footprints for Vge Bacongo, Vge Sénégalais, Terrain Militaire, Mission Catholique, Vge Poto-poto and other places.",,,,cartographic image,Still image,Maps,Color;,"1:5,000 (E 15°14ʹ58ʺ--E 15°18ʹ29ʺ/S 4°15ʹ15ʺ--S 4°18ʹ04ʺ)",,American Geographical Society Library - Maps,,"1 map : color ; 71 x 104 cm, on sheet 80 x 120 cm",Chart French Equatorial Africa Brazzaville 1913,French,"American Geographical Society Library, University of Wisconsin-Milwaukee",American Geographical Society Library Digital Map Collection,The Board of Regents of the University of Wisconsin System,agsmap028979,image/tif; image/jp2,American Geographical Society Library Digital Map Collection,"Due to their file size, some maps may produce a proxy error when downloaded as a ""large"" file. In those cases, please contact us at digilib@uwm.edu to obtain a copy of the file.","A 1913 map of Brazzaville, Congo, displays river ports, districts (Poto Poto and Bacongo), and navigation contours.",LRP,2022-01-31,2026-06-26,http://cdm17272.contentdm.oclc.org/cdm/ref/collection/agdm/id/31553,31553,31556.jp2,/agdm/image/31556.jp2
"Afrique Équatoriale Française, Congo, fle. 1, de Léopoldville au couloir (Stanley-Pool) / carte levée en 1911 par la Mission hydrographique Congo-Oubangui-Sanga sous la direction de M. H. Roussilhe, ingénieur hydrographe de la marine.",,"Stanley Pool, Congo 1911",,"Roussilhe, Henri, 1879-1945;","French Equatorial Africa. Mission Hydrographique Congo-Oubangui-Sanga, 1910-1911;",1911;,Paris : Mission hydrographique Congo-Oubangui-Sanga;,Nautical charts -- Congo River; Rivers -- Congo (Democratic Republic) -- Maps; Brazzaville (Congo) -- Maps; Kinshasa (Congo) -- Maps;,Africa;,Congo;,,Stanley Pool; Malebo Pool;,,,Relief shown by spot heights form lines. Depths shown by bathymetric isolines and soundings.,,,,cartographic image,Still image,Maps,Grayscale;,"approximately 1:50,000 ; Mercator projection (E 15°11ʹ56ʺ--E 15°35ʹ57ʺ/S 4°04ʹ30ʺ--S 4°22ʹ00ʺ)",,American Geographical Society Library - Maps,,"1 map ; 68 x 99 cm, on sheet 75 x 106 cm",Chart French Equatorial Africa Congo 1 1911,French,"American Geographical Society Library, University of Wisconsin-Milwaukee",American Geographical Society Library Digital Map Collection,The Board of Regents of the University of Wisconsin System,agsmap028981,image/tif; image/jp2,American Geographical Society Library Digital Map Collection,"Due to their file size, some maps may produce a proxy error when downloaded as a ""large"" file. In those cases, please contact us at digilib@uwm.edu to obtain a copy of the file.",A 1911 navigational map by Henri Roussilhe charts Léopoldville to Stanley-Pool.,LRP,2022-01-31,2026-06-26,http://cdm17272.contentdm.oclc.org/cdm/ref/collection/agdm/id/31555,31555,31562.jp2,/agdm/image/31562.jp2
"Afrique Équatoriale Française, Congo, abords de Brazzaville / plan levé d'Aout à Octobre 1911 par la Mission hydrographique Congo-Oubangui-Sanga sous la direction de M.H. Roussilhe, ingénieur hydrographique de la marine.",,Congo 1911,,"Roussilhe, Henri, 1879-1945;","French Equatorial Africa. Mission Hydrographique Congo-Oubangui-Sanga, 1910-1911;",1911;,Paris : Mission Congo-Oubangui-Sanga;,Nautical charts -- Congo (Brazzaville) -- Brazzaville; Harbors -- Congo (Brazzaville) -- Brazzaville -- Maps; Nautical charts -- Congo (Democratic Republic) -- Kinshasa; Harbors -- Congo (Democratic Republic) -- Kinshasa -- Maps; Brazzaville (Congo) -- Maps; Kinshasa (Congo) -- Maps;,Africa;,Congo;,,,,Brazzaville;,"Relief shown by spot heights, form lines and gradient tints. Depths shown by bathymetric isolines and soundings.",,,,cartographic image,Still image,Maps,Color;,"1:10,000 ; (E 15°15ʹ38ʺ--E 15°20ʹ12ʺ/S 4°13ʹ23ʺ--S 4°19ʹ26ʺ)",,American Geographical Society Library - Maps,,"1 map ; 103 x 71 cm, on sheet 120 x 80 cm",Chart French Equatorial Africa Congo Brazzaville 1911,French,"American Geographical Society Library, University of Wisconsin-Milwaukee",American Geographical Society Library Digital Map Collection,The Board of Regents of the University of Wisconsin System,agsmap028982,image/tif; image/jp2,American Geographical Society Library Digital Map Collection,"Due to their file size, some maps may produce a proxy error when downloaded as a ""large"" file. In those cases, please contact us at digilib@uwm.edu to obtain a copy of the file.","A 1911 nautical chart depicts Brazzaville harbor by the Congo River, marking depths, shores, and nearby terrain.",LRP,2022-01-31,2026-06-26,http://cdm17272.contentdm.oclc.org/cdm/ref/collection/agdm/id/31556,31556,31561.jp2,/agdm/image/31561.jp2
"Afrique Équatoriale Française, reconnaissance hydrographique, Congo, feuille 2, du Stanley Pool à la Rivière Noire / effectuée en 1911 par la Mission Congo-Oubangui-Sanga sous la direction de M. H. Roussilhe, ingénieur hydrographe de la marine.",,Congo 1911,,"Roussilhe, Henri, 1879-1945;","French Equatorial Africa. Mission Hydrographique Congo-Oubangui-Sanga, 1910-1911;",1911;,Paris : Mission Congo-Oubangui-Sanga;,Nautical charts -- Congo River; Rivers -- Congo (Democratic Republic) -- Maps;,Africa;,Congo;,,Malebo Pool;,,,,,,,cartographic image,Still image,Maps,Grayscale;,"approximately 1:50,000 ; Mercator projection (E 15°27ʹ35ʺ--E 15°55ʹ15ʺ/S 3°51ʹ00ʺ--S 4°08ʹ40ʺ)",,American Geographical Society Library - Maps,,"1 map ; 68 x 100 cm, on sheet 75 x 106 cm",Chart French Equatorial Africa Congo 2 1911,French,"American Geographical Society Library, University of Wisconsin-Milwaukee",American Geographical Society Library Digital Map Collection,The Board of Regents of the University of Wisconsin System,agsmap028996,image/tif; image/jp2,American Geographical Society Library Digital Map Collection,"Due to their file size, some maps may produce a proxy error when downloaded as a ""large"" file. In those cases, please contact us at digilib@uwm.edu to obtain a copy of the file.",A 1911 French colonial hydrographic map traces the Congo River from Stanley Pool down to the Rivière Noire.,LRP,2022-01-31,2026-06-26,http://cdm17272.contentdm.oclc.org/cdm/ref/collection/agdm/id/31557,31557,31560.jp2,/agdm/image/31560.jp2
"Map of the north-east part of Siberia to illustrate the narrative of the expedition to the Polar Sea in 1820, 21, 22 & 23 commanded by Lieut. Ferdinand von Wrangell of the Russian Imperial Navy.",,Siberia 1861,,"Wrangel, Ferdinand Petrovich, baron, 1796-1870;",,1861;,New York : Harper & Brothers;,Siberia (Russia) -- Maps; Arctic regions -- Maps;,Asia;,,,Siberia;,,,Relief shown by hachures.,,,,cartographic image,Still image,Maps,Grayscale;,"approximately 1:9,000,000 (E 124°56ʹ00ʺ--W 168°47ʹ00ʺ/N 77°00ʹ00ʺ--N 62°48ʹ00ʺ)",,American Geographical Society Library - Maps,,1 map ; 24 x 37 cm,490 B-1841 1861,English,"American Geographical Society Library, University of Wisconsin-Milwaukee",American Geographical Society Library Digital Map Collection,The Board of Regents of the University of Wisconsin System,agsmap028985,image/tif; image/jp2,American Geographical Society Library Digital Map Collection,"Due to their file size, some maps may produce a proxy error when downloaded as a ""large"" file. In those cases, please contact us at digilib@uwm.edu to obtain a copy of the file.",An 1861 map traces Baron Ferdinand von Wrangell's 1820-23 Polar Sea expedition route across northeast Siberia.,LRP,2022-01-31,2026-06-26,http://cdm17272.contentdm.oclc.org/cdm/ref/collection/agdm/id/31558,31558,31559.jp2,/agdm/image/31559.jp2
"Afrique Équatoriale Française, reconnaissance hydrographique, Congo, feuille 7, de la Rivière Sanga à Irébou / effectuée en 1911 par la mission Congo-Oubangui-Sanga sous la direction de M. H. Roussilhe, ingénieur hydrographe de la marine.",,"Congo River, Democratic Republic of Congo 1911",,"Roussilhe, Henri, 1879-1945;","French Equatorial Africa. Mission Hydrographique Congo-Oubangui-Sanga, 1910-1911;",1911;,Paris : Mission Congo-Oubangui-Sanga;,Nautical charts -- Congo River; Rivers -- Congo (Democratic Republic) -- Maps;,Africa;,Congo;,,,,,Map in 2 segments. Depths shown by soundings.,,,,cartographic image,Still image,Maps,Grayscale;,"approximately 1:50,000 ; Mercator projection (E 16°48ʹ12ʺ--E 17°18ʹ17ʺ/S 0°58ʹ20ʺ--S 1°16ʹ40ʺ)",,American Geographical Society Library - Maps,,"1 map ; 108 x 76 cm, on sheet 75 x 106 cm",Chart French Equatorial Africa Congo 7 1911,French,"American Geographical Society Library, University of Wisconsin-Milwaukee",American Geographical Society Library Digital Map Collection,The Board of Regents of the University of Wisconsin System,agsmap029001,image/tif; image/jp2,American Geographical Society Library Digital Map Collection,"Due to their file size, some maps may produce a proxy error when downloaded as a ""large"" file. In those cases, please contact us at digilib@uwm.edu to obtain a copy of the file.",French 1911 survey chart showing rivers and key sites between Sanga and Irébou in Congo.,LRP,2022-01-31,2026-06-26,http://cdm17272.contentdm.oclc.org/cdm/ref/collection/agdm/id/31559,31559,31564.jp2,/agdm/image/31564.jp2
"Afrique Équatoriale Française, reconnaissance hydrographique, Congo, feuille 4, de la Rivière Léfini à Bolobo / effectuée en 1911 par la mission Congo-Oubangui-Sanga sous la direction de M. H. Roussilhe, ingénieur hydrographe de la marine.",,Congo 1911,,"Roussilhe, Henri, 1879-1945;","French Equatorial Africa. Mission Hydrographique Congo-Oubangui-Sanga, 1910-1911;",1911;,Paris : Mission Congo-Oubangui-Sanga;,Nautical charts -- Congo River; Rivers -- Congo (Democratic Republic) -- Maps;,Africa;,Congo;,,,,,Map in 2 segments. Relief shown by spot heights and form lines. Depths shown by soundings.,,,,cartographic image,Still image,Maps,Grayscale;,"approximately 1:50,000 ; Mercator projection (E 16°06ʹ02ʺ--E 16°16ʹ43ʺ/S 2°07ʹ50ʺ--S 2°58ʹ55ʺ)",,American Geographical Society Library - Maps,,"1 map ; 196 x 37 cm, on sheet 106 x 75 cm",Chart French Equatorial Africa Congo 4 1911,French,"American Geographical Society Library, University of Wisconsin-Milwaukee",American Geographical Society Library Digital Map Collection,The Board of Regents of the University of Wisconsin System,agsmap028998,image/tif; image/jp2,American Geographical Society Library Digital Map Collection,"Due to their file size, some maps may produce a proxy error when downloaded as a ""large"" file. In those cases, please contact us at digilib@uwm.edu to obtain a copy of the file.",A 1911 French nautical chart surveys the Congo River from Rivière Lefini to Bolobo under Henri Roussilhe.,LRP,2022-01-31,2026-06-26,http://cdm17272.contentdm.oclc.org/cdm/ref/collection/agdm/id/31560,31560,31566.jp2,/agdm/image/31566.jp2
"Afrique Équatoriale Française, reconnaissance hydrographique, Congo, feuille 6, de la Rivière Alima à la Rivière Sanga / effectuée en 1911 par la mission Congo-Oubangui-Sanga sous la direction de M. H. Roussilhe, ingénieur hydrographe de la marine.",,"Congo River, Democratic Republic of Congo 1911",,"Roussilhe, Henri, 1879-1945;","French Equatorial Africa. Mission Hydrographique Congo-Oubangui-Sanga, 1910-1911;",1911;,Paris : Mission Congo-Oubangui-Sanga;,Nautical charts -- Congo River; Rivers -- Congo (Democratic Republic) -- Maps;,Africa;,Congo;,,,,,Depths shown by soundings.,,,,cartographic image,Still image,Maps,Grayscale;,"approximately 1:50,000 ; Mercator projection (E 16°36ʹ06ʺ--E 16°57ʹ41ʺ/S 1°11ʹ20ʺ--S 1°37ʹ30ʺ)",,American Geographical Society Library - Maps,,"1 map ; 98 x 67 cm, on sheet 106 x 75 cm",Chart French Equatorial Africa Congo 6 1911,French,"American Geographical Society Library, University of Wisconsin-Milwaukee",American Geographical Society Library Digital Map Collection,The Board of Regents of the University of Wisconsin System,agsmap029000,image/tif; image/jp2,American Geographical Society Library Digital Map Collection,"Due to their file size, some maps may produce a proxy error when downloaded as a ""large"" file. In those cases, please contact us at digilib@uwm.edu to obtain a copy of the file.",A 1911 French colonial map details the Congo River between the Alima and Sanga rivers.,LRP,2022-01-31,2026-06-26,http://cdm17272.contentdm.oclc.org/cdm/ref/collection/agdm/id/31562,31562,31567.jp2,/agdm/image/31567.jp2
"Afrique Équatoriale Française, reconnaissance hydrographique, Congo, feuille 5, de Bolobo à la Rivière Alima / effectuée en 1911 par la mission Congo-Oubangui-Sanga sous la direction de M. H. Roussilhe, ingénieur hydrographe de la marine.",,Congo 1911,,"Roussilhe, Henri, 1879-1945;","French Equatorial Africa. Mission Hydrographique Congo-Oubangui-Sanga, 1910-1911;",1911,Paris : Mission Congo-Oubangui-Sanga;,Nautical charts -- Congo River; Rivers -- Congo (Democratic Republic) -- Maps;,Africa;,Congo;,,,,,Map in 2 segments. Relief shown by form lines. Depths shown by soundings.,,,,cartographic image,Still image,Maps,Grayscale;,"approximately 1:50,000 ; Mercator projection (E 16°11ʹ05ʺ--E 16°42ʹ07ʺ/S 1°35ʹ00ʺ--S 2°10ʹ05ʺ)",,American Geographical Society Library - Maps,,"1 map ; 134 x 60 cm, on sheet 75 x 106 cm",Chart French Equatorial Africa Congo 5 1911,French,"American Geographical Society Library, University of Wisconsin-Milwaukee",American Geographical Society Library Digital Map Collection,The Board of Regents of the University of Wisconsin System,agsmap028999,image/tif; image/jp2,American Geographical Society Library Digital Map Collection,"Due to their file size, some maps may produce a proxy error when downloaded as a ""large"" file. In those cases, please contact us at digilib@uwm.edu to obtain a copy of the file.",A vintage 1911 French map of Africa shows the Congo River between Bolobo and Rivière Alima with nautical details.,LRP,2022-01-31,2026-06-26,http://cdm17272.contentdm.oclc.org/cdm/ref/collection/agdm/id/31563,31563,31565.jp2,/agdm/image/31565.jp2
"Afrique Équatoriale Française, Oubangui, de Mongoumba à Bangui, feuille no. 3, de la pointe sud de Beauséjour à la pointe nord de l'Ilot Edouard / plan levé en Mars et Avril 1912 ; Mission hydrographique Congo-Oubangui.",,"Ubangi River, Congo 1912",,,French Equatorial Africa. Mission hydrographique Congo-Oubangui;,1912;,Paris : Mission hydrographique Congo-Oubangui;,Nautical charts -- Ubangi River; Rivers -- Congo (Brazzaville) -- Maps;,Africa;,Congo;,,,,,Depths shown by bathymetric isolines and soundings. Includes 2 inset maps: Passage des Roches du Pigeon -- Passage de l'Aiguille.,,,,cartographic image,Still image,Maps,Grayscale;,"1:10,000 (E 18°32ʹ57ʺ--E 18°36ʹ54ʺ/N 3°50ʹ04ʺ--N 3°44ʹ48ʺ)",,American Geographical Society Library - Maps,,"1 map ; 99 x 67 cm, on sheet 106 x 75 cm",Nautical Charts Chart French Equatorial Africa Oubangui 3 1912,French,"American Geographical Society Library, University of Wisconsin-Milwaukee",American Geographical Society Library Digital Map Collection,The Board of Regents of the University of Wisconsin System,agsmap029016,image/tif; image/jp2,American Geographical Society Library Digital Map Collection,"Due to their file size, some maps may produce a proxy error when downloaded as a ""large"" file. In those cases, please contact us at digilib@uwm.edu to obtain a copy of the file.",A 1912 French colonial-era nautical map traces the Ubangi River from Beauséjour to Îlot Édouard.,LRP,2022-02-02,2026-06-26,http://cdm17272.contentdm.oclc.org/cdm/ref/collection/agdm/id/31573,31573,31568.jp2,/agdm/image/31568.jp2
"Côte ouest d'Afrique, Bas-Ogooué / croquis dressé par ordre de M. Martial Merlin, gouverneur général de l'Afrique équatoriale française d'après les reconnaissances effectuées d'Août à Décembre 1911 ; Mission hydrographique du Gabon.",,"Ogooué et des Lacs, Gabon 1911",,,Mission hydrographique du Gabon;  France. Ministère des colonies;,1911;,Paris : Mission hydrographique du Gabon;,Nautical charts -- Gabon -- Ogooué et des Lacs; Nautical charts -- Gabon -- Port-Gentil (Ogooué-Maritime); Nautical charts -- Gabon -- Atlantic Coast;,Africa;,Gabon;,,Ogooué et des Lacs,,,Depths shown by bathymetric isolines and soundings. Includes 1 inset map of Sangatanga area.,,,,cartographic image,Still image,Maps,Color;,"1:100,000 (E 8°39ʹ07ʺ--E 9°29ʹ07ʺ/S 0°35ʹ30ʺ--S 1°13ʹ30ʺ)",,American Geographical Society Library - Maps,,"1 map : color ; 71 x 98 cm, on sheet 75 x 104 cm",Nautical Charts Chart French Equatorial Africa Gabon Bas-Ogooue 1911a,French,"American Geographical Society Library, University of Wisconsin-Milwaukee",American Geographical Society Library Digital Map Collection,The Board of Regents of the University of Wisconsin System,agsmap029004,image/tif; image/jp2,American Geographical Society Library Digital Map Collection,"Due to their file size, some maps may produce a proxy error when downloaded as a ""large"" file. In those cases, please contact us at digilib@uwm.edu to obtain a copy of the file.",Vintage 1911 French chart mapping the West African Bas-Ogooué river and nearby coast.,LRP,2022-02-02,2026-06-26,http://cdm17272.contentdm.oclc.org/cdm/ref/collection/agdm/id/31576,31576,31572.jp2,/agdm/image/31572.jp2
"Côte ouest d'Afrique, Bas-Ogooué, depuis le confluent de la Ngunié jusqu'à l'embouchure de l'Obando / croquis dressé par ordre de M. Martial Merlin gouverneur général de l'Afrique équatoriale française d'après les reconnaissances effectuées d'Août à Novembre 1911 ; Mission hydrographique du Gabon.",,"Ogooué et des Lacs, Gabon 1911",,,France. Ministère des colonies; France. Service hydrographique de la marine;,1911;,Paris : Mission hydrographique du Gabon Ministère des Colonies;,Nautical charts -- Gabon -- Ogooué et des Lacs;,Africa;,Gabon;,,,,,Depths shown by soundings. Includes 1 inset map of Lac Azingo.,,,,cartographic image,Still image,Maps,Color;,"1:100,000 (E 9°26ʹ16ʺ--E 10°21ʹ16ʺ/S 0°28ʹ14ʺ--S 1°10ʹ00ʺ)",,American Geographical Society Library - Maps,,"1 map : color ; 72 x 97 cm, on sheet 75 x 104 cm",Chart French Equatorial Africa Gabon Bas-Ogooue 1911b,French,"American Geographical Society Library, University of Wisconsin-Milwaukee",American Geographical Society Library Digital Map Collection,The Board of Regents of the University of Wisconsin System,agsmap029005,image/tif; image/jp2,American Geographical Society Library Digital Map Collection,"Due to their file size, some maps may produce a proxy error when downloaded as a ""large"" file. In those cases, please contact us at digilib@uwm.edu to obtain a copy of the file.",A 1911 nautical chart displays the Bas-Ogooué waterways and lakes near Autuanda and Azingo in Gabon.,LRP,2022-02-02,2026-06-26,http://cdm17272.contentdm.oclc.org/cdm/ref/collection/agdm/id/31577,31577,31569.jp2,/agdm/image/31569.jp2
"Afrique Équatoriale Française, reconaissance hydrographique, Oubangui, feuille 1, du Congo à Balhois / effectuée en 1911 par la mission Congo-Oubangui-Sanga sous la direction de M. H. Roussilhe, ingénieur hydrographe de la marine.",,Congo 1911,,"Roussilhe, Henri, 1879-1945;",,1911;,Paris : Mission Congo-Oubangui-Sanga;,Nautical charts -- Ubangi River;,Africa;,Congo;,,Ubangi River;,,Brazzaville;,Map in 3 segments. Depths shown by soundings.,,,,cartographic image,Still image,Maps,Grayscale;,"approximately 1:50,000 ; Mercator projection (E 17°36ʹ20ʺ--E 18°00ʹ03ʺ/N 0°29ʹ10ʺ--S 0°36ʹ00ʺ)",,American Geographical Society Library - Maps,,"1 map ; 258 x 43 cm, on sheet 106 x 75 cm",Nautical Charts Chart French Equatorial Africa Oubangui 1 1911,French,"American Geographical Society Library, University of Wisconsin-Milwaukee",American Geographical Society Library Digital Map Collection,The Board of Regents of the University of Wisconsin System,agsmap029011,image/tif; image/jp2,American Geographical Society Library Digital Map Collection,"Due to their file size, some maps may produce a proxy error when downloaded as a ""large"" file. In those cases, please contact us at digilib@uwm.edu to obtain a copy of the file.",A 1911 French chart maps the Ubangi River between Congo and Balho.,LRP,2022-02-04,2026-06-26,http://cdm17272.contentdm.oclc.org/cdm/ref/collection/agdm/id/31581,31581,31589.jp2,/agdm/image/31589.jp2
"Cote ouest d'Afrique, Lagunes N'dogo, Simba et Sunga / croquis dressé par ordre de M. Martial Merlin gouverneur général de l'Afrique Equatoriale Française d'après les reconnaissances effectuées d'Août à Septembre 1911 ... Mission hydrographique du Gabon.",,Gabon 1911;,,,French Equatorial Africa;,1911;,Paris : Mission hydrographique du Gabon;,Nautical charts -- Gabon -- Atlantic Coast;,Africa;,Gabon;,,,,,Depths shown by soundings. Includes 2 inset maps and 1 coastal profile: Profil de l'isthme N'dama Niungu -- Entrée de la Lagune Sunga -- Passe de l'Ile M'bottio.,,,,cartographic image,Still image,Maps,Color;,"1:100,000 (E 9°40ʹ00ʺ--E 10°20ʹ00ʺ/S 2°08ʹ00ʺ--S 3°00ʹ00ʺ)",,American Geographical Society Library - Maps,,"1 map : color ; 98 x 68 cm, on sheet 105 x 75 cm","Chart French Equatorial Africa N'dogo, Simba et Sunga 1911",French,"American Geographical Society Library, University of Wisconsin-Milwaukee",American Geographical Society Library Digital Map Collection,The Board of Regents of the University of Wisconsin System,agsmap029009,image/tif; image/jp2,American Geographical Society Library Digital Map Collection,"Due to their file size, some maps may produce a proxy error when downloaded as a ""large"" file. In those cases, please contact us at digilib@uwm.edu to obtain a copy of the file.","Nineteenth-century map showing Gabon's N'dogo, Simba, and Sunga lagoons along its Atlantic coast, with close-ups of Saung.",LRP,2022-02-04,2026-06-26,http://cdm17272.contentdm.oclc.org/cdm/ref/collection/agdm/id/31582,31582,31592.jp2,/agdm/image/31592.jp2
"Afrique Équatoriale Française, reconaissance hydrographique, Oubangui, feuille 3, d'Impfondo à Bongondo / effectuée en 1911 par la mission Congo-Oubangui-Sanga sous la direction de M. H. Roussilhe, ingénieur hydrographe de la marine.",,Congo 1911,,"Roussilhe, Henri, 1879-1945;","French Equatorial Africa. Mission Hydrographique Congo-Oubangui-Sanga, 1910-1911;",1911;,Paris : Mission Congo-Oubangui-Sanga;,Nautical Charts -- Ubangi River;,Africa;,Congo;,,Ubangi River;,,Brazzaville;,Map in 2 segments. Depths shown by soundings.,,,,cartographic image,Still image,Maps,Grayscale;,"approximately 1:50,000 ; Mercator projection (E 18°01ʹ08ʺ--E 18°15ʹ08ʺ/N 2°28ʹ50ʺ--N 1°37ʹ30ʺ)",,American Geographical Society Library - Maps,,"1 map ; 198 x 47 cm, on sheet 106 x 75 cm",Nautical Charts Chart French Equatorial Africa Oubangui 3 1911,French,"American Geographical Society Library, University of Wisconsin-Milwaukee",American Geographical Society Library Digital Map Collection,The Board of Regents of the University of Wisconsin System,agsmap029014,image/tif; image/jp2,American Geographical Society Library Digital Map Collection,"Due to their file size, some maps may produce a proxy error when downloaded as a ""large"" file. In those cases, please contact us at digilib@uwm.edu to obtain a copy of the file.",A 1911 French colonial map shows the Ubangi River's course from Impfondo to Bongondo.,LRP,2022-02-04,2026-06-26,http://cdm17272.contentdm.oclc.org/cdm/ref/collection/agdm/id/31583,31583,31585.jp2,/agdm/image/31585.jp2
"Afrique Équatoriale Française, reconaissance hydrographique, Oubangui, feuille 4, de Bongondo à Bétou / effectuée en 1911 par la mission Congo-Oubangui-Sanga sous la direction de M.H. Roussilhe, ingénieur hydrographe de la marine.",,Congo 1911,,,French Equatorial Africa. Mission hydrographique Congo-Oubangui;,1911;,Paris : Mission hydrographique Congo-Oubangui;,Nautical charts -- Ubangi River; Rivers -- Congo (Brazzaville) -- Maps;,Africa;,Congo;,,Ubangi River;,,Brazzaville;,Depths shown by bathymetric isolines and soundings. Map in 2 segments.  Received Dec 17 1912 gift from publisher.,,,,cartographic image,Still image,Maps,Grayscale;,"1:50,000 Mercator projection (E 18°10ʹ56ʺ--E 18°33ʹ36ʺ/N 3°04ʹ20ʺ--N 2°26ʹ35ʺ).",,American Geographical Society Library - Maps,,"1 map ; 157 x 67 cm, on sheet 106 x 75 cm",Nautical Charts Chart French Equatorial Africa Oubangui 4 1911,French,"American Geographical Society Library, University of Wisconsin-Milwaukee",American Geographical Society Library Digital Map Collection,The Board of Regents of the University of Wisconsin System,agsmap029017,image/tif; image/jp2,American Geographical Society Library Digital Map Collection,"Due to their file size, some maps may produce a proxy error when downloaded as a ""large"" file. In those cases, please contact us at digilib@uwm.edu to obtain a copy of the file.",A 1911 French hydrographic chart maps the Ubangi River between Bongondo and Béoué.,LRP,2022-02-04,2026-06-26,http://cdm17272.contentdm.oclc.org/cdm/ref/collection/agdm/id/31584,31584,31588.jp2,/agdm/image/31588.jp2
"Afrique Équatoriale Française, Oubangui, de Mongoumba à Bangui, feuille no. 1, de Mongoumba à la Lobaye / plan levé en Avril 1912 ; Mission hydrographique Congo-Oubangui.",,"Ubangi River, Congo 1912",,,"French Equatorial Africa. Mission Hydrographique Congo-Oubangui-Sanga, 1910-1911;",1912;,Paris : Mission hydrographique Congo-Oubangui;,Nautical charts -- Ubangi River; Rivers -- Congo (Brazzaville) -- Maps;,Africa;,Congo;,,Ubangi River;,,Brazzaville;,Depths shown by bathymetric isolines and soundings. Includes 1 inset map: Passage des Roches Mapoute.,,,,cartographic image,Still image,Maps,,"1:10,000 (E 18°34ʹ45ʺ--E 18°36ʹ55ʺ/N 3°42ʹ24ʺ--N 3°36ʹ37ʺ)",,American Geographical Society Library - Maps,,"1 map ; 98 x 67 cm, on sheet 106 x 75 cm",Chart French Equatorial Africa Oubangui 1 1912,French,"American Geographical Society Library, University of Wisconsin-Milwaukee",American Geographical Society Library Digital Map Collection,The Board of Regents of the University of Wisconsin System,agsmap029012,image/tif; image/jp2,American Geographical Society Library Digital Map Collection,"Due to their file size, some maps may produce a proxy error when downloaded as a ""large"" file. In those cases, please contact us at digilib@uwm.edu to obtain a copy of the file.","A 1912 French nautical chart maps the Ubangi River from Mongoumba to Bangui, including the region's waterways and landmarks.",LRP,2022-02-04,2026-06-26,http://cdm17272.contentdm.oclc.org/cdm/ref/collection/agdm/id/31586,31586,31586.jp2,/agdm/image/31586.jp2
"Côte ouest d'Afrique, Lagune N'komi ou de Fernan Vaz et ses abords / d'après les reconnaissances effectuées de Septembre 1911 à Janvier 1912 ... Mission hydrographique du Gabon.",,Gabon 1912,,French Equatorial Africa;,,1912;,Paris : Mission hydrographique du Gabon;,Nautical charts -- Gabon -- Atlantic Coast;,Africa;,Gabon;,,Lagune N'Komi;,,,Depths shown by bathymetric isolines and soundings. Includes 2 coastal insets: Profil de la piste de Kengué à Zonazarongué -- Profil des pistes d'Ambéli-Bouali à Yona et d'Ambéli-Bouali à Bangué.,,,,cartographic image,Still image,Maps,Color;,"1:100,000 (E 8°58ʹ08ʺ--E 9°35ʹ22ʺ/S 1°03ʹ20ʺ--S 1°55ʹ30ʺ)",,American Geographical Society Library - Maps,,"1 map : color ; 98 x 71 cm, on sheet 105 x 75 cm",Nautical Charts Chart French Equatorial Africa N'komi 1912,French,"American Geographical Society Library, University of Wisconsin-Milwaukee",American Geographical Society Library Digital Map Collection,The Board of Regents of the University of Wisconsin System,agsmap029010,image/tif; image/jp2,American Geographical Society Library Digital Map Collection,"Due to their file size, some maps may produce a proxy error when downloaded as a ""large"" file. In those cases, please contact us at digilib@uwm.edu to obtain a copy of the file.","A 1911 French colonial nautical map shows Gabon's Atlantic coast, including N'Komi Lagoon and Fernan Vaz.",LRP,2022-02-04,2026-06-26,http://cdm17272.contentdm.oclc.org/cdm/ref/collection/agdm/id/31587,31587,31591.jp2,/agdm/image/31591.jp2
"Afrique Équatoriale Française, Oubangui, de Mongoumba à Bangui, feuille no. 4, de l'Ile Édouard à la pointe nord de l'Ile de la Lessé / plan levé en Mars et Avril 1912 ; Mission hydrographique Congo-Oubangui.",,"Ubangi River region, Congo 1912",,,French Equatorial Africa. Mission hydrographique Congo-Oubangui;,1912;,Paris : Mission hydrographique Congo-Oubangui;,Nautical charts -- Ubangi River ; Rivers -- Congo (Brazzaville) -- Maps,Africa;,Congo;,,Ubangi River;,,Brazzaville;,Depths shown by bathymetric isolines and soundings. Includes 1 insets: Passage de Cétia. Received Dec 17 1912 gift from publisher.,,,,cartographic image,Still image,Maps,Grayscale;,"1:10,000 (E 18°34ʹ24ʺ--E 18°38ʹ58ʺ/N 3°55ʹ58ʺ--N 3°48ʹ33ʺ)",,American Geographical Society Library - Maps,,"1 map ; 99 x 67 cm, on sheet 106 x 75 cm",Nautical Charts Chart French Equatorial Africa Oubangui 4 1912,French,"American Geographical Society Library, University of Wisconsin-Milwaukee",American Geographical Society Library Digital Map Collection,The Board of Regents of the University of Wisconsin System,agsmap029018,image/tif; image/jp2,American Geographical Society Library Digital Map Collection,"Due to their file size, some maps may produce a proxy error when downloaded as a ""large"" file. In those cases, please contact us at digilib@uwm.edu to obtain a copy of the file.","A 1912 French nautical map details the Ubangi River from Mongoumba to Bangui, including island formations such as Île.",LRP,2022-02-04,2026-06-26,http://cdm17272.contentdm.oclc.org/cdm/ref/collection/agdm/id/31588,31588,31590.jp2,/agdm/image/31590.jp2
"Afrique Équatoriale Française, reconaissance hydrographique, Oubangui, feuille 2, de Balhoïs à Impfondo / effectuée en 1911 par la mission Congo-Oubangui-Sanga sous la direction de M. H. Roussilhe, ingénieur hydrographe de la marine.",,"Ubangi River, Congo 1911",,"Roussilhe, Henri, 1879-1945;","French Equatorial Africa. Mission Hydrographique Congo-Oubangui-Sanga, 1910-1911;",1911;,Paris : Mission Congo-Oubangui-Sanga;,Nautical charts -- Ubangi River; Rivers -- Congo (Brazzaville) -- Maps;,Africa;,Congo;,,Ubangi River;,,Brazzaville;,Map in 3 segments. Depths shown by soundings.,,,,cartographic image,Still image,Maps,Grayscale;,"approximately 1:50,000 ; Mercator projection (E 17°48ʹ19ʺ--E 18°06ʹ45ʺ/N 1°37ʹ55ʺ--N 0°26ʹ40ʺ)",,American Geographical Society Library - Maps,,"1 map ; 274 x 35 cm, on sheet 106 x 75 cm",Nautical Charts Chart French Equatorial Africa Oubangui 2 1911,French,"American Geographical Society Library, University of Wisconsin-Milwaukee",American Geographical Society Library Digital Map Collection,The Board of Regents of the University of Wisconsin System,agsmap029013,image/tif; image/jp2,American Geographical Society Library Digital Map Collection,"Due to their file size, some maps may produce a proxy error when downloaded as a ""large"" file. In those cases, please contact us at digilib@uwm.edu to obtain a copy of the file.","A 1911 French hydro map shows the Ubangi River basin from Balhoïs to Impfondo at 1:50,000 Mercator scale.",LRP,2022-02-04,2026-06-26,http://cdm17272.contentdm.oclc.org/cdm/ref/collection/agdm/id/31589,31589,31587.jp2,/agdm/image/31587.jp2
"Côte ouest d'Afrique, estuaire du Gabon, mouillage de la Pte. Owendo / plan levé en 1912 par ordre de Mr. Martial Merlin, gouverneur général de l'Afrique Equatoriale Française ... Mission hydrographique du Gabon.",,Gabon 1912,,,France. Mission hydrographique du Gabon;,1912;,Paris : Mission hydrographique du Gabon;,Nautical charts -- Gabon -- Gabon Estuary; Nautical charts -- Gabon -- Atlantic Coast;,Africa;,Gabon;,,,,,Relief shown by spot heights and form lines. Depths shown by bathymetric isolines and soundings.,,,,cartographic image,Still image,Maps,Color;,"1:5,000 (E 9°28ʹ56ʺ--E 9°31ʹ42ʺ/N 0°17ʹ55ʺ--N 0°16ʹ20ʺ)",,American Geographical Society Library - Maps,,"1 map : color ; 60 x 98 cm, on sheet 75 x 105 cm",Chart French Equatorial Africa Owendo 1912,French,"American Geographical Society Library, University of Wisconsin-Milwaukee",American Geographical Society Library Digital Map Collection,The Board of Regents of the University of Wisconsin System,agsmap029031 (c1-c2),image/tif; image/jp2,American Geographical Society Library Digital Map Collection,"Due to their file size, some maps may produce a proxy error when downloaded as a ""large"" file. In those cases, please contact us at digilib@uwm.edu to obtain a copy of the file.",,LRP,2022-02-09,2022-02-10,http://cdm17272.contentdm.oclc.org/cdm/ref/collection/agdm/id/31592,31592,31602.cpd,/agdm/image/31602.cpd
"Côte ouest d'Afrique, Baie de Pointe Noire / plan levé en 1910 par ordre de Mr. Martial Merlin, gouverneur général de l'Afrique Equatoriale Française.",,"Brazzaville, Congo 1910",,,French Equatorial Africa;,1910;,Paris : Afrique Equatoriale Française;,"Nautical charts -- Congo (Brazzaville) -- Pointe-Noire (Kouilou); Harbors -- Congo (Brazzaville) -- Pointe-Noire (Kouilou) -- Maps; Pointe-Noire (Kouilou, Congo) -- Maps;",Africa;,Gabon;,,Brazzaville,,,Relief shown by spot heights and form lines. Depths shown by bathymetric isolines and soundings.,,,,cartographic image,Still image,Maps,Color;,"1:10,000 (E 11°45ʹ13ʺ--E 11°53ʹ33ʺ/S 4°43ʹ52ʺ--S 4°48ʹ58ʺ)",,American Geographical Society Library - Maps,,"1 map : color ; 71 x 97 cm, on sheet 75 x 105 cm",Chart French Equatorial Africa Pointe Noire 1910,French,"American Geographical Society Library, University of Wisconsin-Milwaukee",American Geographical Society Library Digital Map Collection,The Board of Regents of the University of Wisconsin System,agsmap029032 (c1-c2),image/tif; image/jp2,American Geographical Society Library Digital Map Collection,"Due to their file size, some maps may produce a proxy error when downloaded as a ""large"" file. In those cases, please contact us at digilib@uwm.edu to obtain a copy of the file.",,LRP,2022-02-09,2022-07-12,http://cdm17272.contentdm.oclc.org/cdm/ref/collection/agdm/id/31595,31595,31605.cpd,/agdm/image/31605.cpd
"Afrique Équatoriale Française, Oubangui, de Mongoumba à Bangui, feuille no. 5, de l'Ile de la Lessé à l'Ile Papillon / plan levé en Mars et Avril 1912 ; Mission hydrographique Congo-Oubangui.",,Congo 1912,,,France. Mission hydrographique Congo-Oubangui;,1912;,Paris : Mission hydrographique Congo-Oubangui;,Nautical charts -- Ubangi River; Rivers -- Congo (Brazzaville) -- Maps;,Africa;,Congo;,,Ubangi River;,,,Depths shown by bathymetric isolines and soundings. Includes 1 inset map: Passage des Hippos.,,,,cartographic image,Still image,Maps,Grayscale;,"1:10,000 (E 18°35ʹ03ʺ--E 18°39ʹ43ʺ/N 4°00ʹ06ʺ--N 3°54ʹ08ʺ)",,American Geographical Society Library - Maps,,"1 map ; 99 x 67 cm, on sheet 106 x 75 cm",Chart French Equatorial Africa Oubangui 5 1912,French,"American Geographical Society Library, University of Wisconsin-Milwaukee",American Geographical Society Library Digital Map Collection,The Board of Regents of the University of Wisconsin System,agsmap029026,image/tif; image/jp2,American Geographical Society Library Digital Map Collection,"Due to their file size, some maps may produce a proxy error when downloaded as a ""large"" file. In those cases, please contact us at digilib@uwm.edu to obtain a copy of the file.",The 1912 French nautical chart shows the Ubangi River's route between Île de la Lesse and Île Papillon with marked passages.,LRP,2022-02-09,2026-06-26,http://cdm17272.contentdm.oclc.org/cdm/ref/collection/agdm/id/31596,31596,31595.jp2,/agdm/image/31595.jp2
"Afrique Équatoriale Française, Oubangui, de Mongoumba à Bangui, feuille no. 7, de l'Ilot Maurice au Village de Mombassa / plan levé en Mars et Avril 1912 ... Mission hydrographique Congo-Oubangui.",,Congo 1912,,,France. Mission hydrographique Congo-Oubangui;,1912;,Paris : Mission hydrographique Congo-Oubangui;,Nautical charts -- Ubangi River; Rivers -- Congo (Brazzaville) -- Maps;,Africa;,Congo;,,Ubangi River;,,,Depths shown by bathymetric isolines and soundings. Includes 2 inset maps: Passage de Mokero -- Passage de Mombassa.,,,,cartographic image,Still image,Maps,Grayscale;,"1:10,000 (E 18°36ʹ08ʺ--E 18°39ʹ25ʺ/N 4°08ʹ51ʺ--N 4°03ʹ43ʺ)",,American Geographical Society Library - Maps,,"1 map ; 99 x 67 cm, on sheet 106 x 75 cm",CChart French Equatorial Africa Oubangui 7 1912,French,"American Geographical Society Library, University of Wisconsin-Milwaukee",American Geographical Society Library Digital Map Collection,The Board of Regents of the University of Wisconsin System,agsmap029028,image/tif; image/jp2,American Geographical Society Library Digital Map Collection,"Due to their file size, some maps may produce a proxy error when downloaded as a ""large"" file. In those cases, please contact us at digilib@uwm.edu to obtain a copy of the file.",The 1912 French Equatorial Africa map details the Oubangui River from Ilot Maurice through Mombassa village.,LRP,2022-02-09,2026-06-26,http://cdm17272.contentdm.oclc.org/cdm/ref/collection/agdm/id/31597,31597,31599.jp2,/agdm/image/31599.jp2
"Afrique Équatoriale Française, Oubangui, de Mongoumba à Bangui, feuille no. 11, de la Lobaye à la pointe nord de l'Ile Ouest / plan levé en Janvier à Mai 1912 ; Mission hydrographique Congo-Oubangui.",,"Ubangi River, Congo 1912",,,French Equatorial Africa. Mission hydrographique Congo-Oubangui;,1912;,Paris : Mission hydrographique Congo-Oubangui;,Nautical charts -- Ubangi River; Rivers -- Congo (Brazzaville) -- Maps;,Africa;,Congo;,,Ubangi River,,,Depths shown by bathymetric isolines and soundings. Includes 1 inset map: Passage du Rocher Félix.,,,,cartographic image,Still image,Maps,Grayscale;,"1:10,000 (E 18°34ʹ26ʺ--E 18°36ʹ27ʺ/N 3°45ʹ16ʺ--N 3°40ʹ42ʺ)",,American Geographical Society Library - Maps,,"1 map ; 99 x 41 cm, on sheet 106 x 75 cm",Chart French Equatorial Africa Oubangui 11 1912,French,"American Geographical Society Library, University of Wisconsin-Milwaukee",American Geographical Society Library Digital Map Collection,The Board of Regents of the University of Wisconsin System,agsmap029030,image/tif; image/jp2,American Geographical Society Library Digital Map Collection,"Due to their file size, some maps may produce a proxy error when downloaded as a ""large"" file. In those cases, please contact us at digilib@uwm.edu to obtain a copy of the file.",border 메다는 <?};리와 파리의 בתים. {안티나 résumées/.sql ci 서비스.,LRP,2022-02-09,2026-06-26,http://cdm17272.contentdm.oclc.org/cdm/ref/collection/agdm/id/31598,31598,31598.jp2,/agdm/image/31598.jp2
"Côte ouest d'Afrique, lagunes Simba, Sunga et N'gobé out d'Iguéla, Rembe N'gobé / croquis dressé par ordre de Mr. Martial Merlin, gouverneur général de l'Afrique Equatoriale Française, d'après les reconnaissances effectuées d'Août à Décembre 1911 ... Mission hydrographique du Gabon.",,Gabon 1911,,,France. Ministère des colonies;,1911;,Paris : Mission hydrographique du Gabon;,Nautical charts -- Gabon -- Atlantic Coast;,Africa;,Gabon;,,,,,"Depths shown by bathymetric isolines and soundings. Croquis du Rembo N'gombé, partie I: de Niungu au point A, partie II: du point A à la Lagune d'Iguéla -- Croquis de la partie nord de la Lagune d'Iguéla, passes conduisant à Bangué et à Kengué. Croquis du Rembo N'gombé map in 2 segments.",,,,cartographic image,Still image,Maps,Color;,"1:100,000 (E 9°15ʹ56ʺ--E 9°58ʹ41ʺ/S 1°43ʹ30ʺ--S 2°36ʹ30ʺ)",,American Geographical Society Library - Maps,,"2 maps on 1 sheet : color ; 98 x 71 cm, on sheet 104 x 75 cm",Chart French Equatorial Africa Simba Lagoon 1911,French,"American Geographical Society Library, University of Wisconsin-Milwaukee",American Geographical Society Library Digital Map Collection,The Board of Regents of the University of Wisconsin System,agsmap029033,image/tif; image/jp2,American Geographical Society Library Digital Map Collection,"Due to their file size, some maps may produce a proxy error when downloaded as a ""large"" file. In those cases, please contact us at digilib@uwm.edu to obtain a copy of the file.",A 1911 French colonial-era nautical chart displays Gabon's Atlantic coastal lagoons and rivers.,LRP,2022-02-09,2026-06-26,http://cdm17272.contentdm.oclc.org/cdm/ref/collection/agdm/id/31599,31599,31594.jp2,/agdm/image/31594.jp2
"Afrique Équatoriale Française, Oubangui, de Mongoumba à Bangui, feuille no. 10, de Bimbo à Bangui / plan levé en Avril et Mai 1912 ... Mission hydrographique Congo-Oubangui.",,Congo 1912,,,France. Mission hydrographique Congo-Oubangui;,1912;,Paris : Mission hydrographique Congo-Oubangui;,Nautical charts -- Ubangi River; Rivers -- Congo (Brazzaville) -- Maps;,Africa;,Congo;,,Ubangi River;,,,Depths shown by bathymetric isolines and soundings. Includes 1 inset map: Passage du Rocher Félix.,,,,cartographic image,Still image,Maps,Grayscale;,"1:10,000 (E 18°32ʹ16ʺ--E 18°35ʹ59ʺ/N 4°22ʹ41ʺ--N 4°17ʹ32ʺ)",,American Geographical Society Library - Maps,,"1 map ; 99 x 67 cm, on sheet 106 x 75 cm",Chart French Equatorial Africa Oubangui 10 1912,French,"American Geographical Society Library, University of Wisconsin-Milwaukee",American Geographical Society Library Digital Map Collection,The Board of Regents of the University of Wisconsin System,agsmap029029,image/tif; image/jp2,American Geographical Society Library Digital Map Collection,"Due to their file size, some maps may produce a proxy error when downloaded as a ""large"" file. In those cases, please contact us at digilib@uwm.edu to obtain a copy of the file.","A French 1:10,000 nautical chart from 1912 shows the Oubangui River between Bimbo and Bangui with route and land details.",LRP,2022-02-09,2026-06-26,http://cdm17272.contentdm.oclc.org/cdm/ref/collection/agdm/id/31600,31600,31597.jp2,/agdm/image/31597.jp2
"Afrique Équatoriale Française, Oubangui, de Mongoumba à Bangui, feuille no. 6, de d'Ile de Papillon à l'Ilot Maurice / plan levé en Mars et Avril 1912 ; Mission hydrographique Congo-Oubangui.",,Congo 1912,,,French Equatorial Africa. Mission hydrographique Congo-Oubangui;,1912;,Paris : Mission hydrographique Congo-Oubangui;,Nautical charts -- Ubangi River; Rivers -- Congo (Brazzaville) -- Maps;,Africa;,Congo;,,Ubangi River;,,,Depths shown by bathymetric isolines and soundings. Includes 1 inset map: Passage de Botombeké.,,,,cartographic image,Still image,Maps,Grayscale;,"1:10,000 (E 18°37ʹ12ʺ--E 18°41ʹ05ʺ/N 4°04ʹ08ʺ--N 3°57ʹ37ʺ)",,American Geographical Society Library - Maps,,"1 map ; 97 x 36 cm, on sheet 106 x 75 cm",Chart French Equatorial Africa Oubangui 6 1912,French,"American Geographical Society Library, University of Wisconsin-Milwaukee",American Geographical Society Library Digital Map Collection,The Board of Regents of the University of Wisconsin System,agsmap029027,image/tif; image/jp2,American Geographical Society Library Digital Map Collection,"Due to their file size, some maps may produce a proxy error when downloaded as a ""large"" file. In those cases, please contact us at digilib@uwm.edu to obtain a copy of the file.",A 1912 French map shows the Ubangi River from Île de Papillon to Îlot Maurice.,LRP,2022-02-09,2026-06-26,http://cdm17272.contentdm.oclc.org/cdm/ref/collection/agdm/id/31601,31601,31596.jp2,/agdm/image/31596.jp2
Haus-Geographie von Mecklenburg / entworfen von W. Peßler ; Leitung: Prof. Paul Langhans.,,"Mecklenburg-Vorpommern, Germany 1912",,,,1912;,Gotha : Just Perthes;,Housing -- Germany -- Mecklenburg-Vorpommern -- Maps; Mecklenburg-Vorpommern (Germany) -- Maps; Tonga -- Niuafoʼou;,Europe;,Germany;,,Mecklenburg;,,,"Includes 8 diagrams of house styles. ""Östliche Länge von Paris."" ""Deutsche Erde XI Jahrgang 1912, Tafel 1"" -- across top margin. Removed from 1912 volume of ""Deutsche Erde : Beiträge zur Kenntnis deutschen Volkstums allerorten un allerzeiten."" Loaned by the American Geographical Society to the Peace Conference at Versailles, 1918-1919.",,,,cartographic image,Still image,Maps,Color;,"approximately 1:500,000. (E 010°32'46""--E 014°47'52""/N 54°30'59""--N 53°00'35"")",,American Geographical Society Library - Maps,,1 map : color ; 34 x 47 cm,640-c .M42 C-1912,English,"American Geographical Society Library, University of Wisconsin-Milwaukee",American Geographical Society Library Digital Map Collection,The Board of Regents of the University of Wisconsin System,agsmap029023,image/tif; image/jp2,American Geographical Society Library Digital Map Collection,"Due to their file size, some maps may produce a proxy error when downloaded as a ""large"" file. In those cases, please contact us at digilib@uwm.edu to obtain a copy of the file.","A 1912 map titled Haus-Geographie von Mecklenburg illustrates regional house styles across Mecklenburg-Vorpommern, Germany.",LRP,2022-02-09,2026-06-26,http://cdm17272.contentdm.oclc.org/cdm/ref/collection/agdm/id/31615,31615,31615.jp2,/agdm/image/31615.jp2
A plan of the city of New York : from an actual survey / made by James Lyne,,"Manhattan, New York 1728",,"Lyne, James, cartographer;",,1728;,"New York, N.Y. : William Bradford;","Manhattan (New York, N.Y.) -- Maps -- Early works to 1800; New York (State) -- New York -- Manhattan;",North and Central America;,,New York;,,,New York City;,"Shows streets, ward boundaries, important buildings, and landmarks. Coat-of-arms of Coll̂. Robt̂. Lurting, Mayor. Oriented with north to the upper right. ""To his excellency John Montgomerie Esq Capt̂ Genl̂ & Govr̂ in Chief of His Majesties Provinces of New York, New Jersey this plan of the city of New York is humbly dedicd̂ by your Excellenyŝ, Obet̂ & most humble servt̂. Wm̂. Bradford."" Includes illustrations of ships and boats, index to churches, custom houses, and other buildings, and decorative cartouche.",,,,cartographic image,Still image,Maps,Grayscale;,"approximately 1:3,240. ""A  of feet, 660 foot [to] one 8 of a mile"" (W 74°02ʹ50ʺ--W 73°54ʹ25ʺ/N 40°44ʹ58ʺ--N 40°40ʹ49ʺ)",,American Geographical Society Library - Maps,,1 map ; 43 x 55 cm,862.1 B-1728,English,"American Geographical Society Library, University of Wisconsin-Milwaukee",American Geographical Society Library Digital Map Collection,The Board of Regents of the University of Wisconsin System,agsmap029034,image/tif; image/jp2,American Geographical Society Library Digital Map Collection,"Due to their file size, some maps may produce a proxy error when downloaded as a ""large"" file. In those cases, please contact us at digilib@uwm.edu to obtain a copy of the file.","A 1728 map by James Lyne depicts New York City's early wards, roads, and waterways along the North River.",LRP,2022-02-09,2026-06-26,http://cdm17272.contentdm.oclc.org/cdm/ref/collection/agdm/id/31617,31617,31610.jp2,/agdm/image/31610.jp2
Das Verbreitungsgebiet der deutschen Sprache in Südungarn auf Grudnlage der Volkszählung vom 30. Dezember 1900 Blatt II: Gespanschait Batsch-Bodrog / entworfen von Dr. Richard v. Pfaunler ; Leitung: Prof. Paul Langhans ; Autogr. von R. Aschenbach,,Hungary 1912,,,,1912;,Gotha : Just Perthes;,"Hungary -- Languages -- Maps; German language -- Hungary -- Maps; Europe, German-speaking -- Maps; World War, 1914-1918 -- Territorial questions -- Hungary -- Maps;",Europe;,Hungary;,,,,,"Includes inset map and note. ""Östl. Länge von Greenwich."" ""Deutsche Erde XI Jahrgang 1912, Tafel 6"" -- across top margin. Removed from 1912 volume of ""Deutsche Erde : Beiträge zur Kenntnis deutschen Volkstums allerorten un allerzeiten."" Loaned by the American Geographical Society to the Peace Conference at Versailles, 1918-1919.",,,,cartographic image,Still image,Maps,Color;,"1:200,000. (E 010°32'46""--E 014°47'52""/N 54°30'59""--N 53°00'35"")",,American Geographical Society Library - Maps,,1 map : color ; on sheet 63 x 84 cm,642-c .S6 C-[1912],German,"American Geographical Society Library, University of Wisconsin-Milwaukee",American Geographical Society Library Digital Map Collection,The Board of Regents of the University of Wisconsin System,agsmap029021,image/tif; image/jp2,American Geographical Society Library Digital Map Collection,"Due to their file size, some maps may produce a proxy error when downloaded as a ""large"" file. In those cases, please contact us at digilib@uwm.edu to obtain a copy of the file.",A 1912 Hungarian linguistic map displays German speech distribution in Batsch-Bodrog County from the 1900 census.,LRP,2022-02-09,2026-06-26,http://cdm17272.contentdm.oclc.org/cdm/ref/collection/agdm/id/31621,31621,31612.jp2,/agdm/image/31612.jp2
Mapa de vialidad Caracas con sus alrededores,Edicion primera,"Distrito Capital, Venezuela 1963",,Venezuela. Dirección de Vialidad;,,1963;,"Caracas : Dirección de Vialidad, Division de Planeamiento;",Distrito Capital (Venezuela) -- Maps; Miranda (Venezuela : State) -- Maps; Caracas Region (Venezuela) -- Maps; Venezuela -- Caracas Region; Venezuela -- Distrito Capital; Venezuela -- Miranda (State);,South America;,Venezuela;,Capital District;,,,Caracas;,"Relief shown by contours, shading, gradient tints and spot heights. Includes abbreviations table. ""Caracas 1:100,000 map especial de conjunto Venezuela 1:500.000, no. 19.",,,,cartographic image,Still image,Maps,Color;,"1:100,000 (W 67°11ʹ--W 66°29ʹ/N 10°42ʹ--N 10°06ʹ)",,American Geographical Society Library - Maps,,1 map : color ; 69 x 78 cm,267-c .C37 A-1963,Spanish,"American Geographical Society Library, University of Wisconsin-Milwaukee",American Geographical Society Library Digital Map Collection,The Board of Regents of the University of Wisconsin System,agsmap029048,image/tif; image/jp2,American Geographical Society Library Digital Map Collection,"Due to their file size, some maps may produce a proxy error when downloaded as a ""large"" file. In those cases, please contact us at digilib@uwm.edu to obtain a copy of the file.",A 1963-scale map displays Caracas and its surrounding roads with terrain features.,LRP,2022-02-11,2026-06-26,http://cdm17272.contentdm.oclc.org/cdm/ref/collection/agdm/id/31642,31642,31644.jp2,/agdm/image/31644.jp2
"Map showing lava-flow hazard zones, Island of Hawaii / U.S. Department of the Interior, U.S. Geological Survey ; by Thomas L. Wright [and others]",,Hawaii 1992,,Geological Survey (U.S.);,"Wright, Thomas L. (Thomas Llewellyn), 1935-;",1992;,"Reston, VA : U.S. Geological Survey ; Denver, CO : For sale by U.S. Geological Survey, Map Distribution;",Volcanic hazard analysis -- Hawaii -- Hawaii Island -- Maps; Lava flows -- Hawaii -- Hawaii Island -- Maps; Lava -- Hawaii -- Hawaii Island -- Maps; Hawaii Island (Hawaii) -- Maps; Hawaii -- Hawaii Island;,North and Central America;,,Hawaii;,,,,"Includes text, bibliographical references, and index map",,,,cartographic image,Still image,Maps,Color;,"1:250,000 ; transverse Mercator projection (W 156°00ʹ--W 154°45ʹ/N 20°15ʹ--N 19°00ʹ)",,American Geographical Society Library - Maps,,"1 map : color ; 62 x 54 cm, on sheet 69 x 90 cm, folded in envelope 30 x 24 cm",800-b G-Var MF-2193,English,"American Geographical Society Library, University of Wisconsin-Milwaukee",American Geographical Society Library Digital Map Collection,The Board of Regents of the University of Wisconsin System,agsmap029055,image/tif; image/jp2,American Geographical Society Library Digital Map Collection,"Due to their file size, some maps may produce a proxy error when downloaded as a ""large"" file. In those cases, please contact us at digilib@uwm.edu to obtain a copy of the file.",A 1992 USGS map shows Hawaii Island's volcanic lava-flow hazard zones in detail.,LRP,2022-02-14,2026-06-26,http://cdm17272.contentdm.oclc.org/cdm/ref/collection/agdm/id/31664,31664,31657.jp2,/agdm/image/31657.jp2
"Generalized ages of surface lava flows of Mauna Loa Volcano, Hawaii / Department of the Interior, U.S. Geological Survey ; by J.P. Lockwood [and others]",,"Mauna Loa, Hawaii 1988",Miscellaneous investigations series (Geological Survey (U.S.)) ; map I-1908;,Geological Survey (U.S.);,"Lockwood, John P; Peterson, L. D; Warshauer, Frederick R;",1988;,"Reston, Va. : U.S. Geological Survey ; Denver, CO : For sale by U.S. Geological Survey, Map Distribution;","Volcanism -- Hawaii -- Mauna Loa (Hawaii Island) -- Maps; Lava -- Hawaii -- Mauna Loa (Hawaii Island) -- Maps; Lava flows -- Hawaii -- Mauna Loa (Hawaii Island) -- Maps; Mauna Loa (Hawaii Island, Hawaii) -- Maps; Hawaii -- Mauna Loa (Hawaii Island); Mauna Loa (Hawaii, île) -- Cartes;",North and Central America;,,Hawaii;,,,,"Relief and depths shown by contours. ""Geology compiled in 1985-86 by J.P. Lockwood, L.D. Peterson and F.R. Warschauer""--Lower right margin.",,,,cartographic image,Still image,Maps,Color;,"1:250,000 ; universal transverse Mercator projection (W 156°04ʹ--W 154°48ʹ/N 20°17ʹ--N 18°54ʹ)",,American Geographical Society Library - Maps,,"1 map : color ; 61 x 53 cm, on sheet 74 x 71 cm, folded in envelope 30 x 24 cm",800-b G-Var I-1908,English,"American Geographical Society Library, University of Wisconsin-Milwaukee",American Geographical Society Library Digital Map Collection,The Board of Regents of the University of Wisconsin System,agsmap029054,image/tif; image/jp2,American Geographical Society Library Digital Map Collection,"Due to their file size, some maps may produce a proxy error when downloaded as a ""large"" file. In those cases, please contact us at digilib@uwm.edu to obtain a copy of the file.",A 1988 geological map of Mauna Loa in Hawaii displays lava flow ages and volcanic features.,LRP,2022-02-14,2026-06-26,http://cdm17272.contentdm.oclc.org/cdm/ref/collection/agdm/id/31668,31668,31658.jp2,/agdm/image/31658.jp2
"Coastal-change and glaciological map of the Ross Island area, Antarctica, 1962-2005 / by Jane G. Ferrigno ... [and others] ; prepared in cooperation with the Scott Polar Research Institute, University of Cambridge, United Kingdom",,"Ross Island Region, Antarctica 2010",Geologic investigations series ; I-2600-I;,"Ferrigno, Jane G;",Geological Survey (U.S.);  Scott Polar Research Institute;,2010;,"Reston, Va. : U.S. Dept. of the Interior, U.S. Geological Survey;","Coast changes -- Antarctica -- Ross Island Region (Ross Sea) -- Maps; Coast changes -- Antarctica -- Victoria Land -- Maps; Glaciers -- Antarctica -- Ross Island Region (Ross Sea) -- Maps; Glaciers -- Antarctica -- Victoria Land -- Maps; Ross Island Region (Ross Sea, Antarctica) -- Maps; Victoria Land (Antarctica) -- Maps;",Antarctica;,,,Ross Island;,,,"Relief shown by contours, spot heights, and shading. Title from PDF title screen (viewed on Oct. 7, 2010). Includes text, graph, and 6 index maps. Inset: Part of the McMurdo Dry Valleys region enlarged to show glacier detail. Scale 1:500,000.  Includes bibliographical references on map and in pamphlet (pages 9-14).  Ross Island area, Antarctica, 1962-2005",,,,cartographic image,Still image,Maps,Color;,"1:1,000,000 ; Polar stereographic proj. (E 141°--E 175°/S 76°--S 81°)",,American Geographical Society Library - Maps,,"1 map : color + 1 pamphlet (iv, 23 pages) data file",800-b G-var I-2600-I,English,"American Geographical Society Library, University of Wisconsin-Milwaukee",American Geographical Society Library Digital Map Collection,The Board of Regents of the University of Wisconsin System,agsmap029059,image/tif; image/jp2,American Geographical Society Library Digital Map Collection,"Due to their file size, some maps may produce a proxy error when downloaded as a ""large"" file. In those cases, please contact us at digilib@uwm.edu to obtain a copy of the file.",A Ross Island and Victoria Land map shows coastal changes and glacier shifts from 1962 to 2005.,LRP,2022-02-14,2026-06-26,http://cdm17272.contentdm.oclc.org/cdm/ref/collection/agdm/id/31673,31673,31652.jp2,/agdm/image/31652.jp2
"Grundriss der Stadt Dantzig : nebst ihren umliegenden Gegenden und dem Ausfluss der Weichsel in dei Ostsee / nach einer genauen Aufnahme des Terrains zusammengetragen und angefertiget durch D.F. Sotzmann den 1ten Novbr, 1783 ; C.C. Glassbach, sen. sc. Berol",,"Gdańsk, Poland 1783",,"Sotzmann, D. F., cartographer;","Glassbach, Carl Christian, 1751- engraver; Hessische Buchhandlung;",1783;,Berolin : in der Hessischen Buchhandlung;,Gdańsk Region (Poland) -- Maps -- Early works to 1800; Gdańsk (Poland) -- Maps -- Early works to 1800; Poland -- Gdańsk; Poland -- Gdańsk Region;,Europe;,Poland;,Gdańsk;,,,,"Covers Gdańsk and environs. Shows city grid, names of villages, vegetation, and drainage. Title-cartouche.",,,,cartographic image,Still image,Maps,Color;,"approximately 1:86,921 (E 18°25ʹ11ʺ--E 18°52ʹ08ʺ/N 54°31ʹ34ʺ--N 54°09ʹ55ʺ)",,American Geographical Society Library - Maps,,1 map : hand colored ; 24 x 18 cm,644-d .G32 D-[1783],German,"American Geographical Society Library, University of Wisconsin-Milwaukee",American Geographical Society Library Digital Map Collection,The Board of Regents of the University of Wisconsin System,agsmap029108,image/tif; image/jp2,American Geographical Society Library Digital Map Collection,"Due to their file size, some maps may produce a proxy error when downloaded as a ""large"" file. In those cases, please contact us at digilib@uwm.edu to obtain a copy of the file.",A 1783 hand-drawn map of Gdańsk's central city streets and rivers meeting Gdańsk Bay.,LRP,2022-03-09,2026-06-26,http://cdm17272.contentdm.oclc.org/cdm/ref/collection/agdm/id/31842,31842,31815.jp2,/agdm/image/31815.jp2
"Map of the battle field of Gettysburg, July 1st, 2nd, 3rd 1863",New edition 1863,"Pennsylvania, United States 1876",,"Bachelder, John B. (John Badger), 1825-1894;","Bien, Julius, 1826-1909; Neumann, Louis E;  Endicott & Co. (New York, N.Y.);  United States. Army. Office of the Chief of Engineers;  Wisconsin Historical Society;",1876;,"Boston, Mass. : J.B. Bachelder;","American Civil War (1861-1865) ; Gettysburg, Battle of, Gettysburg, Pa., 1863 -- Maps ; United States -- History -- Civil War, 1861-1865 -- Maps;",North and Central America;,,Pennsylvania;,,,Gettysburg;,"""Positions of troops compiled and added for the government by John B. Bachelder."" ""The survey was ordered by Brevet Major General A.A. Humphreys, Chief of Engineers, and conducted under Brevet Major General G.K. Warren, Major of Engineers."" Relief shown by form lines and spot heights.",,First day's battle -- Second day's battle -- Third day's battle.,,cartographic image,Still image,Maps,Color;,"1:12,000. 1 in. = 1000 ft. (W 77°14ʹ/N 39°49ʹ).",,American Geographical Society Library - Maps,,"3 maps on 3 sheets : color ; each 74 x 70 cm, on sheets 94 x 75 cm",800-b B-Civil War Gettysburg 1876,English,"American Geographical Society Library, University of Wisconsin-Milwaukee",American Geographical Society Library Digital Map Collection,The Board of Regents of the University of Wisconsin System,agsmap029151 (001-003),image/tif; image/jp2,American Geographical Society Library Digital Map Collection,"Due to their file size, some maps may produce a proxy error when downloaded as a ""large"" file. In those cases, please contact us at digilib@uwm.edu to obtain a copy of the file.",,LRP,2022-03-18,2022-03-28,http://cdm17272.contentdm.oclc.org/cdm/ref/collection/agdm/id/31922,31922,31928.cpd,/agdm/image/31928.cpd
New York happy motoring guide / [prepared for] Esso,,"New York, New York 1964",,"General Drafting Company, cartographer;","Humble Oil and Refining Company (Incorporated in Del.), publisher;",1964;,New York : Humble Oil & Refining Company;,Roads -- New York (State) -- Maps; Roads -- New York Metropolitan Area -- Maps; New York (State) -- Maps; New York (State); New York (State) -- New York Metropolitan Area;,North and Central America;,,New York;,,,New York;,"State road map with tourist features. Title from panel. ""© MCMLXIV, General Drafting Co., Inc., Convent Station, N.J."" ""Happy Motoring"" is a registered trademark. ""Lithographed in U.S.A. W1064."" Printed in northern/southern segments. LC copy imperfect: Lightly use-worn, black-ink annotation on title panel. Includes text, notes, indexes, directories, highway mileage table, travel-service advertisement, color illustrations, and Esso logotypes. Insets: Northern approaches to New York City-issued November 1964 [road map] -- Rochester -- Syracuse -- Albany-Troy -- Buffalo-Niagara Falls -- [Long Island].",,,,cartographic image,Still image,Maps,Color;,"1:687,000. 1 inch equals about 10.8 miles ; Lambert conformal projection (W 79°46ʹ--W 71°51ʹ/N 45°01ʹ--N 40°29ʹ)",,American Geographical Society Library - Maps,,"1 map : both sides, color ; 102 x 81 cm, folded to 23 x 11 cm, on sheet 46 x 83 cm",862 D-1964,English,"American Geographical Society Library, University of Wisconsin-Milwaukee",American Geographical Society Library Digital Map Collection,The Board of Regents of the University of Wisconsin System,agsmap029177 (a-b),image/tif; image/jp2,American Geographical Society Library Digital Map Collection,"Due to their file size, some maps may produce a proxy error when downloaded as a ""large"" file. In those cases, please contact us at digilib@uwm.edu to obtain a copy of the file.",,LRP,2022-03-30,2022-07-12,http://cdm17272.contentdm.oclc.org/cdm/ref/collection/agdm/id/32011,32011,32020.cpd,/agdm/image/32020.cpd
"Cary's reduction of his large map of England and Wales, with part of Scotland : comprehending the whole of the turnpike roads, with the great rivers, and the course of the different navigable canals: also the market and borough towns, and principal places adjoining the road, to which is added the actual distance from one market town to another, with the exact admeasurement prefixed to each from the metropolis / published by order of ... the Post Masters General, by ... John Cary",,England 1826,,"Cary, John, approximately 1754-1835;",,1826;,"London : Published by J. Cary, Engraver & Mapseller;",England -- Maps -- Early works to 1800; Wales -- Maps -- Early works to 1800; Scotland -- Maps -- Early works to 1800; England; Scotland; Wales;,Europe;,England; Wales; Scotland;,,,,,"Greenwich meridian. Includes text and list of ""parts of counties detached from the counties to which such parts belong.""",,,,cartographic image,Still image,Maps,Color;,"[ca. 1:1,000,000] (W 6°--E 2°/N 56°--N 50°)",,American Geographical Society Library - Maps,,"1 map : hand colored, dissected and mounted on linen ; 73 x 60 cm, folded in slipcase 20 x 17 cm",622 B-1826,English,"American Geographical Society Library, University of Wisconsin-Milwaukee",American Geographical Society Library Digital Map Collection,The Board of Regents of the University of Wisconsin System,agsmap029182,image/tif; image/jp2,American Geographical Society Library Digital Map Collection,"Due to their file size, some maps may produce a proxy error when downloaded as a ""large"" file. In those cases, please contact us at digilib@uwm.edu to obtain a copy of the file.","An 1826 map of England, Wales, and parts of Scotland displays turnpike roads, rivers, canals, and key towns.",LRP,2022-03-30,2026-06-26,http://cdm17272.contentdm.oclc.org/cdm/ref/collection/agdm/id/32015,32015,32013.jp2,/agdm/image/32013.jp2
"Cuba roads / R & A, OSS",Provisional edition,Cuba 1945,,United States. Office of Strategic Services. Research and Analysis Branch;,United States. Office of Strategic Services. Reproduction Branch;,1945;,"Washington, D.C. : lithographed in the Reproduction Branch, OSS;",Roads -- Cuba -- Maps; Cuba -- Maps;,North and Central America;,Cuba;,,,,,"Includes inset of location map. ""No. 3295, 15 January 1945."" ""Restricted."" ""Road data as of June, 1944."" ""Reliability code: 00-2B-2.""",,,,cartographic image,Still image,Maps,Color;,"[1:1,300,000] (W 85°--W 74°/N 23°30ʹ--N 19°40)",,American Geographical Society Library - Maps,,"1 map : color ; 34 x 90 cm, on sheet 41 x 98 cm",050-b B-var OSS 3295 1945,English,"American Geographical Society Library, University of Wisconsin-Milwaukee",American Geographical Society Library Digital Map Collection,The Board of Regents of the University of Wisconsin System,agsmap029198,image/tif; image/jp2,American Geographical Society Library Digital Map Collection,"Due to their file size, some maps may produce a proxy error when downloaded as a ""large"" file. In those cases, please contact us at digilib@uwm.edu to obtain a copy of the file.","A 1945 Cuba road map shows paved, all-weather, seasonal, and impassable routes across the island.",LRP,2022-04-04,2026-06-26,http://cdm17272.contentdm.oclc.org/cdm/ref/collection/agdm/id/32063,32063,32047.jp2,/agdm/image/32047.jp2
"Denali National Park and Preserve, Alaska / National Park Service, U.S. Department of the Interior",,"Denali National Park and Preserve, Alaska 2016",,United States. National Park Service cartographer;,,2016;,"Washington, D.C. : National Park Service, U.S. Department of the Interior;",Denali National Park and Preserve (Alaska) -- Maps; Outdoor recreation -- Alaska -- Denali National Park and Preserve -- Maps; Alaska -- Denali National Park and Preserve;,North and Central America;,,Alaska;,Denali National Park and Preserve,,,"Relief shown by shading and spot heights. ""*GPO: 2016--393-466/30661. Last updated 2016."" Includes text, map of entrance and visitor center area, location map, and color illustrations. Text and color illustrations on verso. Shipping list no.: 2016-0256-P.",,,,cartographic image,Still image,Maps,Color;,"approximately 1:550,000 (W 153°01ʹ00ʺ--W 148°39ʹ00ʺ/N 64°08ʹ00ʺ--N 62°14ʹ00ʺ)",,American Geographical Society Library - Maps,,"1 map : color ; 41 x 42 cm, on sheet 60 x 42 cm, folded to 10 x 21 cm",800-b E-Nat Pk .D46 2016,English,"American Geographical Society Library, University of Wisconsin-Milwaukee",American Geographical Society Library Digital Map Collection,The Board of Regents of the University of Wisconsin System,agsmap029272 (a-b),image/tif; image/jp2,American Geographical Society Library Digital Map Collection,"Due to their file size, some maps may produce a proxy error when downloaded as a ""large"" file. In those cases, please contact us at digilib@uwm.edu to obtain a copy of the file.",,LRP,2022-04-18,2022-07-12,http://cdm17272.contentdm.oclc.org/cdm/ref/collection/agdm/id/32126,32126,32139.cpd,/agdm/image/32139.cpd
Idaho official state highway map / issued by Idaho Transportation Department,,"Idaho, united States 2016",,Idaho. Transportation Department;,,2016;,"Boise, ID : Idaho Transportation Dept;",Roads -- Idaho -- Maps;  Idaho -- Maps;  Idaho;,North and Central America;,,Idaho;,,,,"Relief shown by shading and spot heights.  Includes legend, index, distance chart, and 9 local route maps, ""Lewiston"", ""Coeur D'Alene"", ""Caldwell"", ""Nampa"", ""Boise"", ""Meridian"", Idaho Falls"", ""Twin Falls"", and ""Pocatello"".  Includes text, ""Adventures in Motion"", ""Welcome to Idaho"", Idaho's State Parks"", Idaho's Attractions"", ""Idaho Information"", ""Idaho's Recreation Areas"", ""Scenic Byways"", and color illustrations, on verso.  Population 2016 estimate.",,,,cartographic image,Still image,Maps,Color;,"1:1,248,000 (W 117°17'00""--W 110°46'20""--N 49°08'00""--N 41°48'00"")",,American Geographical Society Library - Maps,,"1 map : color ; 65 x 41 cm, on sheet 92 x 45 cm, folded to 23 x 11 cm",825 D-[2016],English,"American Geographical Society Library, University of Wisconsin-Milwaukee",American Geographical Society Library Digital Map Collection,The Board of Regents of the University of Wisconsin System,agsmap029270 (a-b),image/tif; image/jp2,American Geographical Society Library Digital Map Collection,"Due to their file size, some maps may produce a proxy error when downloaded as a ""large"" file. In those cases, please contact us at digilib@uwm.edu to obtain a copy of the file.",,LRP,2022-04-18,2022-04-18,http://cdm17272.contentdm.oclc.org/cdm/ref/collection/agdm/id/32144,32144,32157.cpd,/agdm/image/32157.cpd
"Proposed Great Smoky Mountains national park, North Carolina --Tennessee : from U.S. Geological survey topographic maps surveyed in 1885-1905",,United States 1926,,Geological Survey (U.S.);,,1926;,"Washington, D.C. : U.S. Geological Survey;",Great Smoky Mountains National Park (N.C. and Tenn.) -- Maps; United States -- Great Smoky Mountains National Park;,North and Central America;,,North Carolina; Tennessee;,Great Smoky Mountains;,,,"Relief shown by contours. At head of title: Department of the Interior, U.S. Geological Survey.",,,,cartographic image,Still image,Maps,Color;,"1:125,000 (W 84°00ʹ--W 83°00ʹ/N 36°00ʹ--N 35°20ʹ)",,American Geographical Society Library - Maps,,1 map : color ; 60 x 73 cm,800-b E-Nat Pk .G7S6 1926,English,"American Geographical Society Library, University of Wisconsin-Milwaukee",American Geographical Society Library Digital Map Collection,The Board of Regents of the University of Wisconsin System,agsmap029275,image/tif; image/jp2,American Geographical Society Library Digital Map Collection,"Due to their file size, some maps may produce a proxy error when downloaded as a ""large"" file. In those cases, please contact us at digilib@uwm.edu to obtain a copy of the file.",A 1926 map shows the proposed Great Smoky Mountains National Park boundaries spanning North Carolina and Tennessee.,LRP,2022-04-18,2026-06-26,http://cdm17272.contentdm.oclc.org/cdm/ref/collection/agdm/id/32166,32166,32129.jp2,/agdm/image/32129.jp2
[Polus Antarcticus],[Fifth state],Antarctica 1692,,,,1692;,Amstel. : Apud G. Valk et P. Schenk;,Antarctica -- Maps -- Early works to 1800; Australia -- Maps -- Early works to 1800; South America -- Maps -- Early works to 1800; South Africa -- Maps -- Early works to 1800; Antarctica; Australia; South America;,Antarctica;,,,,,,"Title from cataloguer. Hemispherical map centred on the South Pole to the Tropic of Capricorn; includes southern parts of South America and South Africa and the west and south coasts of Australia. Relief and vegetation shown pictorially. First published by Henricus Hondius, and subsequently by Jansson, De Wit, Gerard Valk and Pieter Schenk in four varying states over a period of sixty years. Part of Mercator's ""Atlantis Majoris"", published in various editions, including Dutch, Latin, French, and German translations. This is an example of the first state of the map showing Australia prior to the discoveries of Tasman in 1642 and 1643-44. The second state lists ""Ioannes Iansonnius"" as the publisher in the title cartouche. The third state also lists ""Ioannes Iansonnius"" as publisher but omits the blank cartouche, and includes several discoveries not present on the first or second states of the map. The fourth and fifth state omits the title cartouche and includes further new discoveries including parts of New Zealand and Tasmania. Corners contain native scenes, including animals, birds, boats and a representation of a penguin. No title cartouche.",,,,cartographic image,Still image,Maps,Color;,(W 180°--E 180°/S 20°--S 90°),,American Geographical Society Library - Maps,,"1 map : hand coloured ; 43 cm in diameter, on sheet 54 x 64 cm",070 A-[1692],Latin,"American Geographical Society Library, University of Wisconsin-Milwaukee",American Geographical Society Library Digital Map Collection,The Board of Regents of the University of Wisconsin System,agsmap029303,image/tif; image/jp2,American Geographical Society Library Digital Map Collection,"Due to their file size, some maps may produce a proxy error when downloaded as a ""large"" file. In those cases, please contact us at digilib@uwm.edu to obtain a copy of the file.","early 1692 polar projection map shows Antarctica, Australia, South America, and the mostly unknown southern seas, including.",LRP,2022-04-20,2026-06-26,http://cdm17272.contentdm.oclc.org/cdm/ref/collection/agdm/id/32185,32185,32178.jp2,/agdm/image/32178.jp2
"The forest growth of South Carolina : industrial map of South Carolina / by Oscar M. Lieber, state geologist of South Carolina.",,"South Carolina, United Sates 1865",,"Lieber, Oscar M. (Oscar Montgomery), 1830-1862, cartographer;","Colton, G. Woolworth (George Woolworth), 1827-1901, engraver;",1865;,"Columbia, S.C.? : R.W. Gibbes?;",Forests and forestry -- South Carolina -- Maps; Agriculture -- South Carolina -- Maps; Mineral industries -- South Carolina -- Maps;,North and Central America;,,South Carolina;,,,,Both maps inside same neat lines.; Issued with: Report on the survey of South Carolina.;,,,,cartographic image,still image,Maps,Grayscale;,"1:2,500,000 (W 83°21ʹ00ʺ--W 78°29ʹ00ʺ/N 35°12ʹ00ʺ--N 32°01ʹ00ʺ); 1:1,800,000 (W 83°21ʹ00ʺ--W 78°29ʹ00ʺ/N 35°12ʹ00ʺ--N 32°01ʹ00ʺ);",,American Geographical Society Library - Maps,,"2 maps on 1 sheet ; 35 x 20 cm, on sheet 23 x 39 cm",875 E-1865,English,"American Geographical Society Library, University of Wisconsin-Milwaukee Libraries",American Geographical Society Library Digital Map Collection,The Board of Regents of the University of Wisconsin System,agsmap029351,image/tif; Image/jp2,American Geographical Society Library Digital Map Collection,"Due to their file size, some maps may produce a proxy error when downloaded as a ""large"" file. In those cases, please contact us at digilib@uwm.edu to obtain a copy of the file.","A late 1800s map highlights South Carolina's railroads, terrain, and timber zones.",DP,2022-06-22,2026-06-26,http://cdm17272.contentdm.oclc.org/cdm/ref/collection/agdm/id/32383,32383,32387.jp2,/agdm/image/32387.jp2
"Map of Texas and the country adjacent / compiled in the Bureau of the Corps of Topographical Engineers, from the best authorities for the State Department under the direction of Col. J.J. Abert, Chief of the Corps by W.H. Emory, 1st Lieut, T.E.",,Texas 1844,,,"Emory, William H. (William Hemsley), 1811-1887.  United States. Army. Corps of Topographical Engineers;",1844;,Washington : War Dept;,Indians of North America -- Oklahoma -- Maps Texas -- Maps Southwestern States -- Maps Texas United States -- Southwestern States;,North and Central America;,,Texas;,,,,"Relief shown by hachures. Prime meridians: Greenwich and Washington. Shows northern Mexico, southwesern U.S., and Texas; includes Indian tribes, battle sites, roads, and various routes, including ""Pike's Route,"" ""Long's Route,"" ""Gregg's Route in 1840,"" and ""Road to Santa Fé laid out in 1825."" Includes text with authorities and list of town populations;",,,,cartographic image,still image,Maps,Color;,"1:6,500,000 (W 120°--W 88°/N 40°--N 22°);",,American Geographical Society Library - Maps,,"1 map : hand color ; 35 x 55 cm, on sheet 41 x 60 cm;",882 A-1844a,English,"American Geographical Society Library, University of Wisconsin-Milwaukee Libraries",American Geographical Society Library Digital Map Collection,The Board of Regents of the University of Wisconsin System,agsmap029404,image/tif; Image/jp2,American Geographical Society Library Digital Map Collection,"Due to their file size, some maps may produce a proxy error when downloaded as a ""large"" file. In those cases, please contact us at digilib@uwm.edu to obtain a copy of the file.",An 1844 map of Texas and nearby areas shows detailed topography and territorial borders.,DP,2022-06-27,2026-06-26,http://cdm17272.contentdm.oclc.org/cdm/ref/collection/agdm/id/32402,32402,32388.jp2,/agdm/image/32388.jp2
"Battlefields in front of Nashville where the United States forces commanded by Major General Geo. H. Thomas defeated and routed the rebel army under General Hood, December 15th & 16th 1864 / surveyed and drawn under the direction of Gen: Tower by M. Peseux ; reduced and engraved in the Engineer Bureau.",,"Nashville, Tennessee 1864",,"Peseux, M.;",United States. War Department. Engineer Bureau.;,1864;,United States : publisher not identified;,"Nashville (Tenn.) -- History -- Civil War, 1861-1865 -- Maps;",North and Central America;,,Tennessee;,,,Nashville;,"From ""39th Cong., 1st Sess. [1866]-Report of the Chief Engineer, U.S.A.""; Legend in the upper left corner contains a brief resume of each day's action while the map shows troop positions, roads, railroads, hachures, drainage, vegetation, and rural houses. Streets and houses of Nashville are not indicated.;",,,,cartographic image,still image,Maps,Color;,"[1:42,240]. 1 1/2 in. to 1 mile (W 86°51ʹ--W 86°42ʹ/N 36°13ʹ--N 36°02ʹ);",,American Geographical Society Library - Maps,,"1 map : color ; 33 x 39 cm, on sheet 37 x 47 cm;",881-c .N37 B-[1866?],English,"American Geographical Society Library, University of Wisconsin-Milwaukee Libraries",American Geographical Society Library Digital Map Collection,The Board of Regents of the University of Wisconsin System,agsmap029388,image/tif; Image/jp2,American Geographical Society Library Digital Map Collection,"Due to their file size, some maps may produce a proxy error when downloaded as a ""large"" file. In those cases, please contact us at digilib@uwm.edu to obtain a copy of the file.",An 1864 map details the Union victory over General Hood's Confederate forces in Nashville during December's battles.,DP,2022-07-06,2026-06-26,http://cdm17272.contentdm.oclc.org/cdm/ref/collection/agdm/id/32444,32444,32427.jp2,/agdm/image/32427.jp2
"Ireland, to illustrate the religious condition of the people / by G. Phillips Bevan, F.S.S., F.G.S., 1881.",,Ireland 1881,,"Bevan, G. Phillips, 1829?-1889;",W. & A.K. Johnston Limited;,1881;,"Edinburgh : Engraved, printed, & published by W. & A.K. Johnston;",Ireland -- Religion -- Maps;,Europe;,Ireland;,,,,,"Shows location and number of parishes for ""Church of Ireland,"" ""Roman Catholic Church"" and ""Other Churches.""; Includes inset map showing places of worship: Plan of Dublin; ""Statistical atlas"" -- top margin; Removed from: The statistical atlas of England, Scotland, and Ireland; Shabad Collection;",,,,cartographic image,still image,Maps,Color;,"1:1,267,200. 1 in. = 20 miles (W 10°30ʹ--W 5°40ʹ/N 56°00ʹ--N 51°30ʹ);",,American Geographical Society Library - Maps,,1 map : color ; 44 x 28 cm;,625 C-1881,English,"American Geographical Society Library, University of Wisconsin-Milwaukee Libraries",American Geographical Society Library Digital Map Collection,The Board of Regents of the University of Wisconsin System,agsmap029410,image/tif; Image/jp2,American Geographical Society Library Digital Map Collection,"Due to their file size, some maps may produce a proxy error when downloaded as a ""large"" file. In those cases, please contact us at digilib@uwm.edu to obtain a copy of the file.","An 1881 map of Ireland shows the distribution and prevalence of Catholic, Presbyterian, and Episcopal parishes by region.",DP,2022-07-18,2026-06-26,http://cdm17272.contentdm.oclc.org/cdm/ref/collection/agdm/id/32485,32485,32486.jp2,/agdm/image/32486.jp2
"Carte routière et touristique, Burundi / établi par l'Institut géographique national-France, en collaboration avec l'Institut géographique du Burundi.","1re éd., 1984.","Burundi, Africa 1984",,Institut géographique national (France),Institut géographique du Burundi.,1984;,Paris : I.G.N. ; Bujumbura : IGEBU;,Roads -- Burundi -- Maps; Burundi -- Maps; Burundi -- Administrative and political divisions -- Maps; Bujumbura (Burundi) -- Maps; Burundi; Burundi -- Bujumbura;,Africa;,Burundi,,,,,"Relief shown by contours, shading, and spot heights; Panel title: Burundi, carte routière et touristique; ""Cartographie par exploitation de la carte de base à 1:50 000, 1980-1983, et mise à jour par renseignements.""; Includes indexes, administrative map, location map, and map of Bujumbura;",,Bevat: bijkaart Carte administrative en bijkaart Bujumbura. -- Schaal 1:30.000;,,cartographic image,still image,Maps,Color;,"1:250,000 ; Gauss projection (E 29°00ʹ--E 30°52ʹ/S 2°15ʹ--S 4°30ʹ);",,American Geographical Society Library - Maps,,"1 map : color ; 99 x 89 cm, folded to 12 x 23 cm;",355.2 D-1984,French,"American Geographical Society Library, University of Wisconsin-Milwaukee Libraries",American Geographical Society Library Digital Map Collection,The Board of Regents of the University of Wisconsin System,agsmap029489,image/tif; Image/jp2,American Geographical Society Library Digital Map Collection,"Due to their file size, some maps may produce a proxy error when downloaded as a ""large"" file. In those cases, please contact us at digilib@uwm.edu to obtain a copy of the file.","A 1984 Burundi map at 1:250,000 scale highlights regional divisions, Bujumbura, and transport routes.",DP,2022-08-15,2026-06-26,http://cdm17272.contentdm.oclc.org/cdm/ref/collection/agdm/id/32489,32489,32491.jp2,/agdm/image/32491.jp2
Northern Rhodesia / compiled and drawn by Directorate of Overseas Surveys.,First edition.,"Zambia, Africa 1964",,Great Britain. Directorate of Overseas Surveys.,,1964;,"Tolworth, England : Directorate of Overseas Surveys;",Zambia -- Maps; Zambia;,Africa;,Zambia;,,,,,Relief shown by gradient tints; Includes location map and inset map of the Copperbelt;,,"Insets: location map; Copperbelt. Scale 1:1,750,000;",,cartographic image,still image,Maps,Color;,"1:3,500,000 (E 22°--E 34°/S 8°--S 18°);",,American Geographical Society Library - Maps,,1 map : color ; 35 x 39 cm;,361 A-1964,English,"American Geographical Society Library, University of Wisconsin-Milwaukee Libraries",American Geographical Society Library Digital Map Collection,The Board of Regents of the University of Wisconsin System,agsmap029485,image/tif; Image/jp2,American Geographical Society Library Digital Map Collection,"Due to their file size, some maps may produce a proxy error when downloaded as a ""large"" file. In those cases, please contact us at digilib@uwm.edu to obtain a copy of the file.",Old 1964 British map depicts Northern Rhodesia's regions with railways and rivers and nearby areas.,DP,2022-08-15,2026-06-26,http://cdm17272.contentdm.oclc.org/cdm/ref/collection/agdm/id/32491,32491,32498.jp2,/agdm/image/32498.jp2
The tourist's map of Ireland / reduced ... by John Bartholomew.,,"Ireland, British Isles 1913",,John Bartholomew & Co.,Edinburgh Geographical Institute,1913,Edinburgh : Edinburgh Geographical Institute;,Ireland -- Maps;,Europe;,Ireland;,,,,,2 classes of roads; county boundaries; spot hts.; inset: Sketch map of the four provinces;,,,,cartographic image,still image,Maps,Color,"1:633,600 (W 11°--W 5°/N 55°30ʹ--N 51°);",,American Geographical Society Library - Maps,,"1 map : color ;4c73 x 56 cm., folded to 19 x 10 cm;",625 B-1913,English,"American Geographical Society Library, University of Wisconsin-Milwaukee Libraries",American Geographical Society Library Digital Map Collection,The Board of Regents of the University of Wisconsin System,agsmap029417,image/tif; Image/jp2,American Geographical Society Library Digital Map Collection,"Due to their file size, some maps may produce a proxy error when downloaded as a ""large"" file. In those cases, please contact us at digilib@uwm.edu to obtain a copy of the file.","A colorful 1913 Bartholomew tourist map details Ireland's railways, roads, and coastal towns.",DP,2022-08-22,2026-06-26,http://cdm17272.contentdm.oclc.org/cdm/ref/collection/agdm/id/32510,32510,32513.jp2,/agdm/image/32513.jp2
Bartholomew's contour motoring map of the British Isles showing the best touring roads with heights and distances reduced by permission from the Ordnance Survey,,"British Isles, Europe 1913",,,John Bartholomew & Co.,1913,Edinburgh : John Bartholomew & Co.,British Isles -- Maps,Europe,,,British Isles,,,"Relief shown by gradient tints, spoth heights and form lines; Includes index and 5 inset maps; ""A13.""; ""Special motoring map"" -- label on verso; Inset maps: London -- Manchester -- Dublin -- Glasgow -- Edinburgh; ""The Edinburgh Geographical Institute."";",,,,cartographic image,still image,Maps,Color,"1:1,000,000. (W 14°07ʹ00ʺ--E 2°05ʹ00ʺ/N 62°28ʹ00ʺ--N 49°40ʹ00ʺ);",,American Geographical Society Library - Maps,,1 map : color ; 100 x 92 cm,620 A-[1913],English,"American Geographical Society Library, University of Wisconsin-Milwaukee Libraries",American Geographical Society Library Digital Map Collection,The Board of Regents of the University of Wisconsin System,agsmap029419,image/tif; Image/jp2,American Geographical Society Library Digital Map Collection,"Due to their file size, some maps may produce a proxy error when downloaded as a ""large"" file. In those cases, please contact us at digilib@uwm.edu to obtain a copy of the file.",A 1913 Bartholomew contour map of Britain and Ireland highlights motoring routes with elevation and distance details.,DP,2022-08-22,2026-06-26,http://cdm17272.contentdm.oclc.org/cdm/ref/collection/agdm/id/32511,32511,32511.jp2,/agdm/image/32511.jp2
"Ireland, south west coast, Dingle & Ventry Harbours / surveyed by G.F. Mc Dougall, Master R.N., 1856 ; published at the Admiralty, 1st October 1861 ; Engraved by J. & C. Walker.",,"Dingle, Ireland 1861",Great Britain. Hydrographic Office. Admiralty chart ; 2844.,Great Britain. Hydrographic Office.,J. & C. Walker (Firm),1861;,"London : Hydrographic Office, Admiralty;",Nautical charts -- Ireland -- Dingle Bay; Coasts -- Ireland -- Dingle -- Maps;,Europe;,Ireland;,,,Kerry,,"Relief shown by spot heights and hachures. Depths shown by bathymetric isolines and soundings.; Includes 2 coastal profiles and 4 illustrations.; ""Engraved from the original drawing, scale = 6in. to the statute mile.""; ""County of Kerry"" -- upper margin.; ""2844."";",,,,cartographic image,still image,Maps,Grayscale;,"1:10,600 (W 10°23ʹ24ʺ--W 10°13ʹ58ʺ/N 52°08ʹ48ʺ--N 52°05ʹ04ʺ);",,American Geographical Society Library - Maps,,"1 map ; 64 x 99 cm, on sheet 70 x 103 cm;",BA 2844 1861,English,"American Geographical Society Library, University of Wisconsin-Milwaukee Libraries",American Geographical Society Library Digital Map Collection,The Board of Regents of the University of Wisconsin System,agsmap029424,image/tif; Image/jp2,American Geographical Society Library Digital Map Collection,"Due to their file size, some maps may produce a proxy error when downloaded as a ""large"" file. In those cases, please contact us at digilib@uwm.edu to obtain a copy of the file.","A 19th-century Irish nautical chart maps Dingle and Ventry Harbors, marking coastal features and water depths.",DP,2022-08-22,2026-06-26,http://cdm17272.contentdm.oclc.org/cdm/ref/collection/agdm/id/32522,32522,32528.jp2,/agdm/image/32528.jp2
"Ireland, east coast, the entrance of Lough Carlingford / surveyed by R. Hoskyn, Master R.N. assisted by D. Aird, Lieut. and H.B. Yule, Master R.N. 1857 ; published at the Admiralty, 25th March 1860 ; Engraved J. & C. Walker.",Corrections ... Octr. [18]68,"Carlingford, Ireland 1868",,Great Britain. Hydrographic Office,J. & C. Walker (Firm),1868,"London : Hydrographic Office, Admiralty",Nautical charts -- Carlingford Lough (Northern Ireland and Ireland);,Europe,Ireland,,,County Louth,Carlingford,"Depths shown by bathymetric isolines and soundings.; Includes notes and 7 coastal profiles. ""2810.""",,,,cartographic image,still image,Maps,Grayscale;,"1:10,600 (W 6°11ʹ33ʺ--W 5°59ʹ55ʺ/N 54°04ʹ05ʺ--N 53°58ʹ34ʺ);",,American Geographical Society Library - Maps,,"1 map ; 96 x 65 cm, on sheet 103 x 69 cm;",BA 2810 1868,English,"American Geographical Society Library, University of Wisconsin-Milwaukee Libraries",American Geographical Society Library Digital Map Collection,The Board of Regents of the University of Wisconsin System,agsmap029425,image/tif; Image/jp2,American Geographical Society Library Digital Map Collection,"Due to their file size, some maps may produce a proxy error when downloaded as a ""large"" file. In those cases, please contact us at digilib@uwm.edu to obtain a copy of the file.","A 19th-century Admiralty chart displays Lough Carlingford's entrance with islands, depth lines, and main shipping routes.",DP arc,2022-08-22,2026-06-26,http://cdm17272.contentdm.oclc.org/cdm/ref/collection/agdm/id/32524,32524,32524.jp2,/agdm/image/32524.jp2
"Irish Channel, Isle of Man / surveyed by Commr. George Williams R.N. and F.J. Evans, Master R.N. 1847, the soundings between Manghold Pt. and Ayre Pt. with the Bahama & King William Banks are from surveys of Captain F.W. Beechey R.N. F.R.S. 1843 ; published according to Act of Parliament at the Hydrographic Office of the Admiralty Novr. 1st 1851 ; Engraved J. & C. Walker.",,"Isle of Man, Europe 1871",Great Britain. Hydrographic Office. Admiralty chart ; 2094.,Great Britain. Hydrographic Office.,J. & C. Walker (Firm),1871;,"London : Hydrographic Office, Admiralty;",Nautical charts -- Isle of Man; Coasts -- Isle of Man -- Maps;,Europe;,,Isle of Man;,,,,"Relief shown by spot heights and hachures. Depths shown by bathymetric isolines and soundings.; Includes 3 coastal profiles and 5 inset maps: Douglas -- Peel -- Calf Sound -- Port St. Mary -- Castletown Bay.; ""2094."";",,,,cartographic image,still image,Maps,Grayscale;,"approximately 1:80,000 (W 5°03ʹ00ʺ--W 3°53ʹ00ʺ/N 54°27ʹ00ʺ--N 54°00ʹ00ʺ);",,American Geographical Society Library - Maps,,"1 map ; 64 x 97 cm, on sheet 69 x 103 cm;",BA 2094 1871,English;,"American Geographical Society Library, University of Wisconsin-Milwaukee Libraries",American Geographical Society Library Digital Map Collection,The Board of Regents of the University of Wisconsin System,agsmap029443,image/tif; Image/jp2,American Geographical Society Library Digital Map Collection,"Due to their file size, some maps may produce a proxy error when downloaded as a ""large"" file. In those cases, please contact us at digilib@uwm.edu to obtain a copy of the file.","An 1851 Admiralty chart maps the Isle of Man and nearby Irish Channel shores, marking depth soundings and navigation details.",DP,2022-08-31,2026-06-26,http://cdm17272.contentdm.oclc.org/cdm/ref/collection/agdm/id/32531,32531,32536.jp2,/agdm/image/32536.jp2
"Ireland, sheet XI, Valentia to Cape Clear / surveyed by Comrs. Wolfe and Church, Lieutt. Veitch and C. George, Master R.N. 1849-53, the offshore soundings by Comr. Edye and G.F. McDougall Mastr. R.N. 1859 ; published at the Admiralty, 17th Novr. 1860 ; Engraved by Davies, Bryer & Co.",Corrections March [18]70.,"Kerry, Ireland 1870",Great Britain. Hydrographic Office. Admiralty chart ; 2424.,Great Britain. Hydrographic Office.,"Davies, Bryer & Co.",1870;,"London : Hydrographic Office, Admiralty;",Nautical charts -- Ireland; Coasts -- Ireland -- Kerry -- Maps;,Europe;,Ireland;,,,Kerry;,,"Relief shown by spot heights and hachures. Depths shown by bathymetric isolines and soundings.; Includes 2 coastal profiles.; ""2424."";",,,,cartographic image,still image,Maps,Grayscale;,"1:145,000 (W 11°25ʹ00ʺ--W 9°23ʹ00ʺ/N 51°58ʹ00ʺ--N 51°10ʹ00ʺ);",,American Geographical Society Library - Maps,,"1 map ; 62 x 97 cm, on sheet 69 x 100 cm;",BA 2424 1870,English,"American Geographical Society Library, University of Wisconsin-Milwaukee Libraries",American Geographical Society Library Digital Map Collection,The Board of Regents of the University of Wisconsin System,agsmap029439,image/tif; Image/jp2,American Geographical Society Library Digital Map Collection,"Due to their file size, some maps may produce a proxy error when downloaded as a ""large"" file. In those cases, please contact us at digilib@uwm.edu to obtain a copy of the file.","An 1860 nautical chart shows the Irish coastline between Valentia and Cape Clear, focused on County Kerry.",DP,2022-08-31,2026-06-26,http://cdm17272.contentdm.oclc.org/cdm/ref/collection/agdm/id/32532,32532,32535.jp2,/agdm/image/32535.jp2
"Ireland, south coast, Youghal Harbour / surveyed by Captn. G.A. Frazer, R.N.M.R.I.A. 1850 ; published according to Act of Parliament at the Hydrographic Office of the Admiralty August 4th 1851 ; Engraved by J. & C. Walker.",[Small correction ...18]70.,"Yougal Harbour, Ireland 1870",Great Britain. Hydrographic Office. Admiralty chart ; 2071.,Great Britain. Hydrographic Office.,J. & C. Walker (Firm),1870;,"London : Hydrographic Office, Admiralty;",Nautical charts -- Ireland -- Youghal (Cork); Coasts -- Ireland -- Youghal (Cork) -- Maps;,Europe;,Ireland;,,,,,"Relief shown by spot heights and hachures. Depths shown by bathymetric isolines and soundings.; Includes 6 coastal profiles.; ""2071."";",,,,cartographic image,still image,Maps,Grayscale;,"approximately 1:19,000 (W 7°55ʹ08ʺ--W 7°44ʹ33ʺ/N 51°58ʹ56ʺ--N 51°50ʹ08ʺ);",,American Geographical Society Library - Maps,,"1 map ; 92 x 56 cm, on sheet 103 x 69 cm;",BA 2071 1870,English,"American Geographical Society Library, University of Wisconsin-Milwaukee Libraries",American Geographical Society Library Digital Map Collection,The Board of Regents of the University of Wisconsin System,agsmap029445,image/tif; Image/jp2,American Geographical Society Library Digital Map Collection,"Due to their file size, some maps may produce a proxy error when downloaded as a ""large"" file. In those cases, please contact us at digilib@uwm.edu to obtain a copy of the file.","An 1851 nautical chart maps Youghal Harbour on Ireland's Cork south coast, displaying depths, shore details, and navigation.",DP,2022-08-31,2026-06-26,http://cdm17272.contentdm.oclc.org/cdm/ref/collection/agdm/id/32533,32533,32537.jp2,/agdm/image/32537.jp2
"Ireland, sheet V, Teelin Hd. to Downpatrick Hd. / Donegal & Sligo Bays surveyed by Captn. G.A. Bedford assisted by Lieut. E.W. Sidney Messrs. G.E. Davis & F.B. Horner R.N. 1853, Killala Bay by Captn. R.B. Beechey assisted by Lieut. A.G. Edye R.N. 1854 ; published at the Admiralty 24th Decr. 1858 ; Engraved by J. & C. Walker.",Corrections ... June [18]65. [Small corrections ... 18]69.,"Donegal Bay, Ireland 1869",Great Britain. Hydrographic Office. Admiralty chart ; 2440.,Great Britain. Hydrographic Office.,J. & C. Walker (Firm),1869;,"London : Hydrographic Office, Admiralty;",Nautical charts -- Ireland -- Donegal Bay; Coasts -- Ireland -- Donegal Bay -- Maps;,Europe;,Ireland;,,,County Donegal;,,"Relief shown by spot heights and hachures. Depths shown by bathymetric isolines and soundings.; Includes 1 coastal profile.; ""2440."";",,,,cartographic image,still image,Maps,Grayscale;,"1:145,000 (W 9°24ʹ00ʺ--W 7°58ʹ00ʺ/N 54°43ʹ00ʺ--N 54°06ʹ00ʺ);",,American Geographical Society Library - Maps,,"1 map ; 48 x 65 cm, on sheet 51 x 69 cm;",BA 2440 1869,English,"American Geographical Society Library, University of Wisconsin-Milwaukee Libraries",American Geographical Society Library Digital Map Collection,The Board of Regents of the University of Wisconsin System,agsmap029438,image/tif; Image/jp2,American Geographical Society Library Digital Map Collection,"Due to their file size, some maps may produce a proxy error when downloaded as a ""large"" file. In those cases, please contact us at digilib@uwm.edu to obtain a copy of the file.","A 19th-century Admiralty chart shows Ireland's Donegal and Sligo Bays coastline with depth contours, running from Teelin.",DP,2022-08-31,2026-06-26,http://cdm17272.contentdm.oclc.org/cdm/ref/collection/agdm/id/32535,32535,32540.jp2,/agdm/image/32540.jp2
"Ireland, sheet VI, Downpatrick Hd. to Achill Hd. / surveyed by Commr. R.B. Beechey Lieut. A.G. Edye and Mr. A.B. Usborne R.N. 1854 ; published at the Admiralty, 20th Decr. 1855 ; Engraved by J. & C. Walker.",Additions ... Novr. 1864. [Small corrections ... 18]66.,"Mayo, Ireland 1866",Great Britain. Hydrographic Office. Admiralty chart ; 2419.,Great Britain. Hydrographic Office.,J. & C. Walker (Firm),1866;,"London : Hydrographic Office, Admiralty;",Nautical charts -- Ireland; Coasts -- Ireland -- Mayo (County) -- Maps;,Europe;,Ireland;,,,Mayo,,"Relief shown by spot heights and hachures. Depths shown by bathymetric isolines and soundings; Includes 2 coastal profiles; ""2419."";",,,,cartographic image,still image,Maps,Grayscale;,"1:145,000 (W 10°41ʹ00ʺ--W 9°17ʹ00ʺ/N 54°34ʹ00ʺ--N 53°57ʹ00ʺ);",,American Geographical Society Library - Maps,,"1 map ; 48 x 64 cm, on sheet 50 x 69 cm;",BA 2419 1866,English,"American Geographical Society Library, University of Wisconsin-Milwaukee Libraries",American Geographical Society Library Digital Map Collection,The Board of Regents of the University of Wisconsin System,agsmap029440,image/tif; Image/jp2,American Geographical Society Library Digital Map Collection,"Due to their file size, some maps may produce a proxy error when downloaded as a ""large"" file. In those cases, please contact us at digilib@uwm.edu to obtain a copy of the file.","This nautical chart displays Ireland's coastline from Downpatrick Head to Achill Head, marking depth soundings and land.",DP,2022-08-31,2026-06-26,http://cdm17272.contentdm.oclc.org/cdm/ref/collection/agdm/id/32536,32536,32539.jp2,/agdm/image/32539.jp2
"Ireland, sheet VII, Achill Head to Slyne Head, 1854 / from Roonagh Hd. northd. surveyed by Commr. R.B. Beechey, Lieut. A.G. Edye and Mr. A.B. Usborne, R.N. [from Roonagh Hd.] southd. [surveyed by] Captn. G.A. Bedford Lieut. F.W. Sidney Messrs. J.E. Davis & J.B. Horner R.N. ; published at the Admiralty 19th Decr. 1855 ; J. & C. Walker Sculpt.",,"Mayo, Ireland 1861; Galway, Ireland 1861",Great Britain. Hydrographic Office. Admiralty chart ; 2420.,Great Britain. Hydrographic Office.,J. & C. Walker (Firm),1861;,"London : Hydrographic Office, Admiralty;",Nautical charts -- Ireland; Coasts -- Ireland -- Mayo (County) -- Maps; Coasts -- Ireland -- Galway (County) -- Maps;,Europe;,Ireland;,,,Galway; Mayo;,,"Relief shown by spot heights and hachures. Depths shown by bathymetric isolines and soundings; Includes list of published plans; ""2420."";",,,,cartographic image,still image,Maps,Grayscale;,"1:145,000 (W 10°30ʹ00ʺ--W 9°09ʹ00ʺ/N 54°02ʹ00ʺ--N 53°23ʹ00ʺ);",,American Geographical Society Library - Maps,,"1 map ; 50 x 62 cm, on sheet 51 x 68 cm;",BA 2420 1861,English,"American Geographical Society Library, University of Wisconsin-Milwaukee Libraries",American Geographical Society Library Digital Map Collection,The Board of Regents of the University of Wisconsin System,agsmap029441,image/tif; Image/jp2,American Geographical Society Library Digital Map Collection,"Due to their file size, some maps may produce a proxy error when downloaded as a ""large"" file. In those cases, please contact us at digilib@uwm.edu to obtain a copy of the file.",The British Admiralty's 1854-55 Ireland nautical chart spans Achill Head to Slyne Head.,DP,2022-08-31,2026-06-26,http://cdm17272.contentdm.oclc.org/cdm/ref/collection/agdm/id/32537,32537,32546.jp2,/agdm/image/32546.jp2
"Ireland, sheet XIII, Kinsale to Brattin Head / surveyed by Captn. Frazer, Comdrs. Wolfe and Church ; published according to Act of Parliament at the Hydrographic Office fo the Admiralty Feby. 6th 1856 ; J. & C. Walker Sculpt.",,"Cork, Ireland 1870; Waterford, Ireland 1870;",Great Britain. Hydrographic Office. Admiralty chart ; 2336.,Great Britain. Hydrographic Office.,J. & C. Walker (Firm),1870;,"London : Hydrographic Office, Admiralty;",Nautical charts -- Ireland; Coasts -- Ireland -- Cork (County) -- Maps; Coasts -- Ireland -- Waterford (County) -- Maps;,Europe;,Ireland;,,,Cork; Waterford;,,"Relief shown by spot heights and hachures. Depths shown by bathymetric isolines and soundings.; Includes 1 coastal profile, 1 illustration and 1 inset map: [Ballycottin Bay]; ""2336."";",,,,cartographic image,still image,Maps,Grayscale;,"1:145,000 (W 8°33ʹ00ʺ--W 7°14ʹ00ʺ/N 52°10ʹ00ʺ--N 51°34ʹ00ʺ);",,American Geographical Society Library - Maps,,"1 map ; 48 x 63 cm, on sheet 51 x 69 cm;",BA 2336 1870,English,"American Geographical Society Library, University of Wisconsin-Milwaukee Libraries",American Geographical Society Library Digital Map Collection,The Board of Regents of the University of Wisconsin System,agsmap029442,image/tif; Image/jp2,American Geographical Society Library Digital Map Collection,"Due to their file size, some maps may produce a proxy error when downloaded as a ""large"" file. In those cases, please contact us at digilib@uwm.edu to obtain a copy of the file.","A 19th-century British Hydrographic Office chart of Ireland's coast from Kinsale to Brattin Head, surveyed in 1856.",DP,2022-08-31,2026-06-26,http://cdm17272.contentdm.oclc.org/cdm/ref/collection/agdm/id/32539,32539,32545.jp2,/agdm/image/32545.jp2
"Ireland, north coast, Lough Foyle / surveyed by Mr. R. Hoskyn, Mast. assisted by Lieut. D. Aird & Mr. W.H. Obree R.N. 1853-4 ; published at the Admiralty, 21st June 1859 ; Engraved by J. & C. Walker.",Correctons ... July [18]63. [Small corrections ... 18]71.,"Derry, Northern Ireland",Great Britain. Hydrographic Office. Admiralty chart ; 2499.,Great Britain. Hydrographic Office.,J. & C. Walker (Firm),1871;,"London : Hydrographic Office, Admiralty;","Nautical charts -- Foyle, Lough (Northern Ireland and Ireland); Harbors -- Northern Ireland -- Derry -- Maps;",Europe;,Northern Ireland;,,,Londonderry; Donegal;,,"Relief shown by spot heights and hachures. Depths shown by bathymetric isolines and soundings; Includes 6 coastal profiles and 1 inset map: Continuation of the River Foyle; ""Views by E. Radclyffe.""; ""2499."";",,,,cartographic image,still image,Maps,Grayscale;,"1:38,000 (W 7°21ʹ06ʺ--W 6°40ʹ14ʺ/N 55°16ʹ49ʺ--N 54°58ʹ47ʺ);",,American Geographical Society Library - Maps,,"1 map ; 70 x 95 cm, on sheet 72 x 97 cm;",BA 2499 1871,English,"American Geographical Society Library, University of Wisconsin-Milwaukee Libraries",American Geographical Society Library Digital Map Collection,The Board of Regents of the University of Wisconsin System,agsmap029444,image/tif; Image/jp2,American Geographical Society Library Digital Map Collection,"Due to their file size, some maps may produce a proxy error when downloaded as a ""large"" file. In those cases, please contact us at digilib@uwm.edu to obtain a copy of the file.","An 1859 nautical chart depicts Lough Foyle's coastline, islands, and navigation routes with detailed contours.",DP,2022-08-31,2026-06-26,http://cdm17272.contentdm.oclc.org/cdm/ref/collection/agdm/id/32540,32540,32534.jp2,/agdm/image/32534.jp2
"Ireland, west coast, Mutton Id., Doonbeg Bay and parts adjacent / surveyed by Captn. G.A. Bedford, Lieutt. F.W. Sidney, Mr. T.E. Davis, Master & Mr. Horner, Mate, 1850 ; published at the Admiralty 5th May 1856 ; Engraved by J. & C. Walker.",,"Doonbeg, Ireland 1850",,Great Britain. Hydrographic Office.,J. & C. Walker (Firm),1850;,"London : Hydrographic Office, Admiralty;",Nautical charts -- Ireland -- Doonbeg; Coasts -- Ireland -- Doonbeg -- Maps;,Europe;,Ireland;,,,County Clare;,Doonbeg;,"Relief shown by spot heights and hachures. Depths shown by bathymetric isolines and soundings. ""2442.""",,,,cartographic image,still image,Maps,Grayscale;,"1:24,200 (W 9°42ʹ08ʺ--W 9°25ʹ56ʺ/N 52°50ʹ08ʺ--N 52°43ʹ26ʺ);",,American Geographical Society Library - Maps,,"1 map ; 49 x 62 cm, on sheet 52 x 69 cm;",BA 2442 1850,English,"American Geographical Society Library, University of Wisconsin-Milwaukee Libraries",American Geographical Society Library Digital Map Collection,The Board of Regents of the University of Wisconsin System,agsmap029437,image/tif; Image/jp2,American Geographical Society Library Digital Map Collection,"Due to their file size, some maps may produce a proxy error when downloaded as a ""large"" file. In those cases, please contact us at digilib@uwm.edu to obtain a copy of the file.",An 1856 Irish nautical chart maps Doonbeg Bay and Mutton Island with 1850 depth and coastline surveys.,DP,2022-08-31,2026-06-26,http://cdm17272.contentdm.oclc.org/cdm/ref/collection/agdm/id/32541,32541,32538.jp2,/agdm/image/32538.jp2
"Ireland, south coast, Waterford Harbour / surveyed by Commr. G.A. Frazer, M.R.I.A., 1848 ; published according to Act of Parliament at the Hydrographic Office of the Admiralty April 14th 1850 ; Engraved by J. & C. Walker.",Corrections to 1861. Small corrections ... [18]69.,"Waterford, Ireland 1869",Great Britain. Hydrographic Office. Admiralty chart ; 2046.,Great Britain. Hydrographic Office.,J. & C. Walker (Firm),1869;,"London : Hydrographic Office, Admiralty;",Nautical charts -- Ireland -- Waterford; Harbors -- Ireland -- Waterford -- Maps;,Europe;,Ireland;,,,Waterford;,,"Relief shown by spot heights and hachures. Depths shown by bathymetric isolines and soundings.; Includes 1 coastal profile and 1 inset map: Continuation of the Barrow to New Ross.; ""2046."";",,,,cartographic image,still image,Maps,Grayscale;,"1:25,000 (W 7°07ʹ21ʺ--W 6°52ʹ47ʺ/N 52°19ʹ16ʺ--N 52°06ʹ26ʺ)",,American Geographical Society Library - Maps,,"1 map ; 95 x 65 cm, on sheet 104 x 69 cm;",BA 2046 1869,English,"American Geographical Society Library, University of Wisconsin-Milwaukee Libraries",American Geographical Society Library Digital Map Collection,The Board of Regents of the University of Wisconsin System,agsmap029447,image/tif; Image/jp2,American Geographical Society Library Digital Map Collection,"Due to their file size, some maps may produce a proxy error when downloaded as a ""large"" file. In those cases, please contact us at digilib@uwm.edu to obtain a copy of the file.","An 1850s British Admiralty nautical chart maps Waterford Harbour's coastline, harbors, and shipping lanes along Ireland's.",DP,2022-09-07,2026-06-26,http://cdm17272.contentdm.oclc.org/cdm/ref/collection/agdm/id/32548,32548,32561.jp2,/agdm/image/32561.jp2
"Ireland, west coast, Clifden and Mannin Bays to Aughrus Point / surveyed by Commr. G.A. Bedford assisted by Lieuts. J. Harding, F.W. Sidney, J.E. Davis Mastr., T.B. Horner Mate, 1847-8 ; published at the Admiralty 28th Jany. 1860 ; Engraved by J. & C. Walker.",,"Ireland, Europe 1860",Great Britain. Hydrographic Office. Admiralty chart ; 2708.,Great Britain. Hydrographic Office.,J. & C. Walker (Firm),1860;,"London : Hydrographic Office, Admiralty;",Nautical charts -- Ireland; Coasts -- Ireland -- Galway (County) -- Maps;,Europe;,Ireland;,,,Donegal; Galway;,,"Relief shown by spot heights and hachures. Depths shown by bathymetric isolines and soundings.; Includes 1 coastal profile.; ""2708."";",,,,cartographic image,still image,Maps,Grayscale;,"1:21,120 (W 10°20ʹ56ʺ--W 10°00ʹ07ʺ/N 53°33ʹ02ʺ--N 53°26ʹ03ʺ);",,American Geographical Society Library - Maps,,"1 map ; 63 x 97 cm, on sheet 69 x 103 cm;",BA 2708 1860,English,"American Geographical Society Library, University of Wisconsin-Milwaukee Libraries",American Geographical Society Library Digital Map Collection,The Board of Regents of the University of Wisconsin System,agsmap029454,image/tif; Image/jp2,American Geographical Society Library Digital Map Collection,"Due to their file size, some maps may produce a proxy error when downloaded as a ""large"" file. In those cases, please contact us at digilib@uwm.edu to obtain a copy of the file.","A 19th-century British Admiralty chart of Ireland's west coast—from Clifden to Mannin Bay—shows coastlines, bays, and water.",DP,2022-09-07,2026-06-26,http://cdm17272.contentdm.oclc.org/cdm/ref/collection/agdm/id/32549,32549,32557.jp2,/agdm/image/32557.jp2
"Ireland, west coast, Broad Haven Bay / surveyed by Commr. R.B. Beechey R.N. assisted by Lieut. A.G. Edye & Mr. A.B. Usborne Master, R.N. 1853 ; published at the Admiralty 29th Jany. 1861 ; Engraved by J. & C. Walker.",,"County Mayo, Ireland 1861",Great Britain. Hydrographic Office. Admiralty chart ; 2703.,Great Britain. Hydrographic Office.,J. & C. Walker (Firm),1861;,"London : Hydrographic Office, Admiralty;",Nautical charts -- Ireland; Coasts -- Ireland -- Mayo (County) -- Maps;,Europe;,Ireland;,,,Mayo;,,"Relief shown by spot heights and hachures. Depths shown by bathymetric isolines and soundings.; Includes 4 coastal profiles and 1 inset map: French Port, enlarged.; ""Reduced at Hydrog. Off. from the original scale of 4 inches to a statute mile.""; ""2703."";",,,,cartographic image,still image,Maps,Grayscale;,"1:48,672 (W 10°18ʹ01ʺ--W 9°41ʹ34ʺ/N 54°24ʹ01ʺ--N 54°11ʹ59ʺ);",,American Geographical Society Library - Maps,,"1 map ; 62 x 95 cm, on sheet 69 x 103 cm;",BA 2703 1861,English,"American Geographical Society Library, University of Wisconsin-Milwaukee Libraries",American Geographical Society Library Digital Map Collection,The Board of Regents of the University of Wisconsin System,agsmap029452,image/tif; Image/jp2,American Geographical Society Library Digital Map Collection,"Due to their file size, some maps may produce a proxy error when downloaded as a ""large"" file. In those cases, please contact us at digilib@uwm.edu to obtain a copy of the file.","A 19th-century Admiralty chart of Broad Haven Bay on Ireland's southwest coast displays coastlines, water depths.",DP,2022-09-07,2026-06-26,http://cdm17272.contentdm.oclc.org/cdm/ref/collection/agdm/id/32550,32550,32555.jp2,/agdm/image/32555.jp2
"Ireland, north coast, Lough Swilly, County Donegal / surveyed by Captain G.A. Bedford assisted by Lieut. T.B. Horner, R.N. 1855 ; published at the Admiralty, July 18th 1860 ; Engraved by J. & C. Walker.",Corrections March 1866.,"County Donegal, Ireland 1866",Great Britain. Hydrographic Office. Admiralty chart ; 2697.,Great Britain. Hydrographic Office.,J. & C. Walker (Firm),1866;,"London : Hydrographic Office, Admiralty;","Nautical charts -- Ireland -- Swilly, Lough;",Europe;,Ireland;,,,Donegal;,,"Relief shown by spot heights and hachures. Depths shown by bathymetric isolines and soundings.; Includes notes, 2 coastal profiles and 1 inset map.; ""2697."";",,,,cartographic image,still image,Maps,Grayscale;,"1:33,448 (W 7°44ʹ23ʺ--W 7°19ʹ30ʺ/N 55°19ʹ17ʺ--N 54°56ʹ22ʺ);",,American Geographical Society Library - Maps,,"1 map ; 131 x 65 cm, on sheet 134 x 67 cm;",BA 2697 1866,English,"American Geographical Society Library, University of Wisconsin-Milwaukee Libraries",American Geographical Society Library Digital Map Collection,The Board of Regents of the University of Wisconsin System,agsmap029455,image/tif; Image/jp2,American Geographical Society Library Digital Map Collection,"Due to their file size, some maps may produce a proxy error when downloaded as a ""large"" file. In those cases, please contact us at digilib@uwm.edu to obtain a copy of the file.","British naval surveyors mapped Lough Swilly, County Donegal, in 1855-60 for a detailed nautical chart.",DP,2022-09-07,2026-06-26,http://cdm17272.contentdm.oclc.org/cdm/ref/collection/agdm/id/32551,32551,32558.jp2,/agdm/image/32558.jp2
"Ireland, west coast, sheet I, Bantry Bay / surveyed by Commander Church, Lieut. Veitch & Mr. George, Master R.N., 1850 ; published at the Admiralty 19th Jany. 1856 ; Engraved by J. & C. Walker (Firm).",Corrections ... May [18]70.,"County Cork, Irleand 1870",Great Britain. Hydrographic Office. Admiralty chart ; 1840.,Great Britain. Hydrographic Office.,J. & C. Walker (Firm),1870;,"London : Hydrographic Office, Admiralty;",Nautical charts -- Ireland -- Bantry Bay; Coasts -- Ireland -- Bantry Bay -- Maps;,Europe;,Ireland;,,,Cork;,,"Relief shown by spot heights and hachures. Depths shown by bathymetric isolines and soundings.; Includes 3 coastal profiles.; ""1840."";",,,,cartographic image,still image,Maps,Grayscale;,"1:24,000 (W 10°02ʹ38ʺ--W 9°41ʹ50ʺ/N 51°41ʹ00ʺ--N 51°32ʹ21ʺ);",,American Geographical Society Library - Maps,,"1 map ; 66 x 96 cm, on sheet 69 x 103 cm;",BA 1840 1870,English,"American Geographical Society Library, University of Wisconsin-Milwaukee Libraries",American Geographical Society Library Digital Map Collection,The Board of Regents of the University of Wisconsin System,agsmap029451,image/tif; Image/jp2,American Geographical Society Library Digital Map Collection,"Due to their file size, some maps may produce a proxy error when downloaded as a ""large"" file. In those cases, please contact us at digilib@uwm.edu to obtain a copy of the file.","An 1850s nautical chart of Bantry Bay, Ireland, shows depths and coastlines.",DP,2022-09-07,2026-06-26,http://cdm17272.contentdm.oclc.org/cdm/ref/collection/agdm/id/32552,32552,32556.jp2,/agdm/image/32556.jp2
"Ireland, west coast, Blacksod Bay / surveyed by Commr. R.B. Beechey assisted by Lieut. A.G. Edye and Mr. A.B. Usborne Master R.N. 1851 ; published at the Admiralty, 29th Jan. 1861 ; Engraved under the direction of Capt. G.A. Bedford R.N., by J. & C. Walker.",Corrections Novr. 1864. [Small corrections ... 18]66.,"County Mayo, Ireland 1866",Great Britain. Hydrographic Office. Admiralty chart ; 2704.,Great Britain. Hydrographic Office.,J. & C. Walker (Firm),1866;,"London : Hydrographic Office, Admiralty;",Nautical charts -- Ireland; Coasts -- Ireland -- Achill Island -- Maps;,Europe;,Ireland;,,,Mayo;,,"Relief shown by spot heights and hachures. Depths shown by bathymetric isolines and soundings.; Includes 5 coastal profiles.; ""Reduced at the Hydrog. Off. from the original scale of 4 inches to a statute mile.""; ""2704."";",,,,cartographic image,still image,Maps,Grayscale;,"1:48,672 (W 10°29ʹ53ʺ--W 9°46ʹ15ʺ/N 54°14ʹ02ʺ--N 53°56ʹ25ʺ);",,American Geographical Society Library - Maps,,"1 map ; 64 x 98 cm, on sheet 69 x 103 cm;",BA 2704 1866,English,"American Geographical Society Library, University of Wisconsin-Milwaukee Libraries",American Geographical Society Library Digital Map Collection,The Board of Regents of the University of Wisconsin System,agsmap029453,image/tif; Image/jp2,American Geographical Society Library Digital Map Collection,"Due to their file size, some maps may produce a proxy error when downloaded as a ""large"" file. In those cases, please contact us at digilib@uwm.edu to obtain a copy of the file.","Vintage 1861 British nautical chart depicts Blacksod Bay, Achill Island's western coastline, showing depths, tidal details.",DP,2022-09-07,2026-06-26,http://cdm17272.contentdm.oclc.org/cdm/ref/collection/agdm/id/32553,32553,32560.jp2,/agdm/image/32560.jp2
"Ireland, sheet XIV, Brattin Head to Wexford / surveyed by Commr. Frazer, M.R.I.A., 1847 ; published according to Act of Parliament at the Hydrographic Office of the Admiralty May 22nd 1851 : Engraved by J. & C. Walker.",[Small corrections ... 18]68. Corrections to ... Sept. [18]71.,"Waterford, Ireland 1871; Wexford, Ireland 1871",Great Britain. Hydrographic Office. Admiralty chart ; 2049.,Great Britain. Hydrographic Office.,J. & C. Walker (Firm),1871;,"London : Hydrographic Office, Admiralty",Nautical charts -- Ireland; Coasts -- Ireland -- Waterford -- Maps; Coasts -- Ireland -- Wexford -- Maps;,Europe;,Ireland;,,,County Waterford; County Wexford;,,"Relief shown by spot heights and hachures. Depths shown by bathymetric isolines and soundings.; Includes 10 coastal profiles.; ""2049."";",,,,cartographic image,still image,Maps,Grayscale;,"approximately 1:150,000 (W 7°20ʹ00ʺ--W 6°02ʹ00ʺ/N 52°24ʹ00ʺ--N 51°48ʹ00ʺ);",,American Geographical Society Library - Maps,,"1 map ; 48 x 62 cm, on sheet 51 x 69 cm;",BA 2049 1871,English,"American Geographical Society Library, University of Wisconsin-Milwaukee Libraries",American Geographical Society Library Digital Map Collection,The Board of Regents of the University of Wisconsin System,agsmap029446,image/tif; Image/jp2,American Geographical Society Library Digital Map Collection,"Due to their file size, some maps may produce a proxy error when downloaded as a ""large"" file. In those cases, please contact us at digilib@uwm.edu to obtain a copy of the file.",An 1847-51 nautical chart maps coastal Ireland from Rattlin Head to Wexford.,DP,2022-09-07,2026-06-26,http://cdm17272.contentdm.oclc.org/cdm/ref/collection/agdm/id/32554,32554,32552.jp2,/agdm/image/32552.jp2
"Ireland, sheet XII, Mizen Head to Kinsale / surveyed by Commr. J. Wolfe and Lieut. Church, 1849, the deep soundings by Commr. A.G. Edye assisted by Lieut. T.B. Horner, 1860 ; published according to Act of Parliament at the Hydrographic Office of the Admiralty June 10th 1850.",Corrected to ... Mar. [18]65. [Small corrections ... 18]62.,"Ireland, Europe 1862",Great Britain. Hydrographic Office. Admiralty chart ; 1996.,Great Britain. Hydrographic Office.,J. & C. Walker (Firm),1862;,"London : Hydrographic Office, Admiralty;",Nautical charts -- Ireland; Coasts -- Ireland -- Skibbereen -- Maps;,Europe;,Ireland;,,,Cork;,Kinsale;,"Relief shown by spot heights and hachures. Depths shown by bathymetric isolines and soundings.; Includes 7 coastal profiles.; ""1996."";",,,,cartographic image,still image,Maps,Grayscale;,"approximately 1:150,000 (W 9°51ʹ00ʺ--W 8°29ʹ00ʺ/N 51°46ʹ00ʺ--N 51°14ʹ00ʺ);",,American Geographical Society Library - Maps,,"1 map ; 48 x 65 cm, on sheet 50 x 69 cm;",BA 1996 1862,English,"American Geographical Society Library, University of Wisconsin-Milwaukee Libraries",American Geographical Society Library Digital Map Collection,The Board of Regents of the University of Wisconsin System,agsmap029448,image/tif; Image/jp2,American Geographical Society Library Digital Map Collection,"Due to their file size, some maps may produce a proxy error when downloaded as a ""large"" file. In those cases, please contact us at digilib@uwm.edu to obtain a copy of the file.",A 19th-century British Admiralty nautical chart depicts Ireland's coast from Mizen Head to Kinsale with depth markings.,DP,2022-09-07,2026-06-26,http://cdm17272.contentdm.oclc.org/cdm/ref/collection/agdm/id/32555,32555,32553.jp2,/agdm/image/32553.jp2
"Ireland, west coast, sheet 2, Bantry Bay / surveyed by Commander James Wolfe and Lieut. W.H. Church R.N., 1844 ; published according to Act of Parliament at the Hydrographic Office of the Admiralty Decr. 27th 1847 ; J. & C. Walker Sculpt.",Corrections Feby. 1868.,"County Cork, Ireland 1868",Great Britain. Hydrographic Office. Admiralty chart ; 1838.,Great Britain. Hydrographic Office.,J. & C. Walker (Firm),1868;,"London : Hydrographic Office, Admiralty;",Nautical charts -- Ireland -- Bantry Bay; Coasts -- Ireland -- Bantry Bay -- Maps;,Europe;,Ireland;,,,Cork;,,"Relief shown by spot heights and hachures. Depths shown by bathymetric isolines and soundings.; Includes 3 coastal profiles.; ""1838."";",,,,cartographic image,still image,Maps,Grayscale;,"1:24,300 (W 9°45ʹ17ʺ--W 9°24ʹ50ʺ/N 51°45ʹ09ʺ--N 51°36ʹ36ʺ);",,American Geographical Society Library - Maps,,"1 map ; 64 x 95 cm, on sheet 69 x 103 cm;",BA 1838 1868,English,"American Geographical Society Library, University of Wisconsin-Milwaukee Libraries",American Geographical Society Library Digital Map Collection,The Board of Regents of the University of Wisconsin System,agsmap029450,image/tif; Image/jp2,American Geographical Society Library Digital Map Collection,"Due to their file size, some maps may produce a proxy error when downloaded as a ""large"" file. In those cases, please contact us at digilib@uwm.edu to obtain a copy of the file.","An 1868 nautical chart plots Bantry Bay, Ireland, featuring depth contours, coastlines, and nearby islands based on 1844.",DP,2022-09-07,2026-06-26,http://cdm17272.contentdm.oclc.org/cdm/ref/collection/agdm/id/32556,32556,32559.jp2,/agdm/image/32559.jp2
"Ireland, west coast, Galway Harbour / surveyed by Commander G.A. Bedford, 1845 ; published according to Act of Parliament at the Hydrographic Office of the Admiralty Decr. 29th 1848 ; J. & C. Walker Sculpt.",Additons Novr. 1858. Corrections Feb. 1863.,"County Galway, Ireland 1863",Great Britain. Hydrographic Office. Admiralty chart ; 1903.,Great Britain. Hydrographic Office.,J. & C. Walker (Firm),1863;,"London : Hydrographic Office, Admiralty;",Nautical charts -- Ireland -- Galway; Coasts -- Ireland -- Galway Bay -- Maps; Harbors -- Ireland -- Galway -- Maps; Galway (Ireland) -- Maps;,Europe;,Ireland;,,,Galway;,,"Includes spot heights and hachures. Depths shown by bathymetric isolines and soundings.; Includes 1 coastal profile.; ""1903."";",,,,cartographic image,still image,Maps,Grayscale;,"approximately 1:11,000 (W 9°03ʹ40ʺ--W 8°56ʹ42ʺ/N 53°16ʹ43ʺ--N 53°13ʹ54ʺ);",,American Geographical Society Library - Maps,,"1 map ; 48 x 63 cm, on sheet 50 x 69 cm;",BA 1903 1863,English,"American Geographical Society Library, University of Wisconsin-Milwaukee Libraries",American Geographical Society Library Digital Map Collection,The Board of Regents of the University of Wisconsin System,agsmap029449,image/tif; Image/jp2,American Geographical Society Library Digital Map Collection,"Due to their file size, some maps may produce a proxy error when downloaded as a ""large"" file. In those cases, please contact us at digilib@uwm.edu to obtain a copy of the file.","A vintage 19th-century Galway Harbour nautical chart, marked with depths and place names.",DP,2022-09-07,2026-06-26,http://cdm17272.contentdm.oclc.org/cdm/ref/collection/agdm/id/32557,32557,32554.jp2,/agdm/image/32554.jp2
"Ireland, the Shannon, sheet I / surveyed by Commander James Wolfe assisted by Lieutenant W.H. Church, 1846 ; published according to Act of Parliament at the Hydrographic Office of the Admiralty, Novr. 17th 1847 ; J. & C. Walker Sculpt.",Corrections May [18]65.,"Ireland, Europe 1868",Great Britain. Hydrographic Office. Admiralty chart ; 1819.,Great Britain. Hydrographic Office.,J. & C. Walker (Firm),1865;,"London : Hydrographic Office, Admiralty;",Nautical charts -- Ireland -- Shannon River Estuary; Coasts -- Ireland -- Shannon River Estuary -- Maps;,Europe;,Ireland;,,,Clare; Limerick; Kerry;,,"Relief shown by spot heights and hachures. Depths shown by bathymetric isolines and soundings.; Includes 7 coastal profiles.; ""1819."";",,,,cartographic image,still image,Maps,Grayscale;,"approximately 1:21,000 (W 10°05ʹ00ʺ--W 9°36ʹ00ʺ/N 52°36ʹ00ʺ--N 52°24ʹ00ʺ);",,American Geographical Society Library - Maps,,"1 map ; 63 x 95 cm, on sheet 69 x 103 cm;",BA 1819 1865,English,"American Geographical Society Library, University of Wisconsin-Milwaukee Libraries",American Geographical Society Library Digital Map Collection,The Board of Regents of the University of Wisconsin System,agsmap029459,image/tif; Image/jp2,American Geographical Society Library Digital Map Collection,"Due to their file size, some maps may produce a proxy error when downloaded as a ""large"" file. In those cases, please contact us at digilib@uwm.edu to obtain a copy of the file.","An 1846 nautical chart shows the Shannon River estuary with coastal details, depth markings, and Clare/Clonmel county.",DP,2022-09-07,2026-06-26,http://cdm17272.contentdm.oclc.org/cdm/ref/collection/agdm/id/32558,32558,32565.jp2,/agdm/image/32565.jp2
"Ireland, River Shannon, Tarbert Road / surveyed by Commander J. Wolfe ; published according to Act of Parliament at the Hydrographic Office of the Admiralty Decr. 1st 1843 ; J. & C. Walker Sculpt.",,"County Kerry, Ireland 1843",Great Britain. Hydrographic Office. Admiralty chart ; 1528.,Great Britain. Hydrographic Office.,J. & C. Walker (Firm),1843;,"London : Hydrographic Office, Admiralty;",Nautical charts -- Ireland; Coasts -- Ireland -- Shannon River Estuary -- Maps; Coasts -- Ireland -- Tarbert -- Maps;,Europe;,Ireland;,,,Kerry;,,"Relief shown by spot heights and hachures. Depths shown by bathymetric isolines and soundings.; ""1528."";",,,,cartographic image,still image,Maps,Grayscale;,"approximately 1:8,000 (W 9°23ʹ30ʺ--W 9°16ʹ50ʺ/N 52°36ʹ33ʺ--N 52°33ʹ55ʺ);",,American Geographical Society Library - Maps,,"1 map ; 47 x 61 cm, on sheet 51 x 69 cm;",BA 1528 1843,English,"American Geographical Society Library, University of Wisconsin-Milwaukee Libraries",American Geographical Society Library Digital Map Collection,The Board of Regents of the University of Wisconsin System,agsmap029465,image/tif; Image/jp2,American Geographical Society Library Digital Map Collection,"Due to their file size, some maps may produce a proxy error when downloaded as a ""large"" file. In those cases, please contact us at digilib@uwm.edu to obtain a copy of the file.","Detailed 1843 nautical chart of Tarbert Road in Ireland's Shannon River estuary shows depth contours, waterways.",DP,2022-09-07,2026-06-26,http://cdm17272.contentdm.oclc.org/cdm/ref/collection/agdm/id/32559,32559,32566.jp2,/agdm/image/32566.jp2
"Ireland, sheet XV, Wexford to Wicklow / surveyed by Commr. Frazer M.R.I.A. 1844 ; published according to Act Parliament at the Hydrographic Office of the Admiralty June 12th 1847 ; Engraved by J. & C. Walker.",[Small corrections ... 18]68 Correction Aug. [18]71.,"Ireland, Europe 1871",Great Britain. Hydrographic Office. Admiralty chart ; 1787.,Great Britain. Hydrographic Office.,J. & C. Walker (Firm),1871;,"London : Hydrographic Office, Admiralty;",Nautical charts -- Ireland; Coasts -- Ireland -- Wexford -- Maps; Coasts -- Ireland -- Wicklow -- Maps;,Europe;,Ireland;,,,Wexford; Wicklow;,,"Relief shown by spot heights and hahcures. Depths shown by bathymetric isolines and soundings.; Includes 11 coastal profiles and 3 illustrations.; ""1787."";",,,,cartographic image,still image,Maps,Grayscale;,"approximately 1:150,000 (W 6°31ʹ00ʺ--W 5°31ʹ00ʺ/N 52°59ʹ00ʺ--N 52°09ʹ00ʺ);",,American Geographical Society Library - Maps,,"1 map ; 64 x 47 cm, on sheet 69 x 50 cm;",BA 1787 1871,English,"American Geographical Society Library, University of Wisconsin-Milwaukee Libraries",American Geographical Society Library Digital Map Collection,The Board of Regents of the University of Wisconsin System,agsmap029460,image/tif; Image/jp2,American Geographical Society Library Digital Map Collection,"Due to their file size, some maps may produce a proxy error when downloaded as a ""large"" file. In those cases, please contact us at digilib@uwm.edu to obtain a copy of the file.","A British Admiralty nautical map shows Ireland's coast from Wexford to Wicklow, surveyed in 1844 and published in 1847.",DP,2022-09-07,2026-06-26,http://cdm17272.contentdm.oclc.org/cdm/ref/collection/agdm/id/32560,32560,32568.jp2,/agdm/image/32568.jp2
"Ireland, west coast, Achill Sound, southern entrance to Achill Bridge / surveyed by commander R.B. Beechey R.N., Lieutt. A.G. Edye and Mr. A.B. Usborne, Master, R.N., 1850 ; published at the Admiralty 24th Mar. 1887 ; Engraved by Davies & Compy.",Large corrections Decr. 1903. Small corrections ... 1921.,"County Mayo, Ireland 1921",Great Britain. Hydrographic Office. Admiralty chart ; 954.,Great Britain. Hydrographic Office.,Davies & Company.,1921;,"London : Hydrographic Office, Admiralty;",Nautical charts -- Ireland -- Achill; Coasts -- Ireland -- Achill -- Maps; Coasts -- Ireland -- Achillbeg Island -- Maps;,Europe;,Ireland;,,,Mayo;,,Relief shown by spot heights and hachures. Depths shown by bathymetric isolines and soundings.; Includes 1 inset map: Continuation to the north.;,,,,cartographic image,still image,Maps,Grayscale;,"approximately 1:109,000 ; (W 9°58ʹ02ʺ--W 9°53ʹ00ʺ/N 53°55ʹ40ʺ--N 53°51ʹ16ʺ);",,American Geographical Society Library - Maps,,"1 map ; 61 x 48 cm, on sheet 70 x 51 cm;",BA 954 1921,English,"American Geographical Society Library, University of Wisconsin-Milwaukee Libraries",American Geographical Society Library Digital Map Collection,The Board of Regents of the University of Wisconsin System,agsmap029462,image/tif; Image/jp2,American Geographical Society Library Digital Map Collection,"Due to their file size, some maps may produce a proxy error when downloaded as a ""large"" file. In those cases, please contact us at digilib@uwm.edu to obtain a copy of the file.","An 1887 British Admiralty chart of Achill Sound, Ireland, shows Achillbeg Island with coastlines, depth markings.",DP,2022-09-07,2026-06-26,http://cdm17272.contentdm.oclc.org/cdm/ref/collection/agdm/id/32561,32561,32563.jp2,/agdm/image/32563.jp2
"Ireland, the Shannon, sheet II / surveyed by Commander James Wolfe, assisted by Lieutenant W.H. Church ; published according to Act of Parliament at the Hydrographic Office of the Admiralty Decr. 15th 1843.",[Small corrections ... 18]68.,"Ireland, Europe 1868",Great Britain. Hydrographic Office. Admiralty chart ; 1547.,Great Britain. Hydrographic Office. Admiralty chart ; 1547.,J. & C. Walker (Firm),1868;,"London : Hydrographic Office, Admiralty;",Nautical charts -- Ireland; Coasts -- Ireland -- Shannon River Estuary -- Maps;,Europe;,Ireland;,,,Clare; Limerick; Kerry;,,"Relief shown by spot heights and hachures. Depths shown by bathymetric isolines and soundings.; Includes 3 coastal profiles.; ""1547."";",,,,cartographic image,still image,Maps,Grayscale;,"approximately 1:16,000 (W 9°44ʹ21ʺ--W 9°30ʹ46ʺ/N 52°39ʹ06ʺ--N 52°33ʹ18ʺ)",,American Geographical Society Library - Maps,,"1 map ; 60 x 94 cm, on sheet 69 x 103 cm;",BA 1547 1868,English,"American Geographical Society Library, University of Wisconsin-Milwaukee Libraries",American Geographical Society Library Digital Map Collection,The Board of Regents of the University of Wisconsin System,agsmap029457,image/tif; Image/jp2,American Geographical Society Library Digital Map Collection,"Due to their file size, some maps may produce a proxy error when downloaded as a ""large"" file. In those cases, please contact us at digilib@uwm.edu to obtain a copy of the file.",A historic 1868 British Admiralty chart maps Ireland's Shannon Estuary at its western coast.,DP,2022-09-07,2026-06-26,http://cdm17272.contentdm.oclc.org/cdm/ref/collection/agdm/id/32562,32562,32570.jp2,/agdm/image/32570.jp2
"Ireland, the Shannon, sheet IV / surveyed by Commander James Wolfe, assisted by Lieutenant W.H. Church, 1841 ; published according to Act of Parliament at the Hydrographic Office of the Admiralty Jany. 17th 1845 ; J. & C. Walker Sculpt.",[Small corrections ... 18]67.,"Ireland, Europe 1867",Great Britain. Hydrographic Office. Admiralty chart ; 1541.,Great Britain. Hydrographic Office.,J. & C. Walker (Firm),1867;,"London : Hydrographic Office, Admiralty;",Nautical charts -- Ireland; Coasts -- Ireland -- Shannon River Estuary -- Maps;,Europe;,Ireland;,,,Clare; Limerick; Kerry;,,"Relief shown by spot heights and hachures. Depths shown by bathymetric isolines and soundings.; ""1541."";",,,,cartographic image,still image,Maps,Grayscale;,"approximately 1:16,000 (W 9°20ʹ52ʺ--W 9°06ʹ37ʺ/N 52°38ʹ51ʺ--N 52°33ʹ36ʺ);",,American Geographical Society Library - Maps,,"1 map ; 62 x 94 cm, on sheet 69 x 101 cm;",BA 1541 1867,English,"American Geographical Society Library, University of Wisconsin-Milwaukee Libraries",American Geographical Society Library Digital Map Collection,The Board of Regents of the University of Wisconsin System,agsmap029463,image/tif; Image/jp2,American Geographical Society Library Digital Map Collection,"Due to their file size, some maps may produce a proxy error when downloaded as a ""large"" file. In those cases, please contact us at digilib@uwm.edu to obtain a copy of the file.",A historic 1841 British map by Commander James Wolfe depicts the Shannon River estuary and nearby Irish coastline.,DP,2022-09-07,2026-06-26,http://cdm17272.contentdm.oclc.org/cdm/ref/collection/agdm/id/32563,32563,32569.jp2,/agdm/image/32569.jp2
"Ireland, the Shannon, sheet III / surveyed by Commander James Wolfe, assisted by Lieutenant W.H. Church, 1841 ; published according to Act of Parliament at the Hydropgraphic Office of the Admiralty Decr. 15th 1843.",[Small corrections ... 18]68.,"Ireland, Europe 1868",Great Britain. Hydrographic Office. Admiralty chart ; 1548.,Great Britain. Hydrographic Office.,J. & C. Walker (Firm),1868;,"London : Hydrographic Office, Admiralty;",Nautical charts -- Ireland; Coasts -- Ireland -- Shannon River Estuary -- Maps;,Europe;,Ireland;,,,Clare; Limerick; Kerry;,,"Relief shown by spot heights and hachures. Depths shown by bathymetric isolines and soundings.; Includes 2 illustrations.; ""1548."";",,,,cartographic image,still image,Maps,Grayscale;,"approximately 1:18,500 (W 9°32ʹ49ʺ--W 9°18ʹ49ʺ/N 52°38ʹ18ʺ--N 52°32ʹ51ʺ);",,American Geographical Society Library - Maps,,"1 map ; 61 x 92 cm, on sheet 69 x 102 cm;",BA 1548 1868,English,"American Geographical Society Library, University of Wisconsin-Milwaukee Libraries",American Geographical Society Library Digital Map Collection,The Board of Regents of the University of Wisconsin System,agsmap029458,image/tif; Image/jp2,American Geographical Society Library Digital Map Collection,"Due to their file size, some maps may produce a proxy error when downloaded as a ""large"" file. In those cases, please contact us at digilib@uwm.edu to obtain a copy of the file.","1843 nautical chart shows Ireland's Shannon River estuary, surveyed in 1841.",DP,2022-09-07,2026-06-26,http://cdm17272.contentdm.oclc.org/cdm/ref/collection/agdm/id/32564,32564,32562.jp2,/agdm/image/32562.jp2
"Ireland, east coast, Lough Larne / surveyed by R. Hoskyn Master R.N. assisted by Lieut. D. Aird & H.B. Yule Master R.N., 1856 ; published at the Admiralty 1st August 1861 ; Engraved by J. & C. Walker.",,"Ireland, United Kingdom 1861",Great Britain. Hydrographic Office. Admiralty chart ; 1237.,Great Britain. Hydrographic Office.,,1861;,"London : Hydrographic Office, Admiralty;",Nautical charts -- Northern Ireland -- Larne; Coasts -- Northern Ireland -- Larne -- Maps;,Europe;,United Kingdom;,,,Antrim;,,"Relief shown by spot heights and hachures. Depths shown by bathymetric isolines and soundings.; Includes 3 coastal profiles.; ""1237."";",,,,cartographic image,still image,Maps,Grayscale;,"1:10,600 (W 5°49ʹ25ʺ--W 5°42ʹ01ʺ/N 54°54ʹ00ʺ--N 54°48ʹ35ʺ);",,American Geographical Society Library - Maps,,"1 map ; 99 x 67 cm, on sheet 102 x 69 cm;",BA 1237 1861,English,"American Geographical Society Library, University of Wisconsin-Milwaukee Libraries",American Geographical Society Library Digital Map Collection,The Board of Regents of the University of Wisconsin System,agsmap029461,image/tif; Image/jp2,American Geographical Society Library Digital Map Collection,"Due to their file size, some maps may produce a proxy error when downloaded as a ""large"" file. In those cases, please contact us at digilib@uwm.edu to obtain a copy of the file.","Lough Larne 1861 nautical chart shows coastal contours, soundings, and local Northern Ireland inlets.",DP,2022-09-07,2026-06-26,http://cdm17272.contentdm.oclc.org/cdm/ref/collection/agdm/id/32565,32565,32564.jp2,/agdm/image/32564.jp2
"English Channel / published at the Admiralty 1st June, 1882 ; Engraved by Edwd. Weller.",New editions ... 10th Octr. 1913. Small corrections ... [19]16.,English Channel 1916,Great Britain. Hydrographic Office. Admiralty chart ; 1598.,Great Britain. Hydrographic Office.,"Weller, Edward, 1819-1884.",1916;,"London : Hydrographic Office, Admiralty;","Nautical charts -- English Channel; Coasts -- Ireland -- Cork -- Maps; Coasts -- England, Southern -- Maps; Coasts -- France -- Normandy -- Maps;",Europe;,Ireland; England; France;,,,Cork;,,"Relief shown by spot heights and hachures. Depths shown by bathymetric isolines and soundings.; Includes tidal tables.; Selected lights shown in yellow and red.; ""1598."";",,,,cartographic image,still image,Maps,Grayscale;,"approximately 1:800,000 (W 12°40ʹ00ʺ--E 1°43ʹ00ʺ/N 52°18ʹ00ʺ--N 48°03ʹ00ʺ);",,American Geographical Society Library - Maps,,"1 map ; 64 x 136 cm, on sheet 69 x 142 cm;",BA 1598 1916,English,"American Geographical Society Library, University of Wisconsin-Milwaukee Libraries",American Geographical Society Library Digital Map Collection,The Board of Regents of the University of Wisconsin System,agsmap029456,image/tif; Image/jp2,American Geographical Society Library Digital Map Collection,"Due to their file size, some maps may produce a proxy error when downloaded as a ""large"" file. In those cases, please contact us at digilib@uwm.edu to obtain a copy of the file.","An 1882 nautical chart maps the English Channel and parts of England's, France's, and Ireland's southern coasts.",DP,2022-09-07,2026-06-26,http://cdm17272.contentdm.oclc.org/cdm/ref/collection/agdm/id/32566,32566,32571.jp2,/agdm/image/32571.jp2
"Ireland, River Shannon, Foynes Harbour / surveyed by Commander Jay Wolfe F.R.G.S. 1841 ; published according to Act of Parliament at the Hydrographic Office of the Admiralty Decr. 15th 1843 ; J. & C. Walker Sculpt.",[Small corrections ... 18]67.,"Ireland, Europe 1867",Great Britain. Hydrographic Office. Admiralty chart ; 1538.,Great Britain. Hydrographic Office.,J. & C. Walker (Firm),1867;,"London : Hydrographic Office, Admiralty;",Nautical charts -- Ireland; Coasts -- Ireland -- Shannon River Estuary -- Maps;,Europe;,Ireland;,,,Clare; Limerick; Kerry;,,"Relief shown by spot heights and hachures. Depths shown by bathymetric isolines and soundings.; ""1538."";",,,,cartographic image,still image,Maps,Grayscale;,"approximately 1:5,500 (W 9°08ʹ05ʺ--W 9°04ʹ38ʺ/N 52°37ʹ53ʺ--N 52°36ʹ39ʺ);",,American Geographical Society Library - Maps,,"1 map ; 47 x 61 cm, on sheet 51 x 69 cm;",BA 1538 1867,English,"American Geographical Society Library, University of Wisconsin-Milwaukee Libraries",American Geographical Society Library Digital Map Collection,The Board of Regents of the University of Wisconsin System,agsmap029464,image/tif; Image/jp2,American Geographical Society Library Digital Map Collection,"Due to their file size, some maps may produce a proxy error when downloaded as a ""large"" file. In those cases, please contact us at digilib@uwm.edu to obtain a copy of the file.","An 1867 nautical chart tracks Foynes Harbour's depths, coastline, and key sailing landmarks on the Shannon estuary.",DP,2022-09-07,2026-06-26,http://cdm17272.contentdm.oclc.org/cdm/ref/collection/agdm/id/32567,32567,32567.jp2,/agdm/image/32567.jp2
"Ireland sheet IV, Horn Hd. to Rathlin O'Birne / surveyed by Captn. G.A. Bedford Lieuts. F.W. Sidney T.B. Horner & Mr. J.E. Davis R.N., 1854 ; published at the Admiralty 30th Novr. 1860 ; Engraved by J. & C. Walker.",,"Donegal, Ireland 1860",Great Britain. Hydrographic Office. Admiralty chart ; 1245.,Great Britain. Hydrographic Office.,J. & C. Walker (Firm),1860,"London : Hydrographic Office, Admiralty;",Nautical charts -- Ireland; Coasts -- Ireland -- Donegal (County) -- Maps;,Europe;,Ireland;,,,Donegal;,,"Relief shown by spot heights and hachures. Depths shown by bathymetric isolines and soundings.; Includes note and 2 coastal profiles.; ""1245."";",,,,cartographic image,still image,Maps,Grayscale;,"1:145,000 (W 9°00ʹ00ʺ--W 7°57ʹ00ʺ/N 55°27ʹ00ʺ--N 54°39ʹ00ʺ);",,American Geographical Society Library - Maps,,"1 map ; 62 x 47 cm, on sheet 69 x 50 cm;",BA 1245 1860,English,"American Geographical Society Library, University of Wisconsin-Milwaukee Libraries",American Geographical Society Library Digital Map Collection,The Board of Regents of the University of Wisconsin System,agsmap029467,image/tif; Image/jp2,American Geographical Society Library Digital Map Collection,"Due to their file size, some maps may produce a proxy error when downloaded as a ""large"" file. In those cases, please contact us at digilib@uwm.edu to obtain a copy of the file.","An 1860 nautical chart shows Donegal's coastline with surveyed landmarks, depths, and Irish maritime borders.",DP,2022-09-14,2026-06-26,http://cdm17272.contentdm.oclc.org/cdm/ref/collection/agdm/id/32572,32572,32578.jp2,/agdm/image/32578.jp2
"Ireland, sheet XVI, Wicklow to Dublin / surveyed by Commr. Frazer M.R.I.A. ; published according to Act of Parliament at the Hydrographic Office of the Admiralty June 9 1843 ; J. & C. Walker Sculpt.",Additions to 1846. Corrections to ... Oct. [18]67. [Small corrections ... 18]71.,"Ireland, Europe 1871",Great Britain. Hydrographic Office. Admiralty chart ; 1467.,Great Britain. Hydrographic Office.,J. & C. Walker (Firm),1871;,"London : Hydrographic Office, Admiralty;",Nautical charts -- Ireland; Coasts -- Ireland -- Wicklow -- Maps; Coasts -- Ireland -- Dublin -- Maps;,Europe;,Ireland;,,,Wicklow;,Dublin;,"Relief shown by spot heights and hachures. Depths shown by bathymetric isolines and soundings.; Includes 6 inset maps.; ""1467."";",,,,cartographic image,still image,Maps,Grayscale;,"approximately 1:80,000 (W 6°16ʹ00ʺ--W 5°43ʹ00ʺ/N 53°24ʹ00ʺ--N 52°57ʹ00ʺ);",,American Geographical Society Library - Maps,,"1 map ; 61 x 47 cm, on sheet 69 x 51 cm;",BA 1467 1891,English,"American Geographical Society Library, University of Wisconsin-Milwaukee Libraries",American Geographical Society Library Digital Map Collection,The Board of Regents of the University of Wisconsin System,agsmap029466,image/tif; Image/jp2,American Geographical Society Library Digital Map Collection,"Due to their file size, some maps may produce a proxy error when downloaded as a ""large"" file. In those cases, please contact us at digilib@uwm.edu to obtain a copy of the file.",An 1843 nautical chart by Frazer maps Ireland's Wicklow-to-Dublin coast.,DP,2022-09-14,2026-06-26,http://cdm17272.contentdm.oclc.org/cdm/ref/collection/agdm/id/32574,32574,32576.jp2,/agdm/image/32576.jp2
"West coast of Ireland / from the surveys of Captains G.A. Frazer & G.A. Bedford, R.N. Commrs. J. Wolfe, R.B. Beechey, W.H. Church & A.G. Edye, R.N. ; published at the Admiralty 13th Feby. 1862.",,"Ireland, United Kingdom 1862",Great Britain. Hydrographic Office. Admiralty chart ; 1824b.,Great Britain. Hydrographic Office.,,1862,"London : Hydrographic Office, Admiralty;",Nautical charts -- Ireland;  Coasts -- Ireland -- Maps;,Europe;,Ireland;,,,Donegal; Fermanagh; Slico; Mayo; Galway; Clare; Limerick; Kerry; Cork; Waterford;,,"Relief shown by spot heights and hachures. Depths shown by bathymetric isolines and soundings.;  Includes note and 4 inset maps: Killybegs Harbour -- Sligo Bar -- Clifden Bay -- Galway Bay, Mutton Id. Roadstead.;  ""Drawn by R.C. Carrington of the Hydrographic Office."";  ""1824b."";",,,,cartographic image,still image,Maps,Grayscale;,"approximately 1:507,000 (W 11°52ʹ00ʺ--W 7°15ʹ00ʺ/N 56°10ʹ00ʺ--N 50°50ʹ00ʺ);",,American Geographical Society Library - Maps,,"1 map ; 123 x 62 cm, on sheet 125 x 67 cm;",BA 1824b 1862,English,"American Geographical Society Library, University of Wisconsin-Milwaukee Libraries",American Geographical Society Library Digital Map Collection,The Board of Regents of the University of Wisconsin System,agsmap029471 (s1-s3),image/tif; Image/jp2,American Geographical Society Library Digital Map Collection,"Due to their file size, some maps may produce a proxy error when downloaded as a ""large"" file. In those cases, please contact us at digilib@uwm.edu to obtain a copy of the file.",,DP,2022-09-14,2022-09-14,http://cdm17272.contentdm.oclc.org/cdm/ref/collection/agdm/id/32580,32580,32603.cpd,/agdm/image/32603.cpd
"Ireland, south coast, Queenstown and Cork Outer Harbour / surveyed by Commrs. J. Wolfe & W.H. Church 1843 ; published according to Act of Parliament at the Hydrographic Office of the Admiralty, December 14th 1846 ; J. & C. Walker Sculpt.",Corrections Jany. [18]71.,"County Cork, Ireland 1871",Great Britain. Hydrographic Office. Admiralty chart ; 1777.,Great Britain. Hydrographic Office.,J. & C. Walker (Firm),1871,"London : Hydrographic Office, Admiralty;",Nautical charts -- Ireland -- Cork Harbour;  Coasts -- Ireland -- Cork Harbour -- Maps;,Europe;,Ireland;,,,Cork;,,"Relief shown by spot heights and hachures. Depths shown by bathymetric isolines and soundings.;  ""1777."";",,,,cartographic image,still image,Maps,Grayscale;,"approximately 1:10,800 (W 8°20ʹ28ʺ--W 8°14ʹ19ʺ/N 51°52ʹ29ʺ--N 51°46ʹ46ʺ);",,American Geographical Society Library - Maps,,"1 map ; 97 x 62 cm, on sheet 103 x 69 cm;",BA 1777 1871,English,"American Geographical Society Library, University of Wisconsin-Milwaukee Libraries",American Geographical Society Library Digital Map Collection,The Board of Regents of the University of Wisconsin System,agsmap029472 (s1-s2),image/tif; Image/jp2,American Geographical Society Library Digital Map Collection,"Due to their file size, some maps may produce a proxy error when downloaded as a ""large"" file. In those cases, please contact us at digilib@uwm.edu to obtain a copy of the file.",,DP,2022-09-14,2022-09-14,http://cdm17272.contentdm.oclc.org/cdm/ref/collection/agdm/id/32587,32587,32610.cpd,/agdm/image/32610.cpd
"Missione per la frontiera Italo-Etiopica / Minstero degli affari esteri, Direzione central degli affari colonaili.",,"Somalia, Africa 1911",,Italy. Direzione centrale degli affari coloniali.,,1911,"Firenze? : Instituto geografico militare, publisher not identified;",Italian Somaliland -- Maps; Italian Somaliland -- Discovery and exploration -- Maps; Somalia -- Maps; Baydhabo Region (Somalia) -- Maps; Baraawe Region (Somalia);,Africa;,Somalia;,,,,,"Relief shown by form lines.; Includes inset index map: Quadro d'unione.; ""Capo della Missione: Capitano Citerni.""; In upper right margin: ""No. 99-f.""; Loaned by the American Geographical Society to the Peace Conference at Versailles, 1918-1919.;",,fo. 6. Itinerario Baidoa-Brava;,,cartographic image,still image,Maps,Color;,"1:500,000 (E 42°40ʹ--E 44°10ʹ/N 3°10ʹ--N 1°00ʹ).;",,American Geographical Society Library - Maps,,"6 maps : color, mounted on linen ; 50 x 35 cm;",352-c .B34 A-1911,Italian,"American Geographical Society Library, University of Wisconsin-Milwaukee Libraries",American Geographical Society Library Digital Map Collection,The Board of Regents of the University of Wisconsin System,agsmap029502,image/tif; Image/jp2,American Geographical Society Library Digital Map Collection,"Due to their file size, some maps may produce a proxy error when downloaded as a ""large"" file. In those cases, please contact us at digilib@uwm.edu to obtain a copy of the file.",An early 20th-century Italian colonial map shows the 1911 boundary survey of Baydhabo-Brava near the Italo-Ethiopian.,DP,2022-09-14,2026-06-26,http://cdm17272.contentdm.oclc.org/cdm/ref/collection/agdm/id/32593,32593,32591.jp2,/agdm/image/32591.jp2
Karta Srbije i Crne Gore / od Dr. J. Cvijića ; Izrađena kod Valtera Brendela u Bernu ; Izdavach: knjizharnica Gece Kona Beograd.,,"Serbia and Montenegro, Europe 1911",,"Cvijić, Jovan, 1865-1927.",,1911,Geograd : Izdavach: knjizharnica Gece Kona;,Serbia -- Maps; Montenegro -- Maps;,Europe;,Serbia; Montenegro;,,,,,"Relief shown by gradient tints, hachures and spot heights.; Includes inset map of Belgrade and surroundings.; Received Jul 1913 gift from publisher",,,,cartographic image,still image,Maps,Color;,"1:750,000 (E 18°35ʹ00ʺ--E 23°14ʹ00ʺ/N 46°11ʹ00ʺ--N 41°48ʹ00ʺ);",,American Geographical Society Library - Maps,,1 map : color ; 52 x 54 cm;,662.5 A-1911,Serbian,"American Geographical Society Library, University of Wisconsin-Milwaukee Libraries",American Geographical Society Library Digital Map Collection,The Board of Regents of the University of Wisconsin System,agsmap029480,image/tif; Image/jp2,American Geographical Society Library Digital Map Collection,"Due to their file size, some maps may produce a proxy error when downloaded as a ""large"" file. In those cases, please contact us at digilib@uwm.edu to obtain a copy of the file.","Antique 1911 map shows Serbia and Montenegro's historic regions and boundaries at a 1:750,000 scale.",DP,2022-09-14,2026-06-26,http://cdm17272.contentdm.oclc.org/cdm/ref/collection/agdm/id/32600,32600,32587.jp2,/agdm/image/32587.jp2
"Somalia Italiana : regioni di nuova occupazione / Ministere delle Colonie ; Direzione Generale Affari Politici, Ufficio Cartografico.",,"Somalia, Africa 1914",,Italy. Ministero delle colonie.,,1914,Roma? : Ministero delle colonie;,Italian Somaliland -- Maps; Somalia -- Maps;,Africa;,Somalia;,,,,,"Shows areas in Somaliland occupied by Italy from 1910-1914.; ""No. 174-1914.""; Loaned by the American Geographical Society to the Peace Conference at Versailles, 1918-1919.;",,,,cartographic image,still image,Maps,Color;,"1:2,500,000 (E 42°00ʹ--E 46°30ʹ/N 5°00ʹ--S 0°20ʹ).;",,American Geographical Society Library - Maps,,"1 map : color, mounted on linen ; 24 x 18 cm;",352-c .S6 B-1914,Italian,"American Geographical Society Library, University of Wisconsin-Milwaukee Libraries",American Geographical Society Library Digital Map Collection,The Board of Regents of the University of Wisconsin System,agsmap029500,image/tif; Image/jp2,American Geographical Society Library Digital Map Collection,"Due to their file size, some maps may produce a proxy error when downloaded as a ""large"" file. In those cases, please contact us at digilib@uwm.edu to obtain a copy of the file.",A 1914 Italian colonial map marks Somalia Italiana's newly occupied zones between 1910 and 1914.,DP,2022-09-14,2026-06-26,http://cdm17272.contentdm.oclc.org/cdm/ref/collection/agdm/id/32605,32605,32583.jp2,/agdm/image/32583.jp2
"Map of zinc mines, Sussex County / Geo. H. Cook, State Geologist, John C. Smock, Asst. Geologist ; surveyed & drawn by G.M. Hopkins.",,"Sussex County, New Jersey 1867",,"Hopkins, Griffith Morgan, Jr.","Cook, George Hammell, 1818-1889.  Smock, John C. (John Conover), 1842-1926.  New Jersey Geological Survey.",1867;,"Trenton, N.J. : State of New Jersey;",Zinc mines and mining -- New Jersey -- Sussex County -- Maps; Sussex County (N.J.) -- Maps; New Jersey -- Sussex County;,North and Central America;,,New Jersey;,,Sussex,,"Relief shown by contours. Depths shown by isolines. Map is colored to show red for gneiss, yellow for white limestone and blue for blue limestone. Includes 2 cross sections: Section across the zinc mines at Mine Hill and section across the zinc mines at Sterling Hill. ""Note: The figures on the contour lines give the heights, in feet, above mean tide, and the contour lines show where the surface is of that height."" In: Report of the State Geologist, Prof. Geo. H. Cook for the year 1867, Trenton, 1868, vol. 8.",,,,cartographic image,still image,Maps,Color;,"approximately 1:7,920 ; 8 in. = 1 mile. (W 74°58ʹ--W 74°20ʹ/N 41°23ʹ--N 40°53ʹ).",,American Geographical Society Library - Maps,,1 map : color ; 71 x 51 cm,860-c .S97 E-1867,English,"American Geographical Society Library, University of Wisconsin-Milwaukee Libraries",American Geographical Society Library Digital Map Collection,The Board of Regents of the University of Wisconsin System,agsmap029512,image/tif; Image/jp2,American Geographical Society Library Digital Map Collection,"Due to their file size, some maps may produce a proxy error when downloaded as a ""large"" file. In those cases, please contact us at digilib@uwm.edu to obtain a copy of the file.","This edition shows Sussex County's 1867 zinc mines with boundaries, locations, and elevation lines.",DP,2022-12-21,2026-06-26,http://cdm17272.contentdm.oclc.org/cdm/ref/collection/agdm/id/32659,32659,32647.jp2,/agdm/image/32647.jp2
"Map of the Ringwood Iron Mines, Passaic County / made under the direction of Geo. H. Cook, State Geologist ; surveyed and drawn by T.B. Brooks.",,"Passaic County, New Jersy 1864",,"Cook, George Hammell, 1818-1889.","Brooks, T. B. (Thomas Benton), 1836-1900. ; Bien, Julius, 1826-1909. ; New Jersey Geological Survey. ;",1864,"Trenton, N.J. : Geological Survey of New Jersey;",Iron ores -- New Jersey -- Passaic County -- Maps; Iron mines and mining -- New Jersey -- Passaic County -- Maps; New Jersey -- Passaic County;,North and Central America;,,New Jersey;,,Passaic;,,"Relief shown by contours and spot heights. Map coordinates are approximate and derived from a county map of Passaic County. At head of title: Geological survey of New Jersey. ""Lith. of J. Bien ... N.Y.""--Bottom left below neat line. Excavations are marked in red showing mines, shafts and prospecting pits. Includes notes and explanations. In: Geological survey of New Jersey : maps / New Jersey. State Geologist. [Trenton, N.J. : State Geologist, 1868] (no. 6).",,,,cartographic image,still image,Maps,Color;,"approximately 1:7,920 ; 660 ft. to 1 inch = 8 inches to 1 mile (W 74°30ʹ--W 74°06ʹ/N 41°12ʹ--N 40°48ʹ).",,American Geographical Society Library - Maps,,1 map : hand colored ; 38 x 32 cm,860-c .P37 E-1864,English,"American Geographical Society Library, University of Wisconsin-Milwaukee Libraries",American Geographical Society Library Digital Map Collection,The Board of Regents of the University of Wisconsin System,agsmap029510,image/tif; Image/jp2,American Geographical Society Library Digital Map Collection,"Due to their file size, some maps may produce a proxy error when downloaded as a ""large"" file. In those cases, please contact us at digilib@uwm.edu to obtain a copy of the file.","An 1864 geological map highlights Ringwood Iron Mines' Passaic County, NJ, sites, iron ore deposits, and nearby terrain.",DP,2022-12-21,2026-06-26,http://cdm17272.contentdm.oclc.org/cdm/ref/collection/agdm/id/32660,32660,32645.jp2,/agdm/image/32645.jp2
Carta corográfica de Portugal continental / segundo os ultimos elementos oficiaes e em harmonia com os atuaes programas de instrucao primaria coordenada por Y. Vieira ; editor Livraria Avelar Machado ; Instituto Geográfico e Cadastral ; Lito Salles - Lisboa.,6a ediçāo,"Portugal, Europe 1937",,Instituto Geográfico e Cadastral (Portugal),,1937;,Lisboa : Instituto Geográfico e Cadastral;,Portugal -- Maps; Portugal -- Colonies -- Maps;,Europe;,Portugal;,,,,,"Relief shown by shading and spot heights. Includes 2 inset maps, illustration and 3 tables. ""Imperio Colonial Portugues Colecao de 3 Mapas.""",,,,cartographic image,still image,Maps,Color;,"1:600,000. (W 10°00ʹ00ʺ--W 6°11ʹ00ʺ/N 42°09ʹ00ʺ--N 36°48ʹ00ʺ).",,American Geographical Society Library - Maps,https://wisconsin-uwm.primo.exlibrisgroup.com/permalink/01UWI_ML/13nukll/alma991013359771302124,1 map : color ; 101 x 72 cm,652 B-1937,Portuguese,"American Geographical Society Library, University of Wisconsin-Milwaukee Libraries",American Geographical Society Library Digital Map Collection,The Board of Regents of the University of Wisconsin System,agsmap029513,image/tif; Image/jp2,American Geographical Society Library Digital Map Collection,"Due to their file size, some maps may produce a proxy error when downloaded as a ""large"" file. In those cases, please contact us at digilib@uwm.edu to obtain a copy of the file.","A 1937 corographic map of Portugal displays districts, major cities, and colonial territories.",DP,2022-12-21,2026-06-26,http://cdm17272.contentdm.oclc.org/cdm/ref/collection/agdm/id/32664,32664,32649.jp2,/agdm/image/32649.jp2
"Topographical map of Union County, New Jersey / by Ernest L. Meyer & P. Witzel",,"New Jersey, United States 1862",,"Meyer, Ernest L.","Witzel, P.  Crane, W. T.  B. Westermann & Co.",1862;,"Elizabeth, N.J. : Ernest L. Meyer;",Union County (N.J.) -- Maps; Landowners -- New Jersey -- Union County -- Maps; New Jersey -- Union County; United States -- New Jersey -- Union County;,North and Central America;,,New Jersey;,,Union County;,,"General-content map showing built-up areas, urban buildings, rural buildings with occupants' names, extant/planned streets, woods, orchards, and marshes.; Relief shown by hachures.; Hand colored (watercolors) to emphasize township boundaries and territories.; ""Orders for maps to be addressed to Ernest L. Meyer, City Surveyor, Elizabeth, N.J., or B. Westermann & Co., 440 Broadway, N.Y.""; ""Entered according to Act of Congress in the year 1861 by Ernest L. Meyer & P. Witzel in the ... Southern District of New York.""; Originally printed on 2 or 4 sheets (as wall map?) which may or may not correspond with the present fold lines.; LC copy imperfect: Brittle, darkened, mounted on cloth backing, quartered to enable folding, missing small internal sections along fold lines, missing long strips of part of the illustrations along the lower and right-hand edges.; Includes notes, statistical tables, embellished border containing illustrations of prominent buildings (identified), 2 bar scales, and 2 landscape ""Views sketched from nature by W.T. Crane"".;",,,,cartographic image,still image,Maps,Color;,"1:21,120. 3 inches to one mile (W 74°28ʹ10ʺ--W 74°08ʹ33ʺ/N 40°44ʹ06ʺ--N 40°35ʹ36ʺ).",,American Geographical Society Library - Maps,https://wisconsin-uwm.primo.exlibrisgroup.com/permalink/01UWI_ML/13nukll/alma991013381465802124,"1 map : color ; 76 x 132 cm, folded to 55 x 75 cm",860-c .U54 A-1862,English,"American Geographical Society Library, University of Wisconsin-Milwaukee Libraries",American Geographical Society Library Digital Map Collection,The Board of Regents of the University of Wisconsin System,agsmap029520,image/tif; Image/jp2,American Geographical Society Library Digital Map Collection,"Due to their file size, some maps may produce a proxy error when downloaded as a ""large"" file. In those cases, please contact us at digilib@uwm.edu to obtain a copy of the file.","An 1862 topographical map details Union County, New Jersey's land parcels and road network.",DP,2022-12-21,2026-06-26,http://cdm17272.contentdm.oclc.org/cdm/ref/collection/agdm/id/32665,32665,32653.jp2,/agdm/image/32653.jp2
"Mauritius, Port Louis / surveyed by Navigating Lieutenant J.E. Coghlan, R.N., 1877, with corrections from a survey by Messrs. Coode Son & Matthews, C.E. 1899 ; published at the Admiralty 20th Feb. 1878 ; Engraved by Davies & Company.",New editions ... 30th Octr. 1912. Small corrections ... 1921.,"Port Louis, Mauritius 1921",Great Britain. Hydrographic Office. Admiralty chart ; 713.,Great Britain. Hydrographic Office.,Davies & Company.,1921;,"London : Hydrographic Office, Admiralty;",Nautical charts -- Mauritius -- Port Louis; Harbors -- Mauritius -- Port Louis -- Maps; Port Louis (Mauritius) -- Maps;,Africa;,Mauritius;,,,,Port Louis;,Relief shown by spot heights and hachures. Depths shown by bathymetric isolines and soundings.; Includes 2 coastal profiles.;,,,,cartographic image,still image,Maps,Grayscale;,"1:9,080 ; (E 57°28ʹ13ʺ--E 57°31ʹ18ʺ/S 20°06ʹ40ʺ--S 20°10ʹ35ʺ)",,American Geographical Society Library - Maps,https://wisconsin-uwm.primo.exlibrisgroup.com/permalink/01UWI_ML/13nukll/alma991012541731502124,"1 map ; 63 x 46 cm, on sheet 68 x 51 cm.",BA 713 1921,English,"American Geographical Society Library, University of Wisconsin-Milwaukee Libraries",American Geographical Society Library Digital Map Collection,The Board of Regents of the University of Wisconsin System,agsmap029534,image/tif; Image/jp2,American Geographical Society Library Digital Map Collection,"Due to their file size, some maps may produce a proxy error when downloaded as a ""large"" file. In those cases, please contact us at digilib@uwm.edu to obtain a copy of the file.","A 1921 naval chart details Port Louis Harbor in Mauritius, marking water depths, landmarks, and shipping lanes.",DP,2023-01-04,2026-06-26,http://cdm17272.contentdm.oclc.org/cdm/ref/collection/agdm/id/32699,32699,32691.jp2,/agdm/image/32691.jp2
"Nicaragua & El Salvador, scale 1:700,000/1:250,000 / International Travel Maps ; edited by Stefanie Siegmund.","Third edition (Nicaragua), fourth edition (El Salvador).","Nicaragua & El Salvador, Central America 2012",,International Travel Maps (Firm),"Siegmund, Stefanie.   Pham, Viet Hoa.   ITMB Publishing Ltd.",2012;,"Richmond, B.C. : ITMB Publishing;",Nicaragua -- Maps.;  El Salvador -- Maps.;,North and Central America;,Nicaragua; El Salvador;,,,,,"Title from panel.;  On El Salvador map: Design and cartography by Pham Viet Hoa.;  Relief shown by gradient tints and spot heights.;  Includes indexes, color illustrations, and insets of San Salvador, Leon, Managua, San Juan del Sur, Isla de Ometepe, Isla del Maíz Grande, and Isla del Maíz Pequena.;",,,,cartographic image,still image,Maps,Color;,"1:700,000 (W 88°00ʹ--W 82°30ʹ/N 15°00ʹ--N 10°40ʹ).;   1:250,000 ; Lambert's azimuthal equal-area proj. (W 90°10ʹ--W 87°40ʹ/N 14°30ʹ--N 13°00ʹ).;",,American Geographical Society Library - Maps,https://wisconsin-uwm.primo.exlibrisgroup.com/permalink/01UWI_ML/1dmapte/alma9920391033402124,"2 maps on 1 sheet : both sides, color, waterproof ; sheet 69 x 99 cm, folded to 25 x 11 cm;",226 A-2012,English; Spanish;,"American Geographical Society Library, University of Wisconsin-Milwaukee Libraries",American Geographical Society Library Digital Map Collection,The Board of Regents of the University of Wisconsin System,agsmap029782 (a-b),image/tif; Image/jp2,American Geographical Society Library Digital Map Collection,"Due to their file size, some maps may produce a proxy error when downloaded as a ""large"" file. In those cases, please contact us at digilib@uwm.edu to obtain a copy of the file.",,DP,2023-02-15,2023-02-15,http://cdm17272.contentdm.oclc.org/cdm/ref/collection/agdm/id/32816,32816,32827.cpd,/agdm/image/32827.cpd
"Tannu Tuva / Department of State, Map Division.",May 1947.,"Tuva, Russia 1947",,United States. Department of State.,,1947;,"Washington, D.C. : Department of State, Map Division",Mongolia -- Maps.; Tuva (Russia) -- Maps.;,Europe;,Russia;,,Tuva;,,,"Includes note.; ""10699.""; ""Restricted."";",,,,cartographic image,still image,Maps,B&W;,"1:6,000,000 (E 88°00ʹ00ʺ--E 104°26ʹ00ʺ/N 54°00ʹ00ʺ--N 48°00ʹ00ʺ).;",,American Geographical Society Library - Maps,https://wisconsin-uwm.primo.exlibrisgroup.com/permalink/01UWI_ML/1dmapte/alma991013488473402124,"1 map ; 14 x 24 cm, on sheet 21 x 27 cm;",670-c .T88 A-1947,English,"American Geographical Society Library, University of Wisconsin-Milwaukee Libraries",American Geographical Society Library Digital Map Collection,The Board of Regents of the University of Wisconsin System,agsmap029793,image/tif; Image/jp2,American Geographical Society Library Digital Map Collection,"Due to their file size, some maps may produce a proxy error when downloaded as a ""large"" file. In those cases, please contact us at digilib@uwm.edu to obtain a copy of the file.","A 1947 U.S. State Department map shows Tannu Tuva bordered by Mongolia, China, and Russia, featuring mountains and roadways.",DP,2023-02-15,2026-06-26,http://cdm17272.contentdm.oclc.org/cdm/ref/collection/agdm/id/32825,32825,32818.jp2,/agdm/image/32818.jp2
"Nicaragua / from official and other sources prepared in the International Bureau of the American Republics ; William Woodville Rockhill, director.",,"Nicaragua, Central America 1903",,International Bureau of the American Republics.,"Rockhill, William Woodville, 1854-1914.;",1903;,"Washington, D.C. : International Bureau of the American Republics;",Transportation -- Nicaragua -- Maps.; Nicaragua -- Maps.; Nicaragua -- Administrative and political divisions -- Maps.;,North and Central America;,Nicaragua;,,,,,"Also shows administrative divisions and routes of proposed steamer lines and intercontinental railway. Relief shown by shading and spot heights. Acquired August 4, 1904 gift from the INternational Bureau of American Republics.",,,,cartographic image,still image,Maps,Color;,"1:792,000. 12.5 miles to 1 in. (W 88°00ʹ--W 83°00ʹ/N 15°30ʹ--N 10°30ʹ).;",,American Geographical Society Library - Maps,https://wisconsin-uwm.primo.exlibrisgroup.com/permalink/01UWI_ML/1dmapte/alma991012471335802124,1 map : color ; 70 x 69 cm,226 A-1903,English,"American Geographical Society Library, University of Wisconsin-Milwaukee Libraries",American Geographical Society Library Digital Map Collection,The Board of Regents of the University of Wisconsin System,agsmap029789,image/tif; Image/jp2,American Geographical Society Library Digital Map Collection,"Due to their file size, some maps may produce a proxy error when downloaded as a ""large"" file. In those cases, please contact us at digilib@uwm.edu to obtain a copy of the file.","A 1903 accessibility map of Nicaragua highlights regions, elevation, and key agricultural areas, created.",DP,2023-02-15,2026-06-26,http://cdm17272.contentdm.oclc.org/cdm/ref/collection/agdm/id/32828,32828,32822.jp2,/agdm/image/32822.jp2
"Mapa de la República de Panamá / [prepared for] ESSO Standard Oil, S.A.",,"Panama, Central America 1959",,General Drafting Company.,Esso Standard Oil (Central America),1959;,"Convent Station, N.J. : General Drafting Co.;",Roads -- Panama -- Maps.;  Roads -- Central America -- Maps.;,North and Central America;,Panama;,,,,,"Relief shown by hachures and spot heights.;  Includes index, text, and illustrations (some col.).;  ""Base geográfica tomada de 'Map of Hispanic America', 1:1,000,000, publicado por la American Geographical Society de Nueva York."";  ""Mapa de la América Central y Panamá"" with index, distance chart, insets of ""La carretera interamericana"" and ""Mapa de la Zona del Canal,"" and relief profile on verso.;  ""W259-5A."";",,,,cartographic image,still image,Maps,Color;,"approximately 1:900,000 (W 83°--W 77°/N 10°--N 7°).",,American Geographical Society Library - Maps,https://wisconsin-uwm.primo.exlibrisgroup.com/permalink/01UWI_ML/13nukll/alma991013415572502124,"1 map : color ; 40 x 83 cm, on sheet 62 x 86 cm;",227 D-[1959],Spanish,"American Geographical Society Library, University of Wisconsin-Milwaukee Libraries",American Geographical Society Library Digital Map Collection,The Board of Regents of the University of Wisconsin System,agsmap029560 (a-b),image/tif; Image/jp2,American Geographical Society Library Digital Map Collection,"Due to their file size, some maps may produce a proxy error when downloaded as a ""large"" file. In those cases, please contact us at digilib@uwm.edu to obtain a copy of the file.",,DP,2023-02-22,2023-02-22,http://cdm17272.contentdm.oclc.org/cdm/ref/collection/agdm/id/32844,32844,32856.cpd,/agdm/image/32856.cpd
Mapa de la Republica Mexicana.,,"Mexico, North America 1962",,,,1962;,Mexico City? : publisher not identified;,Mexico -- Maps.;,North and Central America;,Mexico;,,,,,"Shows roads, railroads, and air lines.; Includes road sign diagram, mileage table and 4 inset maps: Isla Guadalupe -- Islas Revillagigedo -- Mexico, D.F. y proximos pueblos = Mexico city next towns -- Rutas aereas airlines.; Spanish and English.;",,,,cartographic image,still image,Maps,Color;,"approximately 1:3,500,000 (W 118°--W 85°/N 33°--N 13°20ʹ).;",,American Geographical Society Library - Maps,https://wisconsin-uwm.primo.exlibrisgroup.com/permalink/01UWI_ML/13nukll/alma991013115936802124,1 map : color ; 63 x 87 cm,210 B-1962,Spanish,"American Geographical Society Library, University of Wisconsin-Milwaukee Libraries",American Geographical Society Library Digital Map Collection,The Board of Regents of the University of Wisconsin System,agsmap029548,image/tif; Image/jp2,American Geographical Society Library Digital Map Collection,"Due to their file size, some maps may produce a proxy error when downloaded as a ""large"" file. In those cases, please contact us at digilib@uwm.edu to obtain a copy of the file.",A vintage 1962 Mexican political map showing states with original boundaries and historical symbols.,DP,2023-02-22,2026-06-26,http://cdm17272.contentdm.oclc.org/cdm/ref/collection/agdm/id/32855,32855,32838.jp2,/agdm/image/32838.jp2
Central Andes of Peru from surveys by J.V. Harrison between 1939 and 1954 / published by the Royal Geographical Society.,,"Peru, South America 1957",Geographical Journal ; March 1957.,"Harrison, J. V.",Royal Geographical Society (Great Britain),1957;,London : Royal Geographical Society;,Andes -- Maps.; Peru -- Maps.; Mountains -- Peru -- Maps.;,South America;,Peru,,,,,"Relief shown by form lines and spot heights.; Includes note, 1 inset continuation map and 1 location map.; ""Harrison"" -- bottom right.; Includes inset maps: Peru region -- Continuation southward on same scale.;",,,,cartographic image,still image,Maps,Color;,"1:500,000 (W 77°00ʹ--W 74°45ʹ/S 10°30ʹ--S 13°15ʹ).;",,American Geographical Society Library - Maps,https://wisconsin-uwm.primo.exlibrisgroup.com/permalink/01UWI_ML/13nukll/alma991013381467002124,1 map : color ; 68 x 50 cm ;,265-c .A52 A-1957,English,"American Geographical Society Library, University of Wisconsin-Milwaukee Libraries",American Geographical Society Library Digital Map Collection,The Board of Regents of the University of Wisconsin System,agsmap029573,image/tif; Image/jp2,American Geographical Society Library Digital Map Collection,"Due to their file size, some maps may produce a proxy error when downloaded as a ""large"" file. In those cases, please contact us at digilib@uwm.edu to obtain a copy of the file.",This sentence exceeds 125 characters (131 total). From a rephrasing attempt on near minimal length.,DP,2023-03-01,2026-06-26,http://cdm17272.contentdm.oclc.org/cdm/ref/collection/agdm/id/32871,32871,32867.jp2,/agdm/image/32867.jp2
"Departamento de Junín, mapa físico político / compilado por el Instituto Geográfico Nacional.",Primera edicion.,"Junin, Peru 1986",,"Instituto Geográfico Nacional (Peru), cartographer, issuing body.",,1986;,"Lima, Perú : Instituto Geográfico Nacional;",Junín (Peru : Department) -- Maps.; Junín (Peru : Department) -- Administrative and political divisions -- Maps.;,South America;,Peru;,,Junin;,,,"Relief shown by contours, gradient tints and spot heights.; Includes color coat of arms, location map, and statistical data.;",,,,cartographic image,still image,Maps,Color;,"1:450,000 (W 76°30ʹ--W 73°30ʹ/S 10°35ʹ--S 12°50ʹ).;",,American Geographical Society Library - Maps,https://wisconsin-uwm.primo.exlibrisgroup.com/permalink/01UWI_ML/13nukll/alma997170673402124,1 map : color ; 54 x 76 cm;,265-c .J86 A-1986,Spanish,"American Geographical Society Library, University of Wisconsin-Milwaukee Libraries",American Geographical Society Library Digital Map Collection,The Board of Regents of the University of Wisconsin System,agsmap029575,image/tif; Image/jp2,American Geographical Society Library Digital Map Collection,"Due to their file size, some maps may produce a proxy error when downloaded as a ""large"" file. In those cases, please contact us at digilib@uwm.edu to obtain a copy of the file.","A map displays Junín, Peru's department, with its provinces like Huánuco and Huancayo marked.",DP,2023-03-01,2026-06-26,http://cdm17272.contentdm.oclc.org/cdm/ref/collection/agdm/id/32876,32876,32864.jp2,/agdm/image/32864.jp2
"Map of Los Angeles and Long Beach Harbors, California / Automobile Club of Southern California.",,"Los Angeles, California 1936?",,Automobile Club of Southern California.,,1936;,"Los Angeles, Calif. : Automobile Club of Southern California;",Harbors -- California -- Los Angeles -- Maps.;  Harbors -- California -- Long Beach -- Maps.;  Los Angeles Harbor (Calif.) -- Maps.;  Long Beach Harbor (Calif.) -- Maps.;,North and Central America;,,California;,,,Los Angeles;,"Relief shown by hachures.;  Panel title.;  Indexes and text on verso.;  ""1523"" and ""9032."";  ""Forrest Burke."";",,,,cartographic image,still image,Maps,Grayscale;,"approximately 1:26,000. (W 118°19'--W 118°11'/N 33°47'--N 33°43').",,American Geographical Society Library - Maps,https://wisconsin-uwm.primo.exlibrisgroup.com/permalink/01UWI_ML/13nukll/alma9919732743402124,"1 map ; 36 x 51 cm, folded to 27 x 10 cm",813-d .L6A5 D-[1936?],English,"American Geographical Society Library, University of Wisconsin-Milwaukee Libraries",American Geographical Society Library Digital Map Collection,The Board of Regents of the University of Wisconsin System,agsmap029597 (a-b),image/tif; Image/jp2,American Geographical Society Library Digital Map Collection,"Due to their file size, some maps may produce a proxy error when downloaded as a ""large"" file. In those cases, please contact us at digilib@uwm.edu to obtain a copy of the file.",,DP,2023-03-01,2023-03-01,http://cdm17272.contentdm.oclc.org/cdm/ref/collection/agdm/id/32879,32879,32891.cpd,/agdm/image/32891.cpd
"Mexico / produced by the Cartographic Division, National Geographic Society ; John B. Garver, chief cartographer ; John F. Shupe, associate chief.",,"Mexico, North and Central America 1984",,National Geographic Society (U.S.). Cartographic Division.,"Garver, John B., Jr.  Shupe, John F.",1984;,"Washington, D.C. : National Geographic Society;",Mexico -- Maps.;,North and Central America;,Mexico;,,,,,"Relief shown by shading and spot heights in meters. Depths shown by gradient tints and soundings in meters.; Includes index to ""National Parks of Mexico."";",,,,cartographic image,still image,Maps,Color;,"1:3,803,000. 1 cm. = 38 km. 1 in. = 60 miles ; Albers conical equal-area proj., standard parallels 11°20 ́and 28°40 (W 117°--W 87°/N 33°--N 15°).;",,American Geographical Society Library - Maps,https://wisconsin-uwm.primo.exlibrisgroup.com/permalink/01UWI_ML/13nukll/alma994900113402124,"1 map : color, plastic coated ; 55 x 83 cm on sheet 59 x 87 cm;",210 B-1984,English,"American Geographical Society Library, University of Wisconsin-Milwaukee Libraries",American Geographical Society Library Digital Map Collection,The Board of Regents of the University of Wisconsin System,agsmap029565,image/tif; Image/jp2,American Geographical Society Library Digital Map Collection,"Due to their file size, some maps may produce a proxy error when downloaded as a ""large"" file. In those cases, please contact us at digilib@uwm.edu to obtain a copy of the file.","A 1984 National Geographic map details Mexico's political divisions, major cities, rivers, roads, and key landmarks.",DP,2023-03-08,2026-06-26,http://cdm17272.contentdm.oclc.org/cdm/ref/collection/agdm/id/32910,32910,32913.jp2,/agdm/image/32913.jp2
Map of the rug making countries.,,Asia 1912?,,,,1912;,Place of publication not identified : publisher not identified;,"Rugs, Oriental -- Asia -- Maps.;  Rugs -- Asia -- Maps.;  Asia -- Maps.;",Asia;,,,,,,"Relief shown by hachures.;  Illustration of ""Antique Bergamo"" rug on verso.;  Map appears to have been removed from a book or magazine; source not identified.;",,,,cartographic image,still image,Maps,Grayscale;,". (E 026°42'56""--E 073°23'08""/N 44°32'48""--N 27°28'24"").;",,American Geographical Society Library - Maps,https://wisconsin-uwm.primo.exlibrisgroup.com/permalink/01UWI_ML/13nukll/alma991013415173502124,"1 map ; 10 x 19 cm, on sheet 18 x 22 cm",401 E-[1912?],English,"American Geographical Society Library, University of Wisconsin-Milwaukee Libraries",American Geographical Society Library Digital Map Collection,The Board of Regents of the University of Wisconsin System,agsmap029618 (a-b),image/tif; Image/jp2,American Geographical Society Library Digital Map Collection,"Due to their file size, some maps may produce a proxy error when downloaded as a ""large"" file. In those cases, please contact us at digilib@uwm.edu to obtain a copy of the file.",,DP,2023-03-08,2023-03-08,http://cdm17272.contentdm.oclc.org/cdm/ref/collection/agdm/id/32922,32922,32929.cpd,/agdm/image/32929.cpd
"Soviet Union western boundary problems / drawn in the Department of State, Office of the Geographer.","Sept. 2, 1943. Provisional.","Soviet Union, Europe 1943",,United States. Department of State. Office of the Geographer.,,1943;,"Washington, D.C. : Department of State, Office of the Geographer;","Soviet Union -- Maps.; Europe, Eastern -- Maps.; Soviet Union -- Boundaries -- Europe, Eastern -- Maps.; Europe, Eastern -- Boundaries -- Soviet Union -- Maps.; World War, 1939-1945 -- Territorial questions -- Europe, Eastern -- Maps.; World War, 1939-1945 -- Territorial questions -- Soviet Union -- Maps.;",Europe;,Soviet Union;,,,,,"Shows international boundary 1937, U.S.S.R. boundary Sept. 1, 1939 and U.S.S.R. boundary June 22, 1941 and principal railways. ""East European series map 20.""",,,,cartographic image,still image,Maps,Color;,"1:17,000,000. (E 3°17ʹ00ʺ--E 41°47ʹ00ʺ/N 70°55ʹ00ʺ--N 35°46ʹ00ʺ).;",,American Geographical Society Library - Maps,https://wisconsin-uwm.primo.exlibrisgroup.com/permalink/01UWI_ML/13nukll/alma991013413073502124,1 map : color ; 40 x 22 cm,671-c .W4 B-1943,English,"American Geographical Society Library, University of Wisconsin-Milwaukee Libraries",American Geographical Society Library Digital Map Collection,The Board of Regents of the University of Wisconsin System,agsmap029601,image/tif; Image/jp2,American Geographical Society Library Digital Map Collection,"Due to their file size, some maps may produce a proxy error when downloaded as a ""large"" file. In those cases, please contact us at digilib@uwm.edu to obtain a copy of the file.",A 1943 map highlights Soviet borders in Eastern Europe and marks territorial disputes from 1937 to 1941.,DP,2023-03-08,2026-06-26,http://cdm17272.contentdm.oclc.org/cdm/ref/collection/agdm/id/32933,32933,32920.jp2,/agdm/image/32920.jp2
"Colorprint general map South America / American Map Company, Inc.",,South America 1962,,"American Map Company (New York, N.Y.)",,1962;,"New York : American Map Company, Inc.;",South America -- Maps.;,South America;,,,,,,"Relief shown by hachures.; Map no. 9565.; ""American Map Company, Inc. originators Cleartype maps, sole publishers colorpint maps."";",,,,cartographic image,still image,Maps,Color;,"1:8,500,000 ; sinusoidal projection (W 100°--W 20°/N 20°--S 55°).;  1:8,500,000.;",,American Geographical Society Library - Maps,https://wisconsin-uwm.primo.exlibrisgroup.com/permalink/01UWI_ML/13nukll/alma991013359770602124,"1 map : color ; 102 x 71 cm, on sheet 107 x 74 cm",250 B-[1962],English,"American Geographical Society Library, University of Wisconsin-Milwaukee Libraries",American Geographical Society Library Digital Map Collection,The Board of Regents of the University of Wisconsin System,agsmap029603,image/tif; Image/jp2,American Geographical Society Library Digital Map Collection,"Due to their file size, some maps may produce a proxy error when downloaded as a ""large"" file. In those cases, please contact us at digilib@uwm.edu to obtain a copy of the file.","A vintage 1962 South American map displays borders and key terrain in sinusoidal projection, scaled at 1:8,500,000.",DP,2023-03-08,2026-06-26,http://cdm17272.contentdm.oclc.org/cdm/ref/collection/agdm/id/32934,32934,32918.jp2,/agdm/image/32918.jp2
"Protestant mission stations in the Near East with Persia, and part of the Balkans, Africa and Transcaucasia / compiled by S.W. Boggs ; drawn by A. Briesemeister.",,"Middle East, Asia 1920",,"Boggs, Samuel Whittemore, 1889-1954, compiler.","Briesemeister, A. (Arthur), cartographer.; Bible, F. W.;",1920;,New York : F.W. Bible : S.W. Boggs;,Protestantism -- Missions -- Middle East -- Maps.; Missions -- Middle East -- Geography -- Maps.;,Asia;,,,Middle East;,,,,,,,cartographic image,still image,Maps,Color;,"1:5,000,000 ; Bonne's projection (E 16°--E 74°/N 43°--N 12°).;",,American Geographical Society Library - Maps,https://wisconsin-uwm.primo.exlibrisgroup.com/permalink/01UWI_ML/13nukll/alma991013415173402124,1 map ; 68 x 99 cm;,401 C-1920,English,"American Geographical Society Library, University of Wisconsin-Milwaukee Libraries",American Geographical Society Library Digital Map Collection,The Board of Regents of the University of Wisconsin System,agsmap029620,image/tif; Image/jp2,American Geographical Society Library Digital Map Collection,"Due to their file size, some maps may produce a proxy error when downloaded as a ""large"" file. In those cases, please contact us at digilib@uwm.edu to obtain a copy of the file.","A 1920s map illustrates Protestant mission stations in the Middle East, Persia, Balkans, Africa, and Transcaucasia.",DP,2023-03-15,2026-06-26,http://cdm17272.contentdm.oclc.org/cdm/ref/collection/agdm/id/32942,32942,32942.jp2,/agdm/image/32942.jp2
Coffee map of the Republic of Colombia : world's largest producer of mild coffees / prepared by the National Federation of Coffee Growers of Colombia.,,"Columbia, South America 1939",,Federación Nacional de Cafeteros de Colombia.,"International Map Company, inc.",1939;,New York : International Map Co.;,Coffee plantations -- Colombia -- Maps.; Coffee growers -- Colombia -- Maps.; Coffee industry -- Colombia -- Maps.; Steamboat lines -- Colombia -- Maps.; Colombia -- Administrative and political divisions -- Maps.; Colombia -- Maps.;,South America;,Colombia;,,,,,"Relief shown by hachures.; Prime meridian: Bogotá.; Coffee districts shown by squares representing 400,000 trees and triangles representing less than 400,000 trees.; Shows principal steamship routes from Colombia.; Also shows Colombia's Departments.; Includes table of distances in kilometers from principal coffee centers to ocean shipping points, table of Colombia's coffee census for 1938, list of steamship companies, table of usual coffee picking seasons in Colombia, and table of abbreviations.;",,,,cartographic image,still image,Maps,Color;,"1:2,750,000 (W 5°40ʹ--W 9°10ʹ/N 12°50ʹ--S 3°00ʹ).;",,American Geographical Society Library - Maps,https://wisconsin-uwm.primo.exlibrisgroup.com/permalink/01UWI_ML/13nukll/alma991013359771002124,1 map : color ; 72 x 61 cm;,255 E-1939a,English,"American Geographical Society Library, University of Wisconsin-Milwaukee Libraries",American Geographical Society Library Digital Map Collection,The Board of Regents of the University of Wisconsin System,agsmap029605,image/tif; Image/jp2,American Geographical Society Library Digital Map Collection,"Due to their file size, some maps may produce a proxy error when downloaded as a ""large"" file. In those cases, please contact us at digilib@uwm.edu to obtain a copy of the file.","A 1928 map shows Colombia's coffee-growing regions, steamship trade routes, and department-level census data.",DP,2023-03-15,2026-06-26,http://cdm17272.contentdm.oclc.org/cdm/ref/collection/agdm/id/32949,32949,32945.jp2,/agdm/image/32945.jp2
"Map of the active sugar plantations of the island of Cuba, giving the names and showing the location of all centrals / compiled by Munson Steamship Lines.",,"Cuba, North America 1926",,Munson Steamship Line.,,1926;,"New York, N.Y. : The De Vinne-Hallenbeck Company, Inc., Printers;",Sugarcane -- Cuba -- Maps.; Sugar -- Manufacture and refining -- Cuba -- Maps.; Agriculture -- Cuba -- Maps.;,North and Central America;,Cuba;,,,,,Relief shown by hachures.; Includes indexes.; Shows land under development or adaptable for sugarcane and 8 other categories of agricultural land use.;,,,,cartographic image,still image,Maps,Color;,"approximately 1:1,100,000. (W 85°10'00""--W 73°55'00""/N 23°28'00""--N 19°37'00"");",,American Geographical Society Library - Maps,https://wisconsin-uwm.primo.exlibrisgroup.com/permalink/01UWI_ML/13nukll/alma991013415571002124,"1 map : color ; 44 x 110 cm, on sheet 49 x 128 cm;",233 E-1926,English,"American Geographical Society Library, University of Wisconsin-Milwaukee Libraries",American Geographical Society Library Digital Map Collection,The Board of Regents of the University of Wisconsin System,agsmap029627,image/tif; Image/jp2,American Geographical Society Library Digital Map Collection,"Due to their file size, some maps may produce a proxy error when downloaded as a ""large"" file. In those cases, please contact us at digilib@uwm.edu to obtain a copy of the file.",A 1926 Munson Steamship Lines map displays Cuba's sugar plantations and regions using color-coding.,DP,2023-03-15,2026-06-26,http://cdm17272.contentdm.oclc.org/cdm/ref/collection/agdm/id/32953,32953,32956.jp2,/agdm/image/32956.jp2
"The Middle East / edited by J. Bartholomew, M. A.",,"The Middle East, Asia 1938",,"Bartholomew, John, 1890-1962.",John Bartholomew and Son.; Edinburgh Geographical Institute.;,1938;,Edinburgh : Edinburgh Geographical Institute,Middle East -- Maps.;,Asia;,,,Middle East;,,,"Shows political boundaries, main motor routes, secondary routes, caravan routes and tracks, oil pipe lines, and principal airports.; Relief shown by gradient tints, contours, and spot heights. Depths shown by gradient tints and contours.; ""Copyright - John Bartholomew & Son, Ltd.""; Includes continuation inset covering southwestern of Arabian Peninsula and Red Sea.;",,,,cartographic image,still image,Maps,Color;,"1:4,000,000 ; (E 24°00ʹ--E 64°00ʹ / N 40°00ʹ-N 14°00ʹ).;",,American Geographical Society Library - Maps,https://wisconsin-uwm.primo.exlibrisgroup.com/permalink/01UWI_ML/13nukll/alma991013415570702124,"1 map : mounted on cloth, color ; 74 x 95 cm;",401 A-[1938],English,"American Geographical Society Library, University of Wisconsin-Milwaukee Libraries",American Geographical Society Library Digital Map Collection,The Board of Regents of the University of Wisconsin System,agsmap029630,image/tif; Image/jp2,American Geographical Society Library Digital Map Collection,"Due to their file size, some maps may produce a proxy error when downloaded as a ""large"" file. In those cases, please contact us at digilib@uwm.edu to obtain a copy of the file.","A 1938 Middle East map highlights geography, borders, and cities on a 1:4,000,000 scale.",DP,2023-03-15,2026-06-26,http://cdm17272.contentdm.oclc.org/cdm/ref/collection/agdm/id/32957,32957,32958.jp2,/agdm/image/32958.jp2
"Near East, railroads, roads, and pipe lines / compiled and drawn in GE.",,"Middle East, Asia 1942",,General Electric Company.,,1942;,"Washington, D.C. : United States Office of Strategic Services;",Railroads -- Middle East -- Maps.; Roads -- Middle East -- Maps.; Petroleum pipelines -- Middle East -- Maps.;,Asia;,,,Middle East;,,,"Covers areas under British influence are marked red color.; Shows international boundaries, railroads, railroads under construction, principal roads, secondary roads, and oil pipelines, with a special attention to Iran railroads (ready for rails, partially built, or work in preparatory phase).; ""8-26-42."";",,,,cartographic image,still image,Maps,Color;,"1:11,000,000 (E 14°00ʹ--E 66°00ʹ/N 40°00ʹ--N 24°00ʹ).;",,American Geographical Society Library - Maps,https://wisconsin-uwm.primo.exlibrisgroup.com/permalink/01UWI_ML/13nukll/alma991013415570902124,1 map : color ; 24 x 35 cm;,401 D-1942,English,"American Geographical Society Library, University of Wisconsin-Milwaukee Libraries",American Geographical Society Library Digital Map Collection,The Board of Regents of the University of Wisconsin System,agsmap029632,image/tif; Image/jp2,American Geographical Society Library Digital Map Collection,"Due to their file size, some maps may produce a proxy error when downloaded as a ""large"" file. In those cases, please contact us at digilib@uwm.edu to obtain a copy of the file.","A 1942 historical map shows Middle East rail lines, roads, and key oil pipelines.",DP,2023-03-15,2026-06-26,http://cdm17272.contentdm.oclc.org/cdm/ref/collection/agdm/id/32961,32961,32965.jp2,/agdm/image/32965.jp2
Greater Antilles / E. Raisz.,,"antilles, West Indies 1953",,"Raisz, Erwin, 1893-1968.",,1953;,Place of publication not identified : Erwin Raisz;,Landforms -- West Indies -- Maps.;  West Indies -- Maps.;,North and Central America;,,,West Indies;,,,Relief shown by landform drawings.;  Inset: Puerto Rico.;,,,,cartographic image,still image,Maps,Grayscale;,"[ca. 1:4,600,000] (W 85°--W 67°/N 26°--N 16°).;",,American Geographical Society Library - Maps,https://wisconsin-uwm.primo.exlibrisgroup.com/permalink/01UWI_ML/13nukll/alma9914193013402124,1 map ; 24 x 41 cm;,232 A-1953,English,"American Geographical Society Library, University of Wisconsin-Milwaukee Libraries",American Geographical Society Library Digital Map Collection,The Board of Regents of the University of Wisconsin System,agsmap029624 (a-b),image/tif; Image/jp2,American Geographical Society Library Digital Map Collection,"Due to their file size, some maps may produce a proxy error when downloaded as a ""large"" file. In those cases, please contact us at digilib@uwm.edu to obtain a copy of the file.",,DP,2023-03-29,2023-03-29,http://cdm17272.contentdm.oclc.org/cdm/ref/collection/agdm/id/32987,32987,32996.cpd,/agdm/image/32996.cpd
Linguistic stocks of American Indians north of Mexico / by J.W. Powell.,,North America 1891,,"Powell, John Wesley, 1834-1902.","Gannett, Henry, 1846-1914.; Sackett & Wilhelms Litho. & Prt. Co.;  Smithsonian Institution. Bureau of Ethnology.;",1891;,New York : Sackett & Wilhelms Litho. Co.;,Indians of North America -- Languages -- Maps.; North America -- Maps.; Aleutian Islands (Alaska) -- Maps.;,North and Central America;,,,,,,"Shows areas of Indian habitation grouped by native language.; In left lower margin: Compiled under the direction of Henry Gannett E.M.; In upper margin: Bureau of Ethnology, Seventh Annual Report Plate I.; Inset: Aleutian Islands.; The map is helpful in understanding the possible early relationships of the various Native American tribes, such as the linguistic affinities between the Cherokee and Iroquois Nations.;",,,,cartographic image,still image,Maps,Color;,"approximately 1:15,700,000 (W 175°--W 15°/N 80°--N 15°).;",,American Geographical Society Library - Maps,https://wisconsin-uwm.primo.exlibrisgroup.com/permalink/01UWI_ML/13nukll/alma991013413072202124,1 map : color ; 51 x 43 cm;,100 C-[1891],English,"American Geographical Society Library, University of Wisconsin-Milwaukee Libraries",American Geographical Society Library Digital Map Collection,The Board of Regents of the University of Wisconsin System,agsmap029639,image/tif; Image/jp2,American Geographical Society Library Digital Map Collection,"Due to their file size, some maps may produce a proxy error when downloaded as a ""large"" file. In those cases, please contact us at digilib@uwm.edu to obtain a copy of the file.","Map of American Indian tongues in 1891 by J.W. Powell, grouping languages north of Mexico.",DP,2023-03-29,2026-06-26,http://cdm17272.contentdm.oclc.org/cdm/ref/collection/agdm/id/32988,32988,32978.jp2,/agdm/image/32978.jp2
"United Fruit Company Steamship Service : Cuba, Panama, Colombia, Costa Rica, Jamaica, Honduras, Salvador, Guatemala, Central & South America / Freight Traffic Department.",,North and Central America 1929,,United Fruit Company. Freight Traffic Department.;,"J.W. Clement Co., printer. Matthews-Northrup Works, publisher.",1929;,"Buffalo, N.Y. : J.W. Clement Co., Matthews-Northrup Works, Buffalo, N.Y.;",Steamboat lines -- North America -- Maps.; Steamboat lines -- South America -- Maps.; Steamboat lines -- Caribbean Area -- Maps.; Transportation -- North America -- Maps.; Transportation -- South America -- Maps.; Transportation -- Caribbean Area -- Maps.;,North and Central America; South America;,,,,,,"Relief shown by shading.; ""Copyright 1929 by the United Fruit Company, Boston, Mass.""; Prime meridian: Greenwich.; Inset: South America.; Shows United Fruit Company's steamship routes, operated railroads, connecting railroad and steamship routes, capitals, and stations of the Tropical Radio Telegraph Company and affiliated companies.;",,,,cartographic image,still image,Maps,Color;,"approximately 1:9,221,000. Approximate  in nautical miles along the 15 latitude, 1 inch = 125.46 nautical miles (W 125°--W 50°/N 50°--N 0°).;",,American Geographical Society Library - Maps,https://wisconsin-uwm.primo.exlibrisgroup.com/permalink/01UWI_ML/13nukll/alma991013415172002124,"1 map : color ; 68 x 88 cm, on sheet 74 x 95 cm;",100 D-1929,English,"American Geographical Society Library, University of Wisconsin-Milwaukee Libraries",American Geographical Society Library Digital Map Collection,The Board of Regents of the University of Wisconsin System,agsmap029637,image/tif; Image/jp2,American Geographical Society Library Digital Map Collection,"Due to their file size, some maps may produce a proxy error when downloaded as a ""large"" file. In those cases, please contact us at digilib@uwm.edu to obtain a copy of the file.","Vintage 1929 map shows United Fruit Company's steamship routes linking Cuba, Colombia, Costa Rica, Jamaica, Honduras, El.",DP,2023-03-29,2026-06-26,http://cdm17272.contentdm.oclc.org/cdm/ref/collection/agdm/id/32990,32990,32980.jp2,/agdm/image/32980.jp2
Map of North American Indian languages / compiled by C.F. and F.M. Voegelin ; prepared and printed by Rand McNally & Co.,,"United States, North America 1966","Publications of the American Ethnological Society ; no. 20, rev.",,"Voegelin, C. F. (Charles Frederick), 1906-1986.   Voegelin, F. M. (Florence Marie), 1927-1989.   American Ethnological Society.   Rand McNally and Company.",1966;,"Seattle, Wash.? : American Ethnological Society;",Indians of North America -- Languages -- Maps.;  North America -- Maps.;,North and Central America;,,,,,,Includes table of languages.;,,,,cartographic image,still image,Maps,Color;,"[ca. 1:6,400,000] (W 170°--W 35°/N 85°--N 7°).;",,American Geographical Society Library - Maps,https://wisconsin-uwm.primo.exlibrisgroup.com/permalink/01UWI_ML/13nukll/alma991013413072002124,1 map : color ; 150 x 120 cm.;,100 C-1966,English,"American Geographical Society Library, University of Wisconsin-Milwaukee Libraries",American Geographical Society Library Digital Map Collection,The Board of Regents of the University of Wisconsin System,agsmap029651 (s1-s2),image/tif; Image/jp2,American Geographical Society Library Digital Map Collection,"Due to their file size, some maps may produce a proxy error when downloaded as a ""large"" file. In those cases, please contact us at digilib@uwm.edu to obtain a copy of the file.",,DP,2023-03-29,2023-03-29,http://cdm17272.contentdm.oclc.org/cdm/ref/collection/agdm/id/33000,33000,33023.cpd,/agdm/image/33023.cpd
Middle East oil and gas.,,"Mddle East, Asia 2007",,United States. Central Intelligence Agency.,,2007;,"Washington, D.C. : Central Intelligence Agency;",Oil fields -- Middle East -- Maps.; Gas fields -- Middle East -- Maps.; Petroleum pipelines -- Middle East -- Maps.; Gas pipelines -- Middle East -- Maps.; Petroleum shipping terminals -- Middle East -- Maps.; Petroleum refineries -- Middle East -- Maps.;,Asia;,,,Middle East;,,,"Shipping list no.: 2009-0007-S.; ""802936AI (C00494) 4-07.""; Shows oil and gas fields and pipelines, tanker terminals, and refineries on oil and gas map.; Inset: [Persian Gulf area]. Scale 1:3,000,000.; ""(C00495) 4-07""--Inset.;",,,,cartographic image,still image,Maps,Color;,"1:4,680,000 ; Lambert conformal conic proj., standard parallels 38°40ʹN and 14°45ʹN (E 20°--E 65°/N 40°--N 10°).;",,American Geographical Society Library - Maps,https://wisconsin-uwm.primo.exlibrisgroup.com/permalink/01UWI_ML/13nukll/alma9918334943402124,1 map : color ; 84 x 92 cm;,401 E-2007,English,"American Geographical Society Library, University of Wisconsin-Milwaukee Libraries",American Geographical Society Library Digital Map Collection,The Board of Regents of the University of Wisconsin System,agsmap029658,image/tif; Image/jp2,American Geographical Society Library Digital Map Collection,"Due to their file size, some maps may produce a proxy error when downloaded as a ""large"" file. In those cases, please contact us at digilib@uwm.edu to obtain a copy of the file.","Regional 2007 map displays Middle East oil and gas infrastructure, including fields, pipelines, terminals, and refineries.",DP,2023-03-29,2026-06-26,http://cdm17272.contentdm.oclc.org/cdm/ref/collection/agdm/id/33017,33017,33005.jp2,/agdm/image/33005.jp2
"Oceano Atlântico norte, Guiné Portuguesa, plano hidrográfica do Porto de Bubaque / levantado pela Missão Geo-Hidrográfica da Guiné 1955 ; Ministério do Ultramar, Junta das Missões Geográficas e de Investigações do Ultramar Lisboa.",1a. edição Setembro de 1956.,"Bubaque Island, Guinea Bissau 1956",,,Portugal. Junta de Investigações do Ultramar.,1956;,Lisboa : Ministério do Ultramar;,Bubaque Island (Guinea-Bissau) -- Maps.; Coasts -- Guinea-Bissau -- Bubaque Island -- Maps.; Bathymetric maps.;,Africa;,Guinea-Bissau;,,,,,"Depths shown by soundings, isolines and gradient tints.; Includes tables, notes and illustrations.; Chart number ""289."";",,,,cartographic image,still image,Maps,Color;,"1:20,000 (W 15°50ʹ53ʺ--W 15°47ʹ05ʺ/N 11°19ʹ08ʺ--N 11°16ʹ22ʺ).;",,American Geographical Society Library - Maps,https://wisconsin-uwm.primo.exlibrisgroup.com/permalink/01UWI_ML/13nukll/alma991013439365202124,1 map : color ; 68 x 56 cm;,Portugal Chart 289 1956,Portuguese,"American Geographical Society Library, University of Wisconsin-Milwaukee Libraries",American Geographical Society Library Digital Map Collection,The Board of Regents of the University of Wisconsin System,agsmap029693,image/tif; Image/jp2,American Geographical Society Library Digital Map Collection,"Due to their file size, some maps may produce a proxy error when downloaded as a ""large"" file. In those cases, please contact us at digilib@uwm.edu to obtain a copy of the file.",A 1955 Portuguese chart maps Bubaque Island's coastline and depth contours in North Atlantic waters off the coast.,DP,2023-04-05,2026-06-26,http://cdm17272.contentdm.oclc.org/cdm/ref/collection/agdm/id/33059,33059,33065.jp2,/agdm/image/33065.jp2
"Oceano Atlântico norte, Guiné Portuguesa, plano hidrográfica do Rio Cacheu de Binta a Farim / levantado pela Missão Geo-Hidrográfica da Guiné 1955 ; Ministério do Ultramar, Junta das Missões Geográficas e de Investigações do Ultramar Lisboa.",1a. edição Julho de 1957.,"Cacheu, Guinea-Bissau 1957",,,Portugal. Junta de Investigações do Ultramar.,1957;,Lisboa : Ministério do Ultramar;,Cacheu (Guinea-Bissau) -- Maps.; Rivers -- Guinea-Bissau -- Maps.; Bathymetric maps.;,Africa;,Guinea-Bissau;,,Cacheu;,,,"Depths shown by soundings, isolines and gradient tints.; Includes tables, notes and 1 inset map.; Inset map: Porto de Farim.; Chart number ""285-C."";",,,,cartographic image,still image,Maps,Color;,"1:20,000 (W 15°20ʹ00ʺ--W 15°12ʹ00ʺ/N 12°30ʹ00ʺ--N 12°24ʹ00ʺ).;",,American Geographical Society Library - Maps,https://wisconsin-uwm.primo.exlibrisgroup.com/permalink/01UWI_ML/13nukll/alma991013439365302124,1 map : color ; 48 x 56 cm;,Portugal Chart 285-C 1957,Portuguese,"American Geographical Society Library, University of Wisconsin-Milwaukee Libraries",American Geographical Society Library Digital Map Collection,The Board of Regents of the University of Wisconsin System,agsmap029694,image/tif; Image/jp2,American Geographical Society Library Digital Map Collection,"Due to their file size, some maps may produce a proxy error when downloaded as a ""large"" file. In those cases, please contact us at digilib@uwm.edu to obtain a copy of the file.",A 1955 map of the Cacheu River in Guinea-Bissau shows depth measurements and port markings from Binta to Farim.,DP,2023-04-05,2026-06-26,http://cdm17272.contentdm.oclc.org/cdm/ref/collection/agdm/id/33061,33061,33063.jp2,/agdm/image/33063.jp2
"Oceano Atlântico norte, Guiné Portuguesa, plano hidrográfica do Rio Cacheu de Barro a Binta / levantado pela Missão Geo-Hidrográfica da Guiné 1955 ; Ministério do Ultramar, Junta das Missões Geográficas e de Investigações do Ultramar Lisboa.",1. edição Julho de 1956.,"Cacheu, Guinea-Bissau 1956",,,Portugal. Junta de Investigações do Ultramar.;,1956;,Lisboa : Ministério do Ultramar;,Cacheu (Guinea-Bissau) -- Maps.; Rivers -- Guinea-Bissau -- Maps.; Bathymetric maps.;,Africa;,Guinea-Bissau;,,Cacheu,,,"Depths shown by soundings, isolines and gradient tints.; Includes tables, notes and 2 inset maps.; Inset maps: Porto de Binta -- Porto de Bigene.; Chart number ""285-B."";",,,,cartographic image,still image,Maps,Color;,"1:20,000 (W 15°38ʹ00ʺ--W 15°18ʹ00ʺ/N 12°26ʹ00ʺ--N 12°20ʹ00ʺ).;",,American Geographical Society Library - Maps,https://wisconsin-uwm.primo.exlibrisgroup.com/permalink/01UWI_ML/13nukll/alma991013439365402124,"1 map in 2 segments : color ; 44 x 172 cm, on sheet 80 x 96 cm",Portugal Chart 285-B 1956,Portuguese,"American Geographical Society Library, University of Wisconsin-Milwaukee Libraries",American Geographical Society Library Digital Map Collection,The Board of Regents of the University of Wisconsin System,agsmap029695,image/tif; Image/jp2,American Geographical Society Library Digital Map Collection,"Due to their file size, some maps may produce a proxy error when downloaded as a ""large"" file. In those cases, please contact us at digilib@uwm.edu to obtain a copy of the file.","A vintage 1956 Portuguese map shows the Cacheu River (Guinea-Bissau), depths, shorelines, and port designs from Barro.",DP,2023-04-05,2026-06-26,http://cdm17272.contentdm.oclc.org/cdm/ref/collection/agdm/id/33062,33062,33066.jp2,/agdm/image/33066.jp2
"Costa Occidental D'Africa, Provincia da Guiné, reconhecimenta hydrographica dos Rios Bolor, Arame, Pelundo, Elia, S. Domingos e Canal Ongueringon / Commissão de Cartographia.",,"Guinea-Bissau, Africa 1957",,Portugal. Comissão de Cartografia das Colónias.,,1905;,Lisboa : Commissão de Cartographia;,Rivers -- Guinea-Bissau -- Maps.; Coasts -- Guinea-Bissau -- Maps.; Nautical charts.;,Africa;,Guinea-Bissau;,,,,,Depths shown by soundings.; Includes inset continuation map and notes.;,,,,cartographic image,still image,Maps,Grayscale;,"approximately 1:70,000. (W 16°26ʹ51ʺ--W 16°06ʹ37ʺ/N 12°22ʹ19ʺ--N 12°06ʹ02ʺ).;",,American Geographical Society Library - Maps,https://wisconsin-uwm.primo.exlibrisgroup.com/permalink/01UWI_ML/13nukll/alma991013439365102124,1 map ; 52 x 57 cm;,Portugal Chart Guinea-Bissau Cocheu 1905,Portuguese,"American Geographical Society Library, University of Wisconsin-Milwaukee Libraries",American Geographical Society Library Digital Map Collection,The Board of Regents of the University of Wisconsin System,agsmap029692,image/tif; Image/jp2,American Geographical Society Library Digital Map Collection,"Due to their file size, some maps may produce a proxy error when downloaded as a ""large"" file. In those cases, please contact us at digilib@uwm.edu to obtain a copy of the file.","A 1905 Portuguese map shows Guinea-Bissau's rivers, coasts, and canals like Bolor, Arame, Pelundo, and Ongueringon.",DP,2023-04-12,2026-06-26,http://cdm17272.contentdm.oclc.org/cdm/ref/collection/agdm/id/33101,33101,33088.jp2,/agdm/image/33088.jp2
"Oceano Atlântico norte, Guiné Portuguesa, plano hidrográfica de Injante, Ilha de Pecixe / levantado pela Missão Geo-Hidrográfica da Guiné 1950 ; Ministério do Ultramar, Junta das Missões Geográficas e de Investigações do Ultramar Lisboa.",Pequemas correcções até Julho 1951.,"Guinea-Bissau, Africa 1951",,,Portugal. Junta de Investigações do Ultramar.,1951;,Lisboa : Ministério da Marinha Direcção de Hidrografia;,Ilha de Pecixe (Guinea-Bissau) -- Maps.; Islands -- Guinea-Bissau -- Maps.; Coasts -- Guinea-Bissau -- Maps.; Bathymetric maps.;,Africa;,Guinea-Bissau;,,,,,"Depths shown by soundings, isolines and gradient tints.; Selected lights shown in yellow and orange.; Includes tables and notes.; Chart number ""282."";",,,,cartographic image,still image,Maps,Color;,"1:20,000 (W 16°05ʹ59ʺ--W 15°58ʹ24ʺ/N 11°47ʹ50ʺ--N 11°42ʹ16ʺ).;",,American Geographical Society Library - Maps,https://wisconsin-uwm.primo.exlibrisgroup.com/permalink/01UWI_ML/13nukll/alma991013439365602124,1 map : color ; 70 x 53 cm;,Portugal Chart 282 1951,Portuguese,"American Geographical Society Library, University of Wisconsin-Milwaukee Libraries",American Geographical Society Library Digital Map Collection,The Board of Regents of the University of Wisconsin System,agsmap029697,image/tif; Image/jp2,American Geographical Society Library Digital Map Collection,"Due to their file size, some maps may produce a proxy error when downloaded as a ""large"" file. In those cases, please contact us at digilib@uwm.edu to obtain a copy of the file.","A 1950 map of Ilha de Pecixe in Guinea-Bissau's coastal waters highlights depths, navigation paths, and nearby land features.",DP,2023-04-12,2026-06-26,http://cdm17272.contentdm.oclc.org/cdm/ref/collection/agdm/id/33102,33102,33091.jp2,/agdm/image/33091.jp2
"Oceano Atlântico, Guiné Portuguesa, plano hidrográfica do Porto de Bolama / levantado pela Missão Geo-Hidrográfica da Guiné 1949 ; Ministério do Ultramar, Junta das Missões Geográficas e de Investigações do Ultramar Lisboa ; gravada, e impressa no Instituto Geografico e Cadastral em 1950.",,"Bolama Island, Guinea-Bissau 1950",,,Portugal. Junta de Investigações do Ultramar.,1950;,Lisboa : Ministério da Marinha Direcção de Hidrografia;,Bolama Island (Guinea-Bissau) -- Maps. Bolama (Guinea-Bissau) -- Maps. Coasts -- Guinea-Bissau -- Maps. Islands -- Guinea-Bissau -- Maps. Bathymetric maps.,Africa;,Guinea-Bissau;,,Baloma;,,,"Depths shown by soundings, isolines and gradient tints.; Selected lights shown in red.; Includes tables, notes, profile view and illustration of lighthouse.; Chart number ""281."";",,,,cartographic image,still image,Maps,Color;,"1:15,000 (W 15°30ʹ22ʺ--W 15°24ʹ25ʺ/N 11°36ʹ46ʺ--N 11°31ʹ46ʺ).;",,American Geographical Society Library - Maps,https://wisconsin-uwm.primo.exlibrisgroup.com/permalink/01UWI_ML/13nukll/alma991013439365802124,1 map : color ; 84 x 65 cm,Portugal Chart 281 1950,Portuguese,"American Geographical Society Library, University of Wisconsin-Milwaukee Libraries",American Geographical Society Library Digital Map Collection,The Board of Regents of the University of Wisconsin System,agsmap029699,image/tif; Image/jp2,American Geographical Society Library Digital Map Collection,"Due to their file size, some maps may produce a proxy error when downloaded as a ""large"" file. In those cases, please contact us at digilib@uwm.edu to obtain a copy of the file.",A 1950 Portuguese map shows detailed bathymetry and coastal features of Bolama Island and its harbor in Guinea-Bissau.,DP,2023-04-12,2026-06-26,http://cdm17272.contentdm.oclc.org/cdm/ref/collection/agdm/id/33103,33103,33087.jp2,/agdm/image/33087.jp2
"Oceano Atlântico norte, Guiné Portuguesa, Ilha Caravela, plano hidrográfica da Baía da Escaramuça / levantado pela Missão Geo-Hidrográfica da Guiné 1952 ; Ministério do Ultramar, Junta das Missões Geográficas e de Investigações do Ultramar Lisboa.",1. edição Setembro de 1954.,"Ilha Caravela, Guinea-Bissau 1954",,,Portugal. Junta de Investigações do Ultramar.,1954;,Lisboa : Ministério da Marinha Direcção de Hidrografia;,Ilha Caravela (Guinea-Bissau) -- Maps.; Islands -- Guinea-Bissau -- Maps.; Bays -- Guinea-Bissau -- Maps.; Bathymetric maps.;,Africa;,Guinea-Bissau;,,,,,"Depths shown by soundings, isolines and gradient tints.; Includes tables and notes.; Chart number ""284."";",,,,cartographic image,still image,Maps,Color;,"1:40,000 (W 16°27ʹ34ʺ--W 16°13ʹ46ʺ/N 11°42ʹ20ʺ--N 11°29ʹ47ʺ).;",,American Geographical Society Library - Maps,https://wisconsin-uwm.primo.exlibrisgroup.com/permalink/01UWI_ML/13nukll/alma991013439365502124,1 map : color ; 82 x 58 cm,Portugal Chart 284 1954,Portuguese,"American Geographical Society Library, University of Wisconsin-Milwaukee Libraries",American Geographical Society Library Digital Map Collection,The Board of Regents of the University of Wisconsin System,agsmap029696,image/tif; Image/jp2,American Geographical Society Library Digital Map Collection,"Due to their file size, some maps may produce a proxy error when downloaded as a ""large"" file. In those cases, please contact us at digilib@uwm.edu to obtain a copy of the file.","A 1954 map of Ilha Caravela, Guinea-Bissau shows the Escaramuça Bay with depth and navigable channel details.",DP,2023-04-12,2026-06-26,http://cdm17272.contentdm.oclc.org/cdm/ref/collection/agdm/id/33104,33104,33090.jp2,/agdm/image/33090.jp2
"Oceano Atlântico norte, Guiné Portuguesa, plano hidrográfica de Caió / levantado pela Missão Geo-Hidrográfica da Guiné 1951.",1a. edição Janeiro de 1952.,"Guinea-Bissau, Africa 1952",,,Portugal. Junta de Investigações do Ultramar.,1952;,Lisboa : Ministério da Marinha Direcção de Hidrografia,Caió (Guinea-Bissau) -- Maps.; Coasts -- Guinea-Bissau -- Maps.; Islands -- Guinea-Bissau -- Maps.; Bathymetric maps.;,Africa;,Guinea-Bissau;,,,,,"Depths shown by soundings, isolines and gradient tints.; Selected lights shown in red.; Includes tables, notes and profile view.; Chart number ""283."";",,,,cartographic image,still image,Maps,Color;,"1:20,000 (W 16°26ʹ13ʺ--W 16°09ʹ48ʺ/N 12°02ʹ57ʺ--N 11°49ʹ45ʺ).;",,American Geographical Society Library - Maps,https://wisconsin-uwm.primo.exlibrisgroup.com/permalink/01UWI_ML/13nukll/alma991013439365702124,1 map : color ; 70 x 47 cm;,Portugal Chart 283 1952,Portuguese,"American Geographical Society Library, University of Wisconsin-Milwaukee Libraries",American Geographical Society Library Digital Map Collection,The Board of Regents of the University of Wisconsin System,agsmap029698,image/tif; Image/jp2,American Geographical Society Library Digital Map Collection,"Due to their file size, some maps may produce a proxy error when downloaded as a ""large"" file. In those cases, please contact us at digilib@uwm.edu to obtain a copy of the file.","A 1951 map displays Caio Island and nearby Guinea-Bissau waters at 1:20,000 scale, highlighting depths, islands.",DP,2023-04-12,2026-06-26,http://cdm17272.contentdm.oclc.org/cdm/ref/collection/agdm/id/33105,33105,33089.jp2,/agdm/image/33089.jp2
"Oceano Atlântico norte, Guiné Portuguesa, carta hidrográfica do Canal do Geba da Ponta Arlete ao Porto de Bissau / levantado pela Missão Geo-Hidrográfica da Guiné 1951-1953 ; Ministério do Ultramar, Junta das Missões Geográficas e de Investigações do Ultramar Lisboa.",1a. edição Julho de 1952.,"Guinea-Bissau, Africa 1952",,,Portugal. Junta de Investigações do Ultramar.,1952;,Lisboa : Ministério da Marinha Direcção de Hidrografia;,Geba River -- Maps.;  Coasts -- Guinea-Bissau -- Maps.;  Islands -- Guinea-Bissau -- Maps.;  Bathymetric maps.;,Africa;,Guinea-Bissau;,,,,,"Depths shown by soundings, isolines and gradient tints.;  Selected lights shown in red.;  Includes tables, notes and illustrations of lighthouses.;  Chart number ""215."";",,,,cartographic image,still image,Maps,Color;,"1:80,000 (W 16°42ʹ00ʺ--W 16°05ʹ00ʺ/N 12°00ʹ00ʺ--N 11°30ʹ00ʺ).;",,American Geographical Society Library - Maps,https://wisconsin-uwm.primo.exlibrisgroup.com/permalink/01UWI_ML/13nukll/alma991013439366002124,1 map : color ; 71 x 93 cm;,Portugal Chart 215 1952,Portuguese,"American Geographical Society Library, University of Wisconsin-Milwaukee Libraries",American Geographical Society Library Digital Map Collection,The Board of Regents of the University of Wisconsin System,agsmap029700 (s1-s2),image/tif; Image/jp2,American Geographical Society Library Digital Map Collection,"Due to their file size, some maps may produce a proxy error when downloaded as a ""large"" file. In those cases, please contact us at digilib@uwm.edu to obtain a copy of the file.",,DP,2023-04-19,2023-04-19,http://cdm17272.contentdm.oclc.org/cdm/ref/collection/agdm/id/33159,33159,33163.cpd,/agdm/image/33163.cpd
"Oceano Atlântico norte, Guiné Portuguesa, carta hidrográfica dos Canais entre os Portos de Bissau e Bolama / levantado pela Missão Geo-Hidrográfica da Guiné 1949 ; Ministério do Ultramar, Junta das Missões Geográficas e de Investigações do Ultramar Lisboa.",Pequenas correções até Setembro de 1951.,"Guinea-Bissau, Africa 1951",,,Portugal. Junta de Investigações do Ultramar.,1951;,Lisboa : Ministério da Marinha Direcção de Hidrografia;,Bissau Island (Guinea-Bissau) -- Maps.; Coasts -- Guinea-Bissau -- Maps.; Islands -- Guinea-Bissau -- Maps.; Bathymetric maps.;,Africa;,Guinea-Bissau;,,,,,"Depths shown by soundings, isolines and gradient tints.; Selected lights shown in red.; Includes tables, notes and illustrations of lighthouses.; Chart number ""216."";",,,,cartographic image,still image,Maps,Color;,"1:80,000 (W 15°50ʹ00ʺ--W 15°10ʹ00ʺ/N 12°00ʹ00ʺ--N 11°20ʹ00ʺ).",,American Geographical Society Library - Maps,https://wisconsin-uwm.primo.exlibrisgroup.com/permalink/01UWI_ML/13nukll/alma991013439365902124,1 map : color ; 88 x 67 cm;,Portugal Chart 216 1951,Portuguese;,"American Geographical Society Library, University of Wisconsin-Milwaukee Libraries",American Geographical Society Library Digital Map Collection,The Board of Regents of the University of Wisconsin System,agsmap029701,image/tif; Image/jp2,American Geographical Society Library Digital Map Collection,"Due to their file size, some maps may produce a proxy error when downloaded as a ""large"" file. In those cases, please contact us at digilib@uwm.edu to obtain a copy of the file.",Old 1949 Portuguese Guinea harbor chart shows Bissau's Bolama channels with depth markings and shoreline features.,DP,2023-04-26,2026-06-26,http://cdm17272.contentdm.oclc.org/cdm/ref/collection/agdm/id/33174,33174,33176.jp2,/agdm/image/33176.jp2
"Oceano Atlântico norte, Guiné Portuguesa, carta hidrográfica da entrada do Canal do Geba / levantado pela Missão Geo-Hidrográfica da Guiné 1951-1953 ; Ministério do Ultramar, Junta das Missões Geográficas e de Investigações do Ultramar Lisboa.",1a. edição Agosto de 1954.,"Guinea-Bissau, Africa 1954",,,Portugal. Junta de Investigações do Ultramar.,1954;,Lisboa : Ministério da Marinha Direcção de Hidrografia;,Geba River -- Maps.; Coasts -- Guinea-Bissau -- Maps.; Islands -- Guinea-Bissau -- Maps.; Bathymetric maps.;,Africa;,Guinea-Bissau;,,,,,"Depths shown by soundings, isolines and gradient tints.; Selected lights shown in red.; Includes tables, notes and illustrations of lighthouses.; Chart number ""214."";",,,,cartographic image,still image,Maps,Color;,"1:80,000 (W 16°42ʹ00ʺ--W 16°05ʹ00ʺ/N 12°00ʹ00ʺ--N 11°30ʹ00ʺ).;",,American Geographical Society Library - Maps,https://wisconsin-uwm.primo.exlibrisgroup.com/permalink/01UWI_ML/13nukll/alma991013439366102124,1 map : color ; 71 x 93 cm;,Portugal Chart 214 1954,Portuguese;,"American Geographical Society Library, University of Wisconsin-Milwaukee Libraries",American Geographical Society Library Digital Map Collection,The Board of Regents of the University of Wisconsin System,agsmap029702,image/tif; Image/jp2,American Geographical Society Library Digital Map Collection,"Due to their file size, some maps may produce a proxy error when downloaded as a ""large"" file. In those cases, please contact us at digilib@uwm.edu to obtain a copy of the file.","A 1954 Portuguese chart maps the Geba River's entrance with depth contours, shorelines, and nearby Guinea-Bissau islands.",DP,2023-04-26,2026-06-26,http://cdm17272.contentdm.oclc.org/cdm/ref/collection/agdm/id/33180,33180,33180.jp2,/agdm/image/33180.jp2
"Oceano Atlântico, Costa oeste de Portugal, plano hidrográfico da Península de Peniche / actualizado em 1944 ; Ministério da Marinha Direcção de Hidrografia.",Arnaldo gravou em 1945.,"Peniche, Portugal 1945",,Instituto Geográfico e Cadastral (Portugal),Portugal. Direcção de Hidrografia e Navegação.,1945;,Lisboa : Ministério da Marinha Direcção de Hidrografia;,Peniche (Portugal) -- Maps.; Coasts -- Portugal -- Peniche -- Maps.; Bathymetric maps.;,Europe;,Portugal;,,,,Peniche;,"Depths shown by isolines, soundings and gradient tints.; Includes notes and profile view.; Selected lights shown in red and orange.; Chart number ""69."";",,,,cartographic image,still image,Maps,Color;,"1:20,000 (W 9°25ʹ59ʺ--W 9°17ʹ20ʺ/N 39°23ʹ53ʺ--N 39°18ʹ38ʺ).;",,American Geographical Society Library - Maps,https://wisconsin-uwm.primo.exlibrisgroup.com/permalink/01UWI_ML/13nukll/alma991013439366602124,1 map : color ; 47 x 51 cm;,Portugal Chart 69 1945,Portuguese,"American Geographical Society Library, University of Wisconsin-Milwaukee Libraries",American Geographical Society Library Digital Map Collection,The Board of Regents of the University of Wisconsin System,agsmap029704,image/tif; Image/jp2,American Geographical Society Library Digital Map Collection,"Due to their file size, some maps may produce a proxy error when downloaded as a ""large"" file. In those cases, please contact us at digilib@uwm.edu to obtain a copy of the file.","Encarta depicts a 1945 chart showing Peniche Peninsula, Portugal's coastline and underwater depth contours.",DP,2023-04-26,2026-06-26,http://cdm17272.contentdm.oclc.org/cdm/ref/collection/agdm/id/33186,33186,33196.jp2,/agdm/image/33196.jp2
"Costa oeste de Portugal, plano hidrográfico do Pôrto de Lisboa / impressa no Instituto Geográfico e Cadastral.",Ediçao de 1945.,"Lisbon, Portugal 1945",,Instituto Geográfico e Cadastral (Portugal),Portugal. Direcção de Hidrografia e Navegação.,1945;,Lisboa : Instituto Geográfico e Cadastral;,Lisbon (Portugal) -- Maps.; Coasts -- Portugal -- Lisbon -- Maps.; Tagus River (Spain and Portugal) -- Maps.; Bathymetric maps.;,Europe;,Portugal;,,,,Lisbon;,"Depths shown by isolines and soundings.; Includes table and 6 profile views.; Chart number ""73."";",,,,cartographic image,still image,Maps,Color;,"1:25,250 (W 9°15ʹ00ʺ--W 8°57ʹ00ʺ/N 38°46ʹ30ʺ--N 38°36ʹ00ʺ).;",,American Geographical Society Library - Maps,https://wisconsin-uwm.primo.exlibrisgroup.com/permalink/01UWI_ML/13nukll/alma991013439366402124,1 map : color ; 74 x 106 cm;,Portugal Chart 73 1945,Portuguese,"American Geographical Society Library, University of Wisconsin-Milwaukee Libraries",American Geographical Society Library Digital Map Collection,The Board of Regents of the University of Wisconsin System,agsmap029707,image/tif; Image/jp2,American Geographical Society Library Digital Map Collection,"Due to their file size, some maps may produce a proxy error when downloaded as a ""large"" file. In those cases, please contact us at digilib@uwm.edu to obtain a copy of the file.","A 1945 chart maps Lisbon's coastline, Tagus River channels, and both bathymetric and topographic features around Porto de.",DP,2023-04-26,2026-06-26,http://cdm17272.contentdm.oclc.org/cdm/ref/collection/agdm/id/33188,33188,33190.jp2,/agdm/image/33190.jp2
"Ministerio da Marinha, Reparticao de Hidrografia Rio Tejo fundeadouro de Vila Franca de Xira / lavantado pela Brigada Hidrografica do Tejo; Ministério da Marinha.",Setembro de 1926.,"Vila Franca de Xira, Portugal 1926",,,Portugal. Direcção de Hidrografia e Navegação.,1926;,Lisboa : Ministério da Marinha;,Vila Franca de Xira (Portugal) -- Maps.; Coasts -- Tagus River (Spain and Portugal) -- Maps.; Bathymetric maps.;,Europe;,Portugal;,,Lisbon;,,Vila Franca de Xira;,"Depths shown by soundings and isolines.; Includes notes.; Chart number ""75."";",,,,cartographic image,still image,Maps,Grayscale;,"1:5,000 (W 8°59ʹ52ʺ--W 8°58ʹ46ʺ/N 38°57ʹ44ʺ--N 38°56ʹ34ʺ).;",,American Geographical Society Library - Maps,https://wisconsin-uwm.primo.exlibrisgroup.com/permalink/01UWI_ML/13nukll/alma991013439366902124,1 map ; 45 x 41 cm;,Portugal Chart 75 1926,Portuguese,"American Geographical Society Library, University of Wisconsin-Milwaukee Libraries",American Geographical Society Library Digital Map Collection,The Board of Regents of the University of Wisconsin System,agsmap029710,image/tif; Image/jp2,American Geographical Society Library Digital Map Collection,"Due to their file size, some maps may produce a proxy error when downloaded as a ""large"" file. In those cases, please contact us at digilib@uwm.edu to obtain a copy of the file.","Detailed 1926 bathymetric and topographic port chart of Vila Franca de Xira on Tagus River with depth markings, landmarks.",DP,2023-04-26,2026-06-26,http://cdm17272.contentdm.oclc.org/cdm/ref/collection/agdm/id/33189,33189,33193.jp2,/agdm/image/33193.jp2
"Oceano Atlântico norte, Guiné Portuguesa, carta hidrográfica da Barra e Foz do Rio Cacheu / levantado pela Missão Geo-Hidrográfica da Guiné 1953-1954 ; Ministério do Ultramar, Junta das Missões Geográficas e de Investigações do Ultramar Lisboa .",1a. edição Julho de 1955.,"Cacheu, Guinea-Bissau 1955",,,Portugal. Junta de Investigações do Ultramar.,1995;,Lisboa : Ministério da Marinha Direcção de Hidrografia;,Cacheu (Guinea-Bissau) -- Maps.; Coasts -- Guinea-Bissau -- Cacheu -- Maps.; Rivers -- Guinea-Bissau -- Cacheu -- Maps.; Bathymetric maps.;,Africa;,Guinea-Bissau;,,Cacheu;,,,"Depths shown by soundings, isolines and gradient tints.; Selected lights shown in red.; Includes tables, notes and illustrations of lighthouses.; Chart number ""213."";",,,,cartographic image,still image,Maps,Color;,"1:80,000 (W 16°50ʹ00ʺ--W 16°10ʹ00ʺ/N 12°21ʹ00ʺ--N 11°50ʹ00ʺ).;",,American Geographical Society Library - Maps,https://wisconsin-uwm.primo.exlibrisgroup.com/permalink/01UWI_ML/13nukll/alma991013439366202124,1 map : color ; 75 x 93 cm;,Portugal Chart 213 1955,Portuguese,"American Geographical Society Library, University of Wisconsin-Milwaukee Libraries",American Geographical Society Library Digital Map Collection,The Board of Regents of the University of Wisconsin System,agsmap029703,image/tif; Image/jp2,American Geographical Society Library Digital Map Collection,"Due to their file size, some maps may produce a proxy error when downloaded as a ""large"" file. In those cases, please contact us at digilib@uwm.edu to obtain a copy of the file.",A 1953-1954 hydrographic map shows the Barra region and Cacheu River mouth in Guinea Portuguesa.,DP,2023-04-26,2026-06-26,http://cdm17272.contentdm.oclc.org/cdm/ref/collection/agdm/id/33190,33190,33191.jp2,/agdm/image/33191.jp2
"Plano hidrográfico do porto de Mormugão e Barra do Zuari / leventado pelo 1o. tenente eng. hido. Ernesto da Fonseca Lourenço, 1933.",,"Marmago, India 1936",,Portugal. Junta de Investigações Coloniais.,"Lourenço, Ernesto da Fonseca.",1936;,"Lisbon? : Ministério das Colónias, Junta das Missões Geograficas e de Investigacões Coloniais;",Harbors -- India -- Marmagao -- Maps.; Marmagao (India) -- Maps.;,Asia;,India;,Goa;,,,Marmagao;,"Relief shown by spot heights. Depths shown by bathymetric isolines and soundings.; ""Gravado em 1936.""; Includes inset map, tables and notes.; Inset: Pórto artificial de Mormugão. Scale 1:5,000.;",,,,cartographic image,still image,Maps,Color;,"1:15,000. (E 73°46ʹ00ʺ--E 73°53ʹ00ʺ/N 15°28ʹ00ʺ--N 15°22ʹ03ʺ).;",,American Geographical Society Library - Maps,https://wisconsin-uwm.primo.exlibrisgroup.com/permalink/01UWI_ML/13nukll/alma991013439366302124,1 map : color ; 74 x 84 cm;,Portugal Chart India Marmagao 1936,Portuguese,"American Geographical Society Library, University of Wisconsin-Milwaukee Libraries",American Geographical Society Library Digital Map Collection,The Board of Regents of the University of Wisconsin System,agsmap029705,image/tif; Image/jp2,American Geographical Society Library Digital Map Collection,"Due to their file size, some maps may produce a proxy error when downloaded as a ""large"" file. In those cases, please contact us at digilib@uwm.edu to obtain a copy of the file.",A 1933 Portuguese map shows Marmagao Harbor and the Zuari River backwater in India.,DP,2023-04-26,2026-06-26,http://cdm17272.contentdm.oclc.org/cdm/ref/collection/agdm/id/33191,33191,33194.jp2,/agdm/image/33194.jp2
"Oceano Atlántico, costa sul de Portugal, plano hidrográfico de do Porto e Barra do Rio Guadiana (Vila Real de Santo António)/ lavantado em 1938.",,"Algarve, Portugal 1938",,,Portugal. Direcção de Hidrografia e Navegação.,1938;,Lisboa : Ministério da Marinha Direcção de Hidrografia;,"Vila Real de Santo António (Portugal) -- Maps.; Coasts -- Portugal -- Vila Real de Santo António -- Maps.; Monte Gordo (Faro, Portugal) -- Maps.; Coasts -- Portugal -- Monte Gordo (Faro) -- Maps.; Bathymetric maps.;",Europe;,Portugal;,,Algarve;,,,"Selected lights shown in orange, red and green.; Relief shown by hachures. Depths shown by soundings, gradient tints and isolines.; Includes table.; Chart number ""97."";",,,,cartographic image,still image,Maps,Color;,"1:15,000 (W 7°26ʹ27ʺ--W 7°23ʹ32ʺ/N 37°13ʹ30ʺ--N 37°09ʹ33ʺ).;",,American Geographical Society Library - Maps,https://wisconsin-uwm.primo.exlibrisgroup.com/permalink/01UWI_ML/13nukll/alma991013439366702124,1 map : color ; 77 x 65 cm;,Portugal Chart 97 1938,Portuguese,"American Geographical Society Library, University of Wisconsin-Milwaukee Libraries",American Geographical Society Library Digital Map Collection,The Board of Regents of the University of Wisconsin System,agsmap029708,image/tif; Image/jp2,American Geographical Society Library Digital Map Collection,"Due to their file size, some maps may produce a proxy error when downloaded as a ""large"" file. In those cases, please contact us at digilib@uwm.edu to obtain a copy of the file.","Highly detailed 1938 maritime chart maps the Rio Guadiana coastline near Portugal's Vila Real de Santo António, including.",DP,2023-04-26,2026-06-26,http://cdm17272.contentdm.oclc.org/cdm/ref/collection/agdm/id/33192,33192,33189.jp2,/agdm/image/33189.jp2
"Costa oeste de Portugal, plano hidrográficos da Berlenga e Estelas e Farilhões / levantado pela Missão Hidrografica da Costa de Portugal em 1932.",Gravado em 1933.,"Berlengas, Ilhas, Portugal 1933",,,Portugal. Direcção de Hidrografia e Navegação.,1933;,Lisboa : Ministério da Marinha Direcção de Hidrografia;,Berlengas Islands (Portugal) -- Maps.; Bathymetric maps.;,Europe;,Portugal;,,"Leira, Distrito de; Berlengas, Ilhas (islands);",,,"Relief shown by hachures. Depths shown by soundings and isolines.; Selected lights shown in yellow and red.; Includes 2 profile views and notes.; Chart number ""68."";",,,,cartographic image,still image,Maps,Color;,"1:20,000 (W 9°35ʹ00ʺ--W 9°29ʹ00ʺ/N 39°30ʹ00ʺ--N 39°24ʹ00ʺ).;",,American Geographical Society Library - Maps,https://wisconsin-uwm.primo.exlibrisgroup.com/permalink/01UWI_ML/13nukll/alma991013439367102124,1 map : color ; 55 x 42 cm;,Portugal Chart 68 1933,Portuguese,"American Geographical Society Library, University of Wisconsin-Milwaukee Libraries",American Geographical Society Library Digital Map Collection,The Board of Regents of the University of Wisconsin System,agsmap029712,image/tif; Image/jp2,American Geographical Society Library Digital Map Collection,"Due to their file size, some maps may produce a proxy error when downloaded as a ""large"" file. In those cases, please contact us at digilib@uwm.edu to obtain a copy of the file.","Portuguese 1932 coastal survey maps the terrain and seafloor of Berlengas, Estelas, and Farilhões islands.",DP,2023-05-03,2026-06-26,http://cdm17272.contentdm.oclc.org/cdm/ref/collection/agdm/id/33259,33259,33281.jp2,/agdm/image/33281.jp2
"Costa occidental d'Africa, Provincia da Guiné, Reconhecimento do Rio Mansoa desde a sua foz até ao Impernal 1897 / Commissão de Cartographia ; levantado em 1896 por Jayme Affreixo.",,"Guinea-Bissau, Africa 1897",,Portugal. Comissão de Cartografia das Colónias.,"Affreixo, Jayme.",1897;,Lisbonne : Commissão de Cartographia;,Rivers -- Guinea-Bissau -- Maps.;,Africa;,Guinea-Bissau;,,,,,"Depths shown by soundings.; Includes inset map ""Canal de Jatta."";",,,,cartographic image,still image,Maps,Grayscale;,"approximately 1:100,000. (W 16°03ʹ00ʺ--W 15°13ʹ00ʺ/N 12°07ʹ00ʺ--N 11°43ʹ00ʺ).;",,American Geographical Society Library - Maps,https://wisconsin-uwm.primo.exlibrisgroup.com/permalink/01UWI_ML/13nukll/alma991013439369602124,"1 map ; 39 x 52 cm, on sheet 45 x 59 cm;",Portugal Chart Guinea-Bissau Mansoa River 1897,Portuguese,"American Geographical Society Library, University of Wisconsin-Milwaukee Libraries",American Geographical Society Library Digital Map Collection,The Board of Regents of the University of Wisconsin System,agsmap029727,image/tif; Image/jp2,American Geographical Society Library Digital Map Collection,"Due to their file size, some maps may produce a proxy error when downloaded as a ""large"" file. In those cases, please contact us at digilib@uwm.edu to obtain a copy of the file.",An 1897 map depicts the Mansoa River's route in Guinea-Bissau from its mouth to Imperial.,DP,2023-05-03,2026-06-26,http://cdm17272.contentdm.oclc.org/cdm/ref/collection/agdm/id/33260,33260,33269.jp2,/agdm/image/33269.jp2
"Oceano Atlántico, Costa oeste de Portugal, entre o Rio Minho e o Cabo Carvoeiro / segundo os trabalhos da Missão Hidrografica da Costa de Portugal ; gravada e impressa no Instituto Geográfico e Cadastral ; Ministério da Marinha Direcção de Hidrografia.",Pequenas correcções 1938.,"Porto, Portugal 1938",,Instituto Geográfico e Cadastral (Portugal),Portugal. Direcção de Hidrografia e Navegação.,1938;,Lisboa : Instituto Geográfico e Cadastral;,Coasts -- Portugal -- Maps.; Miño River (Spain and Portugal) -- Maps.; Leixões Harbor (Portugal) -- Maps.; Nautical charts.;,Europe;,Portugal;,,,,Porto;,"Relief shown by contours and spoth heights. Depths shown by soundings and isolines.; Includes 2 inset maps and 2 tables.; Chart number ""9."";",,,,cartographic image,still image,Maps,Color;,"1:441,295. (W 10°20ʹ00ʺ--W 7°20ʹ00ʺ/N 42°10ʹ00ʺ--N 39°20ʹ00ʺ).;",,American Geographical Society Library - Maps,https://wisconsin-uwm.primo.exlibrisgroup.com/permalink/01UWI_ML/13nukll/alma991013439368402124,1 map : color ; 73 x 58 cm;,Portugal Chart 9 1938,Portuguese,"American Geographical Society Library, University of Wisconsin-Milwaukee Libraries",American Geographical Society Library Digital Map Collection,The Board of Regents of the University of Wisconsin System,agsmap029725,image/tif; Image/jp2,American Geographical Society Library Digital Map Collection,"Due to their file size, some maps may produce a proxy error when downloaded as a ""large"" file. In those cases, please contact us at digilib@uwm.edu to obtain a copy of the file.","A 1938 Portuguese nautical chart maps the coast from Rio Minho to Cabo Carvoeiro, showing Leixões Harbor in an inset.",DP,2023-05-03,2026-06-26,http://cdm17272.contentdm.oclc.org/cdm/ref/collection/agdm/id/33261,33261,33277.jp2,/agdm/image/33277.jp2
"Oceano Atlântico, Costa oeste de Portugal, carta litológica submarina do Cabo Mondego ao Cabo Carvoeiro feita com os elementos da cartas nos. 3 e 11 / reimpressa no Instituto Geográfico e Cadastral no ano de 1941.",,"Peniche, Portugal 1941",,Instituto Geográfico e Cadastral (Portugal),,1941;,Lisboa : Instituto Geográfico e Cadastral;,Bathymetric maps.; Coasts -- Portugal -- Figueira da Foz -- Maps.; Coasts -- Portugal -- Peniche -- Maps.;,Europe;,Portugal;,,,,Peniche; Figueira da Foz;,"Relief shown by hachures. Depths shown by isolines; Water is color coded to show sediment type.; Chart number ""33."";",,,,cartographic image,still image,Maps,Color;,"1:149,216 (W 9°35ʹ00ʺ--W 8°44ʹ00ʺ/N 40°11ʹ00ʺ--N 39°20ʹ00ʺ).;",,American Geographical Society Library - Maps,https://wisconsin-uwm.primo.exlibrisgroup.com/permalink/01UWI_ML/13nukll/alma991013439368002124,1 map : color ; 68 x 55 cm;,Portugal Chart 33 1941,Portuguese,"American Geographical Society Library, University of Wisconsin-Milwaukee Libraries",American Geographical Society Library Digital Map Collection,The Board of Regents of the University of Wisconsin System,agsmap029721,image/tif; Image/jp2,American Geographical Society Library Digital Map Collection,"Due to their file size, some maps may produce a proxy error when downloaded as a ""large"" file. In those cases, please contact us at digilib@uwm.edu to obtain a copy of the file.","A submarine lithologic map displays sediment types near Portugal's western coast, between Cape Mondego and Cape Carvoeiro.",DP,2023-05-03,2026-06-26,http://cdm17272.contentdm.oclc.org/cdm/ref/collection/agdm/id/33262,33262,33273.jp2,/agdm/image/33273.jp2
"Oceano Atlântico, Costa oeste de Portugal, plano hidrográfico da Barra e Porto da Figueira da Foz / levantado em 1942 ; Ministério da Marinha Direcção de Hidrografia ; Arnaldo gravado em 1943.",,"Figueira da Foz, Portugal 1943",,,Portugal. Direcção de Hidrografia e Navegação.,1943;,Lisboa : Ministério da Marinha Direcção de Hidrografia;,Figueira da Foz (Portugal) -- Maps.; Coasts -- Portugal -- Figueira da Foz -- Maps.; Bathymetric maps.;,Europe;,Portugal;,,Coimbra;,,Figueira da Foz;,"Depths shown by soundings, isolines and gradient tints.; Selected lights shown in yellow and red.; Includes 1 profile view.; Chart number ""64."";",,,,cartographic image,still image,Maps,Color;,"1:10,000 (W 8°55ʹ42ʺ--W 8°47ʹ08ʺ/N 40°13ʹ04ʺ--N 40°05ʹ15ʺ).;",,American Geographical Society Library - Maps,https://wisconsin-uwm.primo.exlibrisgroup.com/permalink/01UWI_ML/13nukll/alma991013439367202124,1 map : color ; 54 x 49 cm;,Portugal Chart 64 1943,Portuguese,"American Geographical Society Library, University of Wisconsin-Milwaukee Libraries",American Geographical Society Library Digital Map Collection,The Board of Regents of the University of Wisconsin System,agsmap029713,image/tif; Image/jp2,American Geographical Society Library Digital Map Collection,"Due to their file size, some maps may produce a proxy error when downloaded as a ""large"" file. In those cases, please contact us at digilib@uwm.edu to obtain a copy of the file.",A 1943 Portuguese Navy chart maps Figueira da Foz harbor and surrounding coastline.,DP,2023-05-03,2026-06-26,http://cdm17272.contentdm.oclc.org/cdm/ref/collection/agdm/id/33263,33263,33280.jp2,/agdm/image/33280.jp2
"Oceano Atlântico, Costa oeste de Portugal, plano hidrográfico do Rio Douro a Leixões / levantado pelos oficiaias da Missão Hidrográfica da Costa de Portugal 1935 ; Ministério da Marinha Direcção de Hidrografia ; gravado em 1937.",,"Porto, Portugal 1937",,,Portugal. Direcção de Hidrografia e Navegação.,1937;,Lisboa : Ministério da Marinha Direcção de Hidrografia;,Leixões Harbor (Portugal) -- Maps.; Coasts -- Portugal -- Matosinhos -- Maps.; Duero River (Spain and Portugal) -- Maps.; Bathymetric maps.;,Europe;,Portugal;,,,,Porto; Matosinhos;,"Depths shown by soundings and isolines.; Selected lights shown in organge and red.; Includes 2 profile views, notes and table.; Chart number ""56."";",,,,cartographic image,still image,Maps,Color;,"1:10,000 (W 8°43ʹ30ʺ--W 8°36ʹ00ʺ/N 41°12ʹ00ʺ--N 41°07ʹ00ʺ).;",,American Geographical Society Library - Maps,https://wisconsin-uwm.primo.exlibrisgroup.com/permalink/01UWI_ML/13nukll/alma991013439367402124,1 map : color ; 81 x 103 cm;,Portugal Chart 56 1937,Portuguese,"American Geographical Society Library, University of Wisconsin-Milwaukee Libraries",American Geographical Society Library Digital Map Collection,The Board of Regents of the University of Wisconsin System,agsmap029715,image/tif; Image/jp2,American Geographical Society Library Digital Map Collection,"Due to their file size, some maps may produce a proxy error when downloaded as a ""large"" file. In those cases, please contact us at digilib@uwm.edu to obtain a copy of the file.",A 1937 Portuguese map depicts the Douro River and coastal bathymetry near Leixões harbor.,DP,2023-05-03,2026-06-26,http://cdm17272.contentdm.oclc.org/cdm/ref/collection/agdm/id/33264,33264,33271.jp2,/agdm/image/33271.jp2
"Oceano Atlântico, Costa oeste de Portugal, carta litológica submarina de Cabo Raso ao Cabo de Sines feita principalmente com os elementos da carta no. 5 1928 / impressa no Instituto Geográfico e Cadastral ; Ministério da Marinha Direcção de Hidrografia.",,"Peniche, Portugal 1948",,Instituto Geográfico e Cadastral (Portugal),Portugal. Direcção de Hidrografia e Navegação. ;,1948;,Lisboa : Ministério da Marinha Direcção de Hidrografia;,Bathymetric maps.; Coasts -- Portugal -- Peniche -- Maps.; Coasts -- Portugal -- Sines -- Maps.; Cascais Bay (Portugal) -- Maps.;,Europe;,Portugal;,,"Cascais, Baia de (bay);",,Peniche;,"Depths shown by isolines.; Water is color coded to show sediment type.; Chart number ""35."";",,,,cartographic image,still image,Maps,Color;,"1:152,215 (W 10°00ʹ00ʺ--W 8°50ʹ00ʺ/N 39°30ʹ00ʺ--N 38°40ʹ00ʺ).;",,American Geographical Society Library - Maps,https://wisconsin-uwm.primo.exlibrisgroup.com/permalink/01UWI_ML/13nukll/alma991013439367802124,1 map : color ; 62 x 78 cm;,Portugal Chart 35 1948,Portuguese,"American Geographical Society Library, University of Wisconsin-Milwaukee Libraries",American Geographical Society Library Digital Map Collection,The Board of Regents of the University of Wisconsin System,agsmap029719,image/tif; Image/jp2,American Geographical Society Library Digital Map Collection,"Due to their file size, some maps may produce a proxy error when downloaded as a ""large"" file. In those cases, please contact us at digilib@uwm.edu to obtain a copy of the file.","The 1948 geological seabed map displays lithology from Cape Raso to Cape Sines off Portugal's west coast, colored to show.",DP,2023-05-03,2026-06-26,http://cdm17272.contentdm.oclc.org/cdm/ref/collection/agdm/id/33265,33265,33275.jp2,/agdm/image/33275.jp2
"Oceano Atlántico, Costa oeste e sul de Portugal, entre o Cabo Carvoeiro e o Rio Guadiana / segundo os trabalhos da Missão Hidrografica da Costa de Portugal ; gravada e impressa no Instituto Geográfico e Cadastral ; Ministério da Marinha Direcção de Hidrografia.",Pequenas correcções 1938.,"Lisbon, Portugal 1938",,Instituto Geográfico e Cadastral (Portugal),Portugal. Direcção de Hidrografia e Navegação.,1938;,Lisboa : Instituto Geográfico e Cadastral;,Coasts -- Portugal -- Maps.; Guadiana River (Spain and Portugal) -- Maps.; Lisbon (Portugal) -- Maps.; Faro (Portugal) -- Maps.; Nautical charts.;,Europe;,Portugal;,,,,Lisbon; Faro;,"Relief shown by contours and spoth heights. Depths shown by soundings and isolines.; Includes 2 inset maps and 2 tables.; Selected lights shown in orange and red.; Chart number ""10."";",,,,cartographic image,still image,Maps,Color;,"1:458,830 (W 10°20ʹ00ʺ--W 7°20ʹ00ʺ/N 39°30ʹ00ʺ--N 36°20ʹ00ʺ).;",,American Geographical Society Library - Maps,https://wisconsin-uwm.primo.exlibrisgroup.com/permalink/01UWI_ML/13nukll/alma991013439368302124,1 map : color ; 75 x 58 cm;,Portugal Chart 10 1938,Portuguese,"American Geographical Society Library, University of Wisconsin-Milwaukee Libraries",American Geographical Society Library Digital Map Collection,The Board of Regents of the University of Wisconsin System,agsmap029724,image/tif; Image/jp2,American Geographical Society Library Digital Map Collection,"Due to their file size, some maps may produce a proxy error when downloaded as a ""large"" file. In those cases, please contact us at digilib@uwm.edu to obtain a copy of the file.",A 1938 Portuguese nautical chart of the Guadiana River and Cabo Carvoeiro coastline with depths and Lisbon/Faro insets.,DP,2023-05-03,2026-06-26,http://cdm17272.contentdm.oclc.org/cdm/ref/collection/agdm/id/33266,33266,33272.jp2,/agdm/image/33272.jp2
"Oceano Atlântico, Costa oeste de Portugal, plano hidrográfico da Barra e Foz da Ria de Aveiro / levantado pela Missão Hidrográfica da Costa de Portugal dom a colaboracão do Centro de Aviação Naval de Aveiro 1934 ; Ministério da Marinha Direcção de Hidrografia ; gravado em 1936.",,"Aveiro, Portugal 1936",,,Portugal. Direcção de Hidrografia e Navegação.,1936;,Lisboa : Ministério da Marinha Direcção de Hidrografia;,Aveiro (Portugal) -- Maps.; Coasts -- Portugal -- Aveiro -- Maps.; Bathymetric maps.;,Europe;,Portugal;,,,,Aveiro;,"Depths shown by soundings and isolines.; Selected lights shown in organge and red.; Includes 1 profile view, notes and tables.; Chart number ""59."";",,,,cartographic image,still image,Maps,Color;,"1:5,000 (W 8°51ʹ03ʺ--W 8°39ʹ30ʺ/N 40°41ʹ30ʺ--N 40°35ʹ29ʺ).;",,American Geographical Society Library - Maps,https://wisconsin-uwm.primo.exlibrisgroup.com/permalink/01UWI_ML/13nukll/alma991013439367302124,1 map : color ; 81 x 97 cm;,Portugal Chart 59 1936,Portuguese,"American Geographical Society Library, University of Wisconsin-Milwaukee Libraries",American Geographical Society Library Digital Map Collection,The Board of Regents of the University of Wisconsin System,agsmap029714,image/tif; Image/jp2,American Geographical Society Library Digital Map Collection,"Due to their file size, some maps may produce a proxy error when downloaded as a ""large"" file. In those cases, please contact us at digilib@uwm.edu to obtain a copy of the file.","A 1936 Portuguese map shows the Ria de Aveiro's river mouth, entry channel, and coastal depths near Aveiro.",DP,2023-05-03,2026-06-26,http://cdm17272.contentdm.oclc.org/cdm/ref/collection/agdm/id/33267,33267,33266.jp2,/agdm/image/33266.jp2
"Oceano Atlântico, Costa oeste de Portugal, carta litológica submarina do Rio Minho a Espinho feita com os elementos da carta no. 1 1913 / reimpressa no Instituto Geográfico e Cadastral no ano de 1942.",3 edição 1942.,"Porto, Portugal 1942",,Instituto Geográfico e Cadastral (Portugal);,,1942;,Lisboa : Instituto Geográfico e Cadastral;,Bathymetric maps.; Coasts -- Portugal -- Viana do Castelo -- Maps.; Coasts -- Portugal -- Caminha -- Maps.; Coasts -- Portugal -- Porto -- Maps.; Caminha (Portugal) -- Maps.; Viana do Castelo (Portugal) -- Maps.;,Europe;,Portugal;,,Viana do Castelo;,,Porto; Caminha;,"Depths shown by isolines; Water is color coded to show sediment type.; Chart number ""31."";",,,,cartographic image,still image,Maps,Color;,"1:145,247. (W 9°22ʹ00ʺ--W 8°30ʹ00ʺ/N 42°10ʹ00ʺ--N 40°03ʹ00ʺ).;",,American Geographical Society Library - Maps,https://wisconsin-uwm.primo.exlibrisgroup.com/permalink/01UWI_ML/13nukll/alma991013439368202124,1 map : color ; 89 x 54 cm;,Portugal Chart 31 1942,Portuguese,"American Geographical Society Library, University of Wisconsin-Milwaukee Libraries",American Geographical Society Library Digital Map Collection,The Board of Regents of the University of Wisconsin System,agsmap029723,image/tif; Image/jp2,American Geographical Society Library Digital Map Collection,"Due to their file size, some maps may produce a proxy error when downloaded as a ""large"" file. In those cases, please contact us at digilib@uwm.edu to obtain a copy of the file.",A 1942 map of Portugal's west coast from Rio Minho to Espinho displays seabed textures and underwater terrain.,DP,2023-05-03,2026-06-26,http://cdm17272.contentdm.oclc.org/cdm/ref/collection/agdm/id/33268,33268,33274.jp2,/agdm/image/33274.jp2
"Oceano Atlântico, Costa sul de Portugal, carta litológica submarina do Cabo de S. Vicente ao Cabo de Sta. Maria feita principalmente com os elementos da carta no. 7 1924 / impressa no Instituto Geográfico e Cadastral ; Ministério da Marinha Direcção de Hidrografia.",Ediçao de 1948.,"Lagos, Portugal 1943",,Instituto Geográfico e Cadastral (Portugal),Portugal. Direcção de Hidrografia e Navegação.,1943;,Lisboa : Ministério da Marinha Direcção de Hidrografia;,Bathymetric maps.; Coasts -- Portugal -- Lagos -- Maps.; Coasts -- Portugal -- Faro -- Maps.;,Europe;,Portugal;,,,,Faro;  Lagos;,"Depths shown by isolines.; Water is color coded to show sediment type.; Chart number ""37."";",,,,cartographic image,still image,Maps,Color;,"1:154,916 (W 9°10ʹ00ʺ--W 7°40ʹ00ʺ/N 37°20ʹ00ʺ--N 36°40ʹ00ʺ).;",,American Geographical Society Library - Maps,https://wisconsin-uwm.primo.exlibrisgroup.com/permalink/01UWI_ML/13nukll/alma991013439367602124,1 map : color ; 46 x 86 cm;,Portugal Chart 37 1942,Portuguese,"American Geographical Society Library, University of Wisconsin-Milwaukee Libraries",American Geographical Society Library Digital Map Collection,The Board of Regents of the University of Wisconsin System,agsmap029717,image/tif; Image/jp2,American Geographical Society Library Digital Map Collection,"Due to their file size, some maps may produce a proxy error when downloaded as a ""large"" file. In those cases, please contact us at digilib@uwm.edu to obtain a copy of the file.",This 1943 map of southern Portugal's Atlantic coast shows seabed terrain—from Cape St. Vincent to Cape Santa Maria—with.,DP,2023-05-03,2026-06-26,http://cdm17272.contentdm.oclc.org/cdm/ref/collection/agdm/id/33269,33269,33279.jp2,/agdm/image/33279.jp2
"Costa occidental d'Africa, Provincia da Guiné, Esboço rapido da communicaçao entre o rio Tombali eo Cacine 1897 / Commissão de Cartographia ; levantado em 1896 por Jayme Affreixo.",,"Guinea-Bissau, Africa 1897",,Portugal. Comissão de Cartografia das Colónias.,"Affreixo, Jayme.",1897;,Lisbonne : Commissão de Cartographia;,Rivers -- Guinea-Bissau -- Maps.;,Africa;,Guinea-Bissau;,,,,,Depths shown by soundings.; Includes 2 inset maps: Rio de Buduco -- Rio Tombali.;,,,,cartographic image,still image,Maps,Grayscale;,"approximately 1:70,000. (W 15°40ʹ00ʺ--W 14°57ʹ00ʺ/N 12°00ʹ00ʺ--N 10°58ʹ00ʺ).;",,American Geographical Society Library - Maps,https://wisconsin-uwm.primo.exlibrisgroup.com/permalink/01UWI_ML/13nukll/alma991013439369202124,1 map ; 41 x 89 cm;,Portugal Chart Guinea-Bissau Tombali River 1897,Portuguese,"American Geographical Society Library, University of Wisconsin-Milwaukee Libraries",American Geographical Society Library Digital Map Collection,The Board of Regents of the University of Wisconsin System,agsmap029730,image/tif; Image/jp2,American Geographical Society Library Digital Map Collection,"Due to their file size, some maps may produce a proxy error when downloaded as a ""large"" file. In those cases, please contact us at digilib@uwm.edu to obtain a copy of the file.",A 1897 Portuguese colonial map depicts rivers and transport routes connecting Tombali to Cacine in western Africa.,DP,2023-05-03,2026-06-26,http://cdm17272.contentdm.oclc.org/cdm/ref/collection/agdm/id/33270,33270,33263.jp2,/agdm/image/33263.jp2
"Oceano Atlântico, Costa oeste de Portugal, carta litológica submarina de Cabo Carvoeiro ao Cabo Raso feita principalmente com os elementos da carta no. 4 1920 / impressa no Instituto Geográfico e Cadastral ; Ministério da Marinha Direcção de Hidrografia.",,"Peniche, Portugal 1948",,Instituto Geográfico e Cadastral (Portugal),Portugal. Direcção de Hidrografia e Navegação.,1948;,Lisboa : Ministério da Marinha Direcção de Hidrografia;,Bathymetric maps.; Coasts -- Portugal -- Peniche -- Maps.; Coasts -- Portugal -- Cascais -- Maps.;,Europe;,Portugal;,,Lisbon;,,Peniche; Cascais;,"Depths shown by isolines.; Water is color coded to show sediment type.; Chart number ""34."";",,,,cartographic image,still image,Maps,Color;,"1:105,663 (W 10°00ʹ00ʺ--W 8°50ʹ00ʺ/N 39°30ʹ00ʺ--N 38°40ʹ00ʺ).;",,American Geographical Society Library - Maps,https://wisconsin-uwm.primo.exlibrisgroup.com/permalink/01UWI_ML/13nukll/alma991013439367902124,1 map : color ; 62 x 76 cm;,Portugal Chart 34 1948,Portuguese,"American Geographical Society Library, University of Wisconsin-Milwaukee Libraries",American Geographical Society Library Digital Map Collection,The Board of Regents of the University of Wisconsin System,agsmap029720,image/tif; Image/jp2,American Geographical Society Library Digital Map Collection,"Due to their file size, some maps may produce a proxy error when downloaded as a ""large"" file. In those cases, please contact us at digilib@uwm.edu to obtain a copy of the file.",A 1948 Portuguese bathymetric map displays ocean sediment types along the Atlantic coast from Cabo Carvoeiro to Cabo Raso.,DP,2023-05-03,2026-06-26,http://cdm17272.contentdm.oclc.org/cdm/ref/collection/agdm/id/33271,33271,33270.jp2,/agdm/image/33270.jp2
"Esboço hydrographico do Rio Limpôpo : entre a Ilha dos Patos e o Váo do Gongunhana, abragendo o rio Changâne até ao Monte Chibuto / [signed:] Alvaro Andréa ... construiu e desenhou.",,"South Africa, Limpopo (river) 1895",,"Andréa, Alvaro.",Sociedade de Geografia de Lisboa.;,1895;,Lisboa : Sociedade de Geographia de Lisboa;,Hydrography -- Limpopo River -- Maps.; Nautical charts -- South Africa -- Maps.; Limpopo River -- Maps.;,Africa;,South Africa;,,Limpopo (river);,,,"Relief shown by hachures. Depths shown by soundings (in feet).; ""Feito pelo 1o. tenente da Armada Alvaro Andréa commandante da Lancha Ca. 'Capêllo' durante as operações de campanha de setembro a dezembro de 1895."";",,,,cartographic image,still image,Maps,Color;,"approximately 1:18,650 (E 33°33ʹ--E 33°41ʹ/S 24°40ʹ--S 24°55ʹ).;",,American Geographical Society Library - Maps,https://wisconsin-uwm.primo.exlibrisgroup.com/permalink/01UWI_ML/13nukll/alma991012547136802124,1 map : color ; 169 x 80 cm;,Portugal Chart Limpopo River 1895,Portuguese,"American Geographical Society Library, University of Wisconsin-Milwaukee Libraries",American Geographical Society Library Digital Map Collection,The Board of Regents of the University of Wisconsin System,agsmap029726,image/tif; Image/jp2,American Geographical Society Library Digital Map Collection,"Due to their file size, some maps may produce a proxy error when downloaded as a ""large"" file. In those cases, please contact us at digilib@uwm.edu to obtain a copy of the file.",1895 navigation chart showing the Limpopo River between Patos Island and Gongunhana ford with paths and landmarks.,DP,2023-05-03,2026-06-26,http://cdm17272.contentdm.oclc.org/cdm/ref/collection/agdm/id/33272,33272,33264.jp2,/agdm/image/33264.jp2
"Oceano Atlântico, Costa sul de Portugal, carta litológica submarina feita principalmente com os elementos da carta no. 8 1940 / impressa no Instituto Geográfico e Cadastral ; Ministério da Marinha Direcção de Hidrografia.",,"Faro, Portugal 1940",,Instituto Geográfico e Cadastral (Portugal),Portugal. Direcção de Hidrografia e Navegação.,1940;,Lisboa : Ministério da Marinha Direcção de Hidrografia;,Bathymetric maps.; Coasts -- Portugal -- Faro -- Maps.;,Europe;,Portugal;,,,,Faro;,"Depths shown by isolines.; Water is color coded to show sediment type.; Chart number ""38."";",,,,cartographic image,still image,Maps,Color;,"1:154,916 (W 8°00ʹ00ʺ--W 7°00ʹ00ʺ/N 37°18ʹ00ʺ--N 36°47ʹ00ʺ).;",,American Geographical Society Library - Maps,https://wisconsin-uwm.primo.exlibrisgroup.com/permalink/01UWI_ML/13nukll/alma991013439367502124,1 map : color ; 38 x 58 cm,Portugal Chart 38 1940,Portuguese,"American Geographical Society Library, University of Wisconsin-Milwaukee Libraries",American Geographical Society Library Digital Map Collection,The Board of Regents of the University of Wisconsin System,agsmap029716,image/tif; Image/jp2,American Geographical Society Library Digital Map Collection,"Due to their file size, some maps may produce a proxy error when downloaded as a ""large"" file. In those cases, please contact us at digilib@uwm.edu to obtain a copy of the file.",A 1940s Portuguese lithological map displays sediment types and depths off Faro's southern Atlantic coast.,DP,2023-05-03,2026-06-26,http://cdm17272.contentdm.oclc.org/cdm/ref/collection/agdm/id/33273,33273,33282.jp2,/agdm/image/33282.jp2
"Oceano Atlântico, Costa oeste de Portugal, carta litológica submarina de Cabo de Sines ao Cabo de S. Vicente feita principalmente com os elementos da carta no. 6 1927 / impressa no Instituto Geográfico e Cadastral ; Ministério da Marinha Direcção de Hidrografia.",Ediçao de 1948.,"Lagos, Portugal 1948",,Instituto Geográfico e Cadastral (Portugal),Portugal. Direcção de Hidrografia e Navegação.,1948;,Lisboa : Ministério da Marinha Direcção de Hidrografia,"Bathymetric maps.; Coasts -- Portugal -- Saint Vincent, Cape -- Maps.; Coasts -- Portugal -- Lagos -- Maps.;",Europe;,Portugal;,,,,Lagos;,"Depths shown by isolines.; Water is color coded to show sediment type.; Chart number ""36."";",,,,cartographic image,still image,Maps,Color;,"1:153,883 (W 9°22ʹ00ʺ--W 8°20ʹ00ʺ/N 38°10ʹ00ʺ--N 36°50ʹ00ʺ).;",,American Geographical Society Library - Maps,https://wisconsin-uwm.primo.exlibrisgroup.com/permalink/01UWI_ML/13nukll/alma991013439367702124,1 map : color ; 95 x 63 cm;,Portugal Chart 36 1948,Portuguese,"American Geographical Society Library, University of Wisconsin-Milwaukee Libraries",American Geographical Society Library Digital Map Collection,The Board of Regents of the University of Wisconsin System,agsmap029718,image/tif; Image/jp2,American Geographical Society Library Digital Map Collection,"Due to their file size, some maps may produce a proxy error when downloaded as a ""large"" file. In those cases, please contact us at digilib@uwm.edu to obtain a copy of the file.","A 1948 Portuguese ocean map shows the Atlantic southwest coast from Cabo de Sines to Cabo de São Vicente, layering rock.",DP,2023-05-03,2026-06-26,http://cdm17272.contentdm.oclc.org/cdm/ref/collection/agdm/id/33274,33274,33265.jp2,/agdm/image/33265.jp2
Carta litológica submarina da Costa de Portugal de Leixões ao Cabo Mondego feita principalmente com os elementos da carta no. 2 da Missão hidrografica da Costa de Portugal / Missão hidrografica da Costa de Portugal 1914.,,"Porto, Portugal 1914",,Instituto Geográfico e Cadastral (Portugal),,1914;,Lisboa : Missão hidrografica da Costa de Portugal;,Coasts -- Portugal -- Porto -- Maps.; Bathymetric maps.;,Europe;,Portugal;,,,,Porto;,"Relief shown by hachures and spot heights. Depths shown by isolines; Water is color coded to show sediment type.; Chart number ""32."";",,,,cartographic image,still image,Maps,Color;,"1:147,252 (W 9°40ʹ00ʺ--W 8°30ʹ00ʺ/N 41°11ʹ00ʺ--N 40°10ʹ00ʺ).;",,American Geographical Society Library - Maps,https://wisconsin-uwm.primo.exlibrisgroup.com/permalink/01UWI_ML/13nukll/alma991013439368102124,1 map : color ; 81 x 65 cm;,Portugal Chart 32 1914,Portuguese,"American Geographical Society Library, University of Wisconsin-Milwaukee Libraries",American Geographical Society Library Digital Map Collection,The Board of Regents of the University of Wisconsin System,agsmap029722,image/tif; Image/jp2,American Geographical Society Library Digital Map Collection,"Due to their file size, some maps may produce a proxy error when downloaded as a ""large"" file. In those cases, please contact us at digilib@uwm.edu to obtain a copy of the file.",Map shows 1900s coastal geology and underwater terrain off Portugal between Leixões and Cabo Mondego.,DP,2023-05-03,2026-06-26,http://cdm17272.contentdm.oclc.org/cdm/ref/collection/agdm/id/33275,33275,33278.jp2,/agdm/image/33278.jp2
"Costa occidental d'Africa, Provincia da Guiné, Esboço do Rio Corubal entre o Rio Geba e porto Ugui 1897 / Commissão de Cartographia ; levantado feitos em 1895 e 1896 por Ernesto T. d'Almeida Carvalho comte. da ""Flecha.""",,"Guinea-Bissau,Africa 1897",,Portugal. Comissão de Cartografia das Colónias.,,1897;,Lisbonne : Commissão de Cartographia;,Geba River -- Maps.; Rivers -- Guinea-Bissau -- Maps.;,Africa;,Guinea-Bissau;,,"Gêba, Rio (river);",,,"Depths shown by soundings.; North oriented to the upper left.; Includes ancillary map ""Costa occidental d'Africa, Provincia da Guiné, Esboço do Rio Petú Na parte SW da Ilha de Bissau."";",,,,cartographic image,still image,Maps,Grayscale;,"approximately 1:72,000. (W 15°13ʹ00ʺ--W 14°47ʹ00ʺ/N 12°03ʹ00ʺ--N 11°41ʹ00ʺ).;",,American Geographical Society Library - Maps,https://wisconsin-uwm.primo.exlibrisgroup.com/permalink/01UWI_ML/13nukll/alma991013439369402124,"1 map ; 39 x 39 cm, on sheet 48 x 71 cm;",Portugal Chart Guinea-Bissau Corubal River 1897,Portuguese,"American Geographical Society Library, University of Wisconsin-Milwaukee Libraries",American Geographical Society Library Digital Map Collection,The Board of Regents of the University of Wisconsin System,agsmap029728,image/tif; Image/jp2,American Geographical Society Library Digital Map Collection,"Due to their file size, some maps may produce a proxy error when downloaded as a ""large"" file. In those cases, please contact us at digilib@uwm.edu to obtain a copy of the file.",An 1897 Portuguese map traced the Rio Corubal river from the Rio Geba to Porto Ugui in Guinea-Bissau.,DP,2023-05-03,2026-06-26,http://cdm17272.contentdm.oclc.org/cdm/ref/collection/agdm/id/33276,33276,33267.jp2,/agdm/image/33267.jp2
"Oceano Atlántico, costa oeste de Portugal, plano hidrográficos da Baía de Cascais / actualizado em 1942 ; Ministério da Marinha Direcção de Hidrografia.",Arnaldo gravou em 1943.,"Cascais, Baia de,  Portugal 1943",,,Portugal. Direcção de Hidrografia e Navegação.;,1943;,Lisboa : Ministério da Marinha Direcção de Hidrografia;,Cascais Bay (Portugal) -- Maps.; Bathymetric maps.;,Europe;,Portugal;,,"Cascais, Baia de (bay);",,,"Relief shown by hachures. Depths shown by soundings, gradient tints and isolines.; Selected lights shown in yellow and red.; Includes 1 profile view, table and notes.; Chart number ""71."";",,,,cartographic image,still image,Maps,Color;,"1:10,000 (W 9°26ʹ59ʺ--W 9°21ʹ01ʺ/N 38°43ʹ36ʺ--N 38°39ʹ51ʺ).;",,American Geographical Society Library - Maps,https://wisconsin-uwm.primo.exlibrisgroup.com/permalink/01UWI_ML/13nukll/alma991013439367002124,1 map : color ; 45 x 59 cm;,Portugal Chart 71 1943,Portuguese,"American Geographical Society Library, University of Wisconsin-Milwaukee Libraries",American Geographical Society Library Digital Map Collection,The Board of Regents of the University of Wisconsin System,agsmap029711,image/tif; Image/jp2,American Geographical Society Library Digital Map Collection,"Due to their file size, some maps may produce a proxy error when downloaded as a ""large"" file. In those cases, please contact us at digilib@uwm.edu to obtain a copy of the file.",Nautical chart from 1943 displays Cascais Bay on Portugal's western Atlantic coast with depth contours and shoreline.,DP,2023-05-03,2026-06-26,http://cdm17272.contentdm.oclc.org/cdm/ref/collection/agdm/id/33277,33277,33268.jp2,/agdm/image/33268.jp2
"Costa occidental d'Africa, Provincia da Guiné, reconhecimento do Rio Cacheu 1897 / Commissão de Cartographia ; levantado em 1896 por Jayme Affreixo.",,"Cacheu River, Guinea-Bissau 1897",,Portugal. Comissão de Cartografia das Colónias.,"Affreixo, Jayme.",1897;,Lisbon : Commissão de Cartographia;,Cacheu River (Guinea-Bissau) -- Maps.; Rivers -- Guinea-Bissau -- Maps.; Nautical charts.;,Africa;,Guinea-Bissau;,,,,,Depths shown by soundings.; North oriented to the upper left.;,,,,cartographic image,still image,Maps,Grayscale;,Scales differ. (W 16°32ʹ48ʺ--W 15°00ʹ11ʺ/N 12°30ʹ34ʺ--N 12°04ʹ53ʺ);,,American Geographical Society Library - Maps,https://wisconsin-uwm.primo.exlibrisgroup.com/permalink/01UWI_ML/13nukll/alma991013439369302124,1 map in 3 segments ; on sheet 52 x 88 cm;,Portugal Chart Guinea-Bissau Cacheu River 1897,Portuguese,"American Geographical Society Library, University of Wisconsin-Milwaukee Libraries",American Geographical Society Library Digital Map Collection,The Board of Regents of the University of Wisconsin System,agsmap029729,image/tif; Image/jp2,American Geographical Society Library Digital Map Collection,"Due to their file size, some maps may produce a proxy error when downloaded as a ""large"" file. In those cases, please contact us at digilib@uwm.edu to obtain a copy of the file.",An 1897 Portuguese map shows the Cacheu River coastline and landmarks in Guinea-Bissau's western region.,DP,2023-05-03,2026-06-26,http://cdm17272.contentdm.oclc.org/cdm/ref/collection/agdm/id/33278,33278,33276.jp2,/agdm/image/33276.jp2
"Oceano Atlántico, Costa sul de Portugal, entre o Cabo de Santa Maria e o Rio Guadiana / levantamento efectuado em 1915 actualizado em 1937 ; gravada e impressa no Instituto Geográfico e Cadastral em 1940 ; Ministério da Marinha Direcção de Hidrografia.",,"Faro, Portugal 1940",,Instituto Geográfico e Cadastral (Portugal),Portugal. Direcção de Hidrografia e Navegação.,1940;,Lisboa : Instituto Geográfico e Cadastral;,Faro (Portugal) -- Maps.; Capes (Coasts) -- Portugal -- Maps.; Guadiana River (Spain and Portugal) -- Maps.; Coasts -- Portugal -- Maps.; Nautical charts.;,Europe;,Portugal;,,Faro;,,Faro;,"Relief shown by shading and spot heights. Depths shown by soundings and isolines.; Includes 2 inset maps and 2 tables.; Chart number ""8."";",,,,cartographic image,still image,Maps,Color;,"1:154,916. (W 8°20ʹ00ʺ--W 7°00ʹ00ʺ/N 37°20ʹ00ʺ--N 36°30ʹ00ʺ).;",,American Geographical Society Library - Maps,https://wisconsin-uwm.primo.exlibrisgroup.com/permalink/01UWI_ML/13nukll/alma991013439368502124,1 map : color ; 45 x 79 cm;,Portugal Chart 8 1940,Portuguese,"American Geographical Society Library, University of Wisconsin-Milwaukee Libraries",American Geographical Society Library Digital Map Collection,The Board of Regents of the University of Wisconsin System,agsmap029737,image/tif; Image/jp2,American Geographical Society Library Digital Map Collection,"Due to their file size, some maps may produce a proxy error when downloaded as a ""large"" file. In those cases, please contact us at digilib@uwm.edu to obtain a copy of the file.",Portuguese 1937 nautical chart maps the southern coast from Cabo de Santa Maria to the Guadiana River.,DP,2023-05-03,2026-06-26,http://cdm17272.contentdm.oclc.org/cdm/ref/collection/agdm/id/33325,33325,33330.jp2,/agdm/image/33330.jp2
"Honduras - Nicaragua transportation / Department of State, Map Division",,"Honduras & Nicaragua, North and Central America",,"United States. Department of State. Division of Map Intelligence and Cartography, cartographer.",,1947;,"Washington, D.C. : G.P.O. Department of State Service Office;",Transportation -- Honduras -- Maps.; Transportation -- Nicaragua -- Maps.; Honduras -- Maps.; Nicaragua -- Maps.;,North and Central America;,Honduras; Nicaragua;,,,,,"Includes location map and profile of the Pan American Highway.; ""10523.""; ""Highway data supplied by the U.S. Public Roads Administration."";",,,,cartographic image,still image,Maps,Color;,"1:1,815,000 (W 89°--W 83°/N 16°--N 11°).;",,American Geographical Society Library - Maps,https://wisconsin-uwm.primo.exlibrisgroup.com/permalink/01UWI_ML/13nukll/alma991013546766202124,1 map : color ; 37 x 41 cm;,222 D-1947,English,"American Geographical Society Library, University of Wisconsin-Milwaukee Libraries",American Geographical Society Library Digital Map Collection,The Board of Regents of the University of Wisconsin System,agsmap029739,image/tif; Image/jp2,American Geographical Society Library Digital Map Collection,"Due to their file size, some maps may produce a proxy error when downloaded as a ""large"" file. In those cases, please contact us at digilib@uwm.edu to obtain a copy of the file.","Vintage 1947 transportation map of Honduras and Nicaragua shows roads—paved highways, all-weather, and dry-season.",DP,2023-05-03,2026-06-26,http://cdm17272.contentdm.oclc.org/cdm/ref/collection/agdm/id/33326,33326,33333.jp2,/agdm/image/33333.jp2
"Oceano Atlántico, Africa Ocidental Portuguesa (Angola), carta hidrografica do Costa Lobito ao Cabo de Sta. Maria / levantamento efectuado pela Missão Hidrográfica da Colónia de Angola 1939 ; impressa no Instituto Geográfico e Cadastral 1941 ; Ministério das Colónias, Junta das Missões Geográficas e de Investigações Coloniais.",,"Benguela, Angola 1941",,Portugal. Junta de Investigações Coloniais.,Portugal. Missão Hidrográfica da Colónia de Angola.,1941;,Lisboa : Junta das Missões Geográficas e de Investigações Coloniais;,Lobito Bay (Angola) -- Maps.; Cabo de Santa Maria (Angola) -- Maps.; Coasts -- Angola -- Maps.; Nautical charts.;,Africa;,Angola;,Benguela;,"Santa Maria, Cabo (cape);",,,"Relief shown by hachures and spot heights. Depths shown by soundings and isolines.; Includes 5 inset maps, illustrations, profile view and 4 tables.; Chart number ""309."";",,,,cartographic image,still image,Maps,Color;,"1:200,000. (E 12°10ʹ00ʺ--E 13°50ʹ00ʺ/S 12°10ʹ00ʺ--S 13°10ʹ00ʺ);",,American Geographical Society Library - Maps,https://wisconsin-uwm.primo.exlibrisgroup.com/permalink/01UWI_ML/13nukll/alma991013439368602124,1 map : color ; 73 x 94 cm;,Portugal Chart 309 1941,Portuguese,"American Geographical Society Library, University of Wisconsin-Milwaukee Libraries",American Geographical Society Library Digital Map Collection,The Board of Regents of the University of Wisconsin System,agsmap029736,image/tif; Image/jp2,American Geographical Society Library Digital Map Collection,"Due to their file size, some maps may produce a proxy error when downloaded as a ""large"" file. In those cases, please contact us at digilib@uwm.edu to obtain a copy of the file.",A 1941 Portuguese nautical chart of Angola's coastline from Lobito Bay to Cabo de Santa Maria shows coastal waterways.,DP,2023-05-03,2026-06-26,http://cdm17272.contentdm.oclc.org/cdm/ref/collection/agdm/id/33327,33327,33331.jp2,/agdm/image/33331.jp2
"Oceano Indico, plano hydrographico do Rio dos Bons Signaes (Quelimane) 1910 / leventado pela Missao Hydrographica de Quelimane.",,"Rio dos Bons Sinais, Mozambique 1910",,,Portugal. Comissão de Cartografia das Colónias.,1910;,"Lisboa : Ministerio da Marinha e Ultramar, Comissão de Cartografia;",Rio dos Bons Sinais (Mozambique) -- Maps.; Rivers -- Mozambique -- Zambézia -- Maps.; Quelimane (Mozambique) -- Maps.;,Africa;,Mozambique;,Zambézia;,,,,"Depths shown by soundings.; Includes 2 profile views, notes and lighthouse illustrations.;",,,,cartographic image,still image,Maps,Grayscale;,"1:40,000. (E 36°49ʹ46ʺ--E 36°59ʹ54ʺ/S 17°51ʹ41ʺ--S 18°06ʹ20ʺ).;",,American Geographical Society Library - Maps,https://wisconsin-uwm.primo.exlibrisgroup.com/permalink/01UWI_ML/13nukll/alma991013439369102124,"1 map in 2 segments ; 90 x 40 cm, on sheet 54 x 73 cm;",Portugal Chart Mozambique Rio dos Bons Sinais 1910,Portuguese,"American Geographical Society Library, University of Wisconsin-Milwaukee Libraries",American Geographical Society Library Digital Map Collection,The Board of Regents of the University of Wisconsin System,agsmap029731,image/tif; Image/jp2,American Geographical Society Library Digital Map Collection,"Due to their file size, some maps may produce a proxy error when downloaded as a ""large"" file. In those cases, please contact us at digilib@uwm.edu to obtain a copy of the file.","A 1910 hydrological map shows Rio dos Bons Sinais near Quelimane, illustrating river channels and shoreline.",DP,2023-05-03,2026-06-26,http://cdm17272.contentdm.oclc.org/cdm/ref/collection/agdm/id/33328,33328,33325.jp2,/agdm/image/33325.jp2
"Oceano Indico, plano hidrografico do Porto e Barra da Beira / Levantado pelo Capitão tenente Engenheiro hidrografo Raul Nunes Frade e pelo primeiro tenente piloto aviador Carlos Gomes de Amorim Loureiro.",,"Beria, Mozambique 1930",,,"Loureiro, Carlos Gomes de Amorim, 1894-1966.   Companhia de Moçambique.",1930;,Mozambique Companhia de Moçambique;,Beira (Mozambique) -- Maps.;,Africa;,Mozambique;,Sofala;,,,Beria;,Depths shown by soundings and isolines.;  Includes notes and measurement conversion table.;  Selected lights shown in green and red.;,,,,cartographic image,still image,Maps,Grayscale;,"1:50,000. (E 34°39ʹ07ʺ--E 34°58ʹ44ʺ/S 19°47ʹ42ʺ--S 20°30ʹ03ʺ).;",,American Geographical Society Library - Maps,https://wisconsin-uwm.primo.exlibrisgroup.com/permalink/01UWI_ML/13nukll/alma991013439368802124,"1 map ; 71 x 68 cm, on sheet 81 x 75 cm;",Portugal Chart Mozambique Beira 1930,Spanish,"American Geographical Society Library, University of Wisconsin-Milwaukee Libraries",American Geographical Society Library Digital Map Collection,The Board of Regents of the University of Wisconsin System,agsmap029734 (s1-s2),image/tif; Image/jp2,American Geographical Society Library Digital Map Collection,"Due to their file size, some maps may produce a proxy error when downloaded as a ""large"" file. In those cases, please contact us at digilib@uwm.edu to obtain a copy of the file.",,DP,2023-05-17,2023-05-17,http://cdm17272.contentdm.oclc.org/cdm/ref/collection/agdm/id/33562,33562,33574.cpd,/agdm/image/33574.cpd
"Costa Oriental d'Africa, reconhecimento hydrographico e do Buzio com parte do curso d'este rio 1891.",,"Búzi River, Zimbabwe & Mozambique 1891",,Portugal. Ministério da Marinha e Ultramar.,,1891;,Lisboa : Ministério da Marinha e Ultramar;,Búzi River (Zimbabwe and Mozambique) -- Maps.; Rivers -- Zimbabwe -- Maps.; Rivers -- Mozambique -- Maps.; Nautical charts.;,Africa;,Mozambique; Zimbabwe;,,,,,Depths shown by soundings.;,,,,cartographic image,still image,Maps,Grayscale;,"approximately 1:60,000. (E 34°32ʹ02ʺ--E 34°55ʹ32ʺ/S 19°45ʹ42ʺ--S 19°55ʹ51ʺ);",,American Geographical Society Library - Maps,https://wisconsin-uwm.primo.exlibrisgroup.com/permalink/01UWI_ML/13nukll/alma991013439368702124,"1 map ; 38 x 55 cm, on sheet 44 x 55 cm;",Portugal Chart Mozambique Buzi River 1891,Portuguese,"American Geographical Society Library, University of Wisconsin-Milwaukee Libraries",American Geographical Society Library Digital Map Collection,The Board of Regents of the University of Wisconsin System,agsmap029735,image/tif; Image/jp2,American Geographical Society Library Digital Map Collection,"Due to their file size, some maps may produce a proxy error when downloaded as a ""large"" file. In those cases, please contact us at digilib@uwm.edu to obtain a copy of the file.","An 1891 Portuguese map illustrates the Búzi River in East Africa, highlighting its path, banks, and key sites including.",DP,2023-05-17,2026-06-26,http://cdm17272.contentdm.oclc.org/cdm/ref/collection/agdm/id/33564,33564,33553.jp2,/agdm/image/33553.jp2
"Costa Oriental d'Africa, Provincia de Moçambique, reconhecimento hydrographico do curso inferior dos rios Moma e Cocola / Comissão de Cartografia.",,"Mozambique, Africa 1904",,,Portugal. Comissão de Cartografia das Colónias.,1904;,Lisboa : Comissão de Cartografia;,Rivers -- Mozambique -- Moma District -- Maps.; Rivers -- Mozambique -- Maps.;,Africa;,Mozambique;,,,,,Depths shown by soundings.; Includes note.;,,,,cartographic image,still image,Maps,Grayscale;,"approximately 1:50,000. (E 39°13ʹ21ʺ--E 39°16ʹ32ʺ/S 16°44ʹ53ʺ--S 16°48ʹ30ʺ).;",,American Geographical Society Library - Maps,https://wisconsin-uwm.primo.exlibrisgroup.com/permalink/01UWI_ML/13nukll/alma991013439369002124,1 map ; 36 x 29 cm;,Portugal Chart Mozambique Moma River 1904,Portuguese,"American Geographical Society Library, University of Wisconsin-Milwaukee Libraries",American Geographical Society Library Digital Map Collection,The Board of Regents of the University of Wisconsin System,agsmap029732,image/tif; Image/jp2,American Geographical Society Library Digital Map Collection,"Due to their file size, some maps may produce a proxy error when downloaded as a ""large"" file. In those cases, please contact us at digilib@uwm.edu to obtain a copy of the file.",A 1904 Portuguese map depicts the lower stretches of Mozambique's Moma and Cocola rivers.,DP,2023-05-17,2026-06-26,http://cdm17272.contentdm.oclc.org/cdm/ref/collection/agdm/id/33567,33567,33554.jp2,/agdm/image/33554.jp2
"Costa Oriental d'Africa, Provincia de Moçambique, plano hydrographico da bahia do Mocambo / Commissão de cartographia ; L. Couceiro red. e des ; levantado em 1888 por Francisco Corrêa Leotte ... e J.D. Leotte do Rego ; Carvalho gr.",,"Mozambique, Africa 1890",,,"Couceiro, L.;  Leote, Francisco Correia.; Rego, Jaime Daniel Leote do.; Carvalho.; Portugal. Comissão de Cartografia das Colónias.;",1890;,Lisboa : Commissão de cartographia;,Rivers -- Mozambique -- Maps.;,Africa;,Mozambique;,,,,,Relief shown by hachures. Depths shown by soundings.;,,,,cartographic image,still image,Maps,Grayscale;,"1:40,000. (E 40°25ʹ17ʺ--E 40°37ʹ29ʺ/S 15°04ʹ07ʺ--S 15°13ʹ47ʺ).;",,American Geographical Society Library - Maps,https://wisconsin-uwm.primo.exlibrisgroup.com/permalink/01UWI_ML/13nukll/alma991013439368902124,1 map ; 41 x 58 cm;,Portugal Chart Mozambique Mocambo Bay 1890,Portuguese,"American Geographical Society Library, University of Wisconsin-Milwaukee Libraries",American Geographical Society Library Digital Map Collection,The Board of Regents of the University of Wisconsin System,agsmap029733,image/tif; Image/jp2,American Geographical Society Library Digital Map Collection,"Due to their file size, some maps may produce a proxy error when downloaded as a ""large"" file. In those cases, please contact us at digilib@uwm.edu to obtain a copy of the file.","An 1890s map from Mozambique's Cartographic Commission depicts Bahia do Mocambo's coast, rivers, and terrain.",DP,2023-05-17,2026-06-26,http://cdm17272.contentdm.oclc.org/cdm/ref/collection/agdm/id/33569,33569,33551.jp2,/agdm/image/33551.jp2
"El Salvador transportation / Department of State, Map Division.",,El Salvador 1947,,"United States. Department of State. Division of Map Intelligence and Cartography, cartographer.",,1947;,"Washington, D.C. : G.P.O. Department of State Service Office;",Transportation -- Honduras -- Maps.; Transportation -- Nicaragua -- Maps.; Honduras -- Maps.; Nicaragua -- Maps.;,North and Central America;,El Salvador; Honduras; Nicaragua; Guatemala;,,,,,"Includes location map and profile of the Pan American Highway.; ""10527.""; ""Highway data supplied by the U.S. Public Roads Administration."";",,,,cartographic image,still image,Maps,Color;,"1:740,000 (W 90°--W 88°/N 15°--N 13°).;",,American Geographical Society Library - Maps,https://wisconsin-uwm.primo.exlibrisgroup.com/permalink/01UWI_ML/13nukll/alma991013546766002124,1 map : color ; 33 x 44 cm;,224 D-1947,English,"American Geographical Society Library, University of Wisconsin-Milwaukee Libraries",American Geographical Society Library Digital Map Collection,The Board of Regents of the University of Wisconsin System,agsmap029757,image/tif; Image/jp2,American Geographical Society Library Digital Map Collection,"Due to their file size, some maps may produce a proxy error when downloaded as a ""large"" file. In those cases, please contact us at digilib@uwm.edu to obtain a copy of the file.",1947 State Department map showing El Salvador's roads and rail lines labeled with company names.,DP,2023-05-24,2026-06-26,http://cdm17272.contentdm.oclc.org/cdm/ref/collection/agdm/id/33710,33710,33706.jp2,/agdm/image/33706.jp2
Ethiopia.,,"Ethiopia, Africa 1972",Central Intelligence Agency map series,"United States. Central Intelligence Agency, corporate author.",,1972;,"Washington, DC : Central Intelligence Agency;",Ethiopia -- Maps.; Ethiopia -- Economic conditions -- Maps.; Ethiopia -- Population -- Maps.; Ethnology -- Ethiopia -- Maps.; Phytogeography -- Ethiopia -- Maps.;,Africa;,Ethiopia;,,,,,"Relief shown by shading and spot heights.; ""500824 9-72.""; Maps in margin: Population and ethnic groups.--Economic activity.--Vegetation.;",,"Includes inset maps showing Population and Ethnic Groups, Economic Activity and Vegetation.;",,cartographic image,still image,Maps,Color;,"1:4,070,000 (E 36°--E 48°/N 16°--N 4°).;",,American Geographical Society Library - Maps,https://wisconsin-uwm.primo.exlibrisgroup.com/permalink/01UWI_ML/13nukll/alma991013488472802124,1 map : color ; 42 x 45 cm;,351 A-[1972],English,"American Geographical Society Library, University of Wisconsin-Milwaukee Libraries",American Geographical Society Library Digital Map Collection,The Board of Regents of the University of Wisconsin System,agsmap029770,image/tif; Image/jp2,American Geographical Society Library Digital Map Collection,"Due to their file size, some maps may produce a proxy error when downloaded as a ""large"" file. In those cases, please contact us at digilib@uwm.edu to obtain a copy of the file.","A topographical map of Ethiopia from 1972 highlights its terrain, cities, and population activity via inset charts.",DP,2023-05-24,2026-06-26,http://cdm17272.contentdm.oclc.org/cdm/ref/collection/agdm/id/33712,33712,33708.jp2,/agdm/image/33708.jp2
"""Geographia"" war map of Ethiopia (Abyssinia) / produced under the direction of Alexander Gross.",,Ethiopia 1935,,"Gross, Alexander, 1879-1958.",,1935;,New York : Geographia,Ethiopia -- Maps.; Africa -- Maps,Africa,Ethiopia,,,,,"Relief shown by spot heights. Includes map of Africa with 2 insets, and 2 ancillary maps.; Panel title with illustration on verso.;",,,,cartographic image,still image,Maps,Color;,"approximately 1:2,300,000 (E 36°--E 50°/N 18°--N 0°).; Scale approximately 17,000,000.;",,American Geographical Society Library - Maps,https://wisconsin-uwm.primo.exlibrisgroup.com/permalink/01UWI_ML/13nukll/alma991013486170802124,2 maps on 1 sheet : color ; on sheet 63 x 96 cm,351 B-1935,English,"American Geographical Society Library, University of Wisconsin-Milwaukee Libraries",American Geographical Society Library Digital Map Collection,The Board of Regents of the University of Wisconsin System,agsmap029767 (a-b),image/tif; Image/jp2,American Geographical Society Library Digital Map Collection,"Due to their file size, some maps may produce a proxy error when downloaded as a ""large"" file. In those cases, please contact us at digilib@uwm.edu to obtain a copy of the file.",,DP,2023-05-24,2026-02-04,http://cdm17272.contentdm.oclc.org/cdm/ref/collection/agdm/id/33717,33717,33721.cpd,/agdm/image/33721.cpd
Geologische Karte von Preussen und benachbarten Bundesstaaten Übersicht des Kartengebietes der geologischen Karte von Preusen und benachbarten Bundesstaaten / Im Vertrieb bei der Königlich Pressischen Geologischen Landesanstalt.,,"Prussia, Germany 1912",,Germany. Reichsamt für Landesaufnahme.,Preussische Geologische Landesanstalt.  Germany. Reichsamt für Bodenforschung.,1912;,Berlin : Koniglich Preussischen Geologischen Landesanstalt;,Index maps.; Geology -- Germany -- Prussia -- Maps.; Geology -- Germany -- Maps.; Prussia (Germany) -- Maps.; Germany -- Maps.;,Europe;,Germany;,,,,,"Indexes to 1:25,000 geologic map set showing sheet coverage and sheets published or in progress.; Includes inset maps.;",,Übersicht des Kartengebietes der geologischen Karte von Preusen und benachbarten Bundesstaaten -- Übersicht der Blatteinteilung der Westhälfte des Kartengebietes -- Übersicht der Blatteinteilung der Osthälfte des Kartengebietes.;,,cartographic image,still image,Maps,Grayscale;,"approximately 1:4,000,000. (E 5°51ʹ00ʺ--E 15°02ʹ00ʺ/N 55°05ʹ00ʺ--N 47°16ʹ00ʺ).  approximately 1:1,000,000. (E 5°51ʹ00ʺ--E 15°02ʹ00ʺ/N 55°05ʹ00ʺ--N 47°16ʹ00ʺ).",,American Geographical Society Library - Maps,https://wisconsin-uwm.primo.exlibrisgroup.com/permalink/01UWI_ML/13nukll/alma991013486171102124,3 maps on 2 sheets ; sheets 60 x 59 cm,"640-b G-1:25,000 Index",German,"American Geographical Society Library, University of Wisconsin-Milwaukee Libraries",American Geographical Society Library Digital Map Collection,The Board of Regents of the University of Wisconsin System,agsmap029764,image/tif; Image/jp2,American Geographical Society Library Digital Map Collection,"Due to their file size, some maps may produce a proxy error when downloaded as a ""large"" file. In those cases, please contact us at digilib@uwm.edu to obtain a copy of the file.",A 1912 geological map shows Prussia and nearby German states divided by sheet divisions for detailed guide charts.,DP,2023-06-05,2026-06-26,http://cdm17272.contentdm.oclc.org/cdm/ref/collection/agdm/id/33734,33734,33737.jp2,/agdm/image/33737.jp2
"Map of Caledonia County, Vermont / from actual surveys under the direction of H.F. Walling, 1858.",,"Caledonia County, Vermont 1858",,"Map of Caledonia County, Vermont / from actual surveys under the direction of H.F. Walling, 1858.",,1858;,New York : Baker & Tilden;,Caledonia County (Vt.) -- Maps.;  Landowners -- Vermont -- Caledonia County -- Maps.;  Real property -- Vermont -- Caledonia County -- Maps.;,North and Central America;,,Vermont;,,Caledonia county,,"Relief shown by hachures.;  Includes 33 inset maps, illustrations, distance table, statistics table and directories.;  ""Entered according to Act of Congress A.D. 1858 by H. F. Walling in the Clerks Office o the District of Massachusetts."";",,,,cartographic image,still image,Maps,Color;,"1:50,000 (E 072°30ʹ00ʺ--E 071°45ʹ00ʺ/N 42°45ʹ00ʺ--N 42°10ʹ00ʺ).;",,American Geographical Society Library - Maps,https://wisconsin-uwm.primo.exlibrisgroup.com/permalink/01UWI_ML/13nukll/alma991013462769602124,1 map : color ; x 132 cm;,884-c .C34 A-1858,English,"American Geographical Society Library, University of Wisconsin-Milwaukee Libraries",American Geographical Society Library Digital Map Collection,The Board of Regents of the University of Wisconsin System,agsmap030070 (s1-s4),image/tif; Image/jp2,American Geographical Society Library Digital Map Collection,"Due to their file size, some maps may produce a proxy error when downloaded as a ""large"" file. In those cases, please contact us at digilib@uwm.edu to obtain a copy of the file.",,DP,2023-06-12,2023-06-12,http://cdm17272.contentdm.oclc.org/cdm/ref/collection/agdm/id/33796,33796,33811.cpd,/agdm/image/33811.cpd
Map of Virginia and West Virginia / constructed on the rectangular tangential projection by J.H. Waddell ; prepared under the instructions of M.F. Maury.,,"Virginia and West Virginia, United States 1869?",,"Waddell, J. H.","Maury, Matthew Fontaine, 1806-1873.",1869;,New York? : D. Van Nostrand?;,Virginia -- Maps -- 19th century.; West Virginia -- Maps -- 19th century.;,North and Central America;,,Virginia; West Virginia;,,,,"Relief shown by hachures and spot heights.; Prime meridians: Washington and Greenwich.; From: Physical survey of Virginia by M.F. Maury, 1869.;",,,,cartographic image,still image,Maps,Color;,"approximately 1:880,000 (W 83°30ʹ--W 75°30ʹ/N 40°30ʹ--N 36°30ʹ).;",,American Geographical Society Library - Maps,https://wisconsin-uwm.primo.exlibrisgroup.com/permalink/01UWI_ML/13nukll/alma991013462769002124,1 map : hand colored ; 56 x 88 cm;,890 A-[1869],English,"American Geographical Society Library, University of Wisconsin-Milwaukee Libraries",American Geographical Society Library Digital Map Collection,The Board of Regents of the University of Wisconsin System,agsmap030080,image/tif; Image/jp2,American Geographical Society Library Digital Map Collection,"Due to their file size, some maps may produce a proxy error when downloaded as a ""large"" file. In those cases, please contact us at digilib@uwm.edu to obtain a copy of the file.","An 1869 county map of Virginia and West Virginia displaying borders, rivers, and a rectangular tangential projection.",DP,2023-06-12,2026-06-26,http://cdm17272.contentdm.oclc.org/cdm/ref/collection/agdm/id/33806,33806,33770.jp2,/agdm/image/33770.jp2
"Persian Gulf and adjacent countries / Topographical Section, General Staff.",,"Persian Gulf, Iran 1911",T.S.G.S. (Series) ; no. 2385.,Great Britain. War Office. General Staff. Topographical Section.;,,1911;,London? : War Office;,Middle East -- Maps.; Iran -- Maps.; Persian Gulf Region -- Maps.;,Asia;,Iran;,,Persian Gulf;,,,"Relief shown by spot heights.; ""War Office, June 1908, Additions April 1911.""; Loaned by the American Geographical Society to the Peace Conference at Versailles, 1918-1919.;",,,,cartographic image,still image,Maps,Color;,"1:4,055,040 or 64 mi. to 1 in. (E 42°--E 70°/N 40°--N 15°).;",,American Geographical Society Library - Maps,https://wisconsin-uwm.primo.exlibrisgroup.com/permalink/01UWI_ML/13nukll/alma9917335593402124,"1 map : color, mounted on linen ; 74 x 59 cm.;",401 A-1911,English,"American Geographical Society Library, University of Wisconsin-Milwaukee Libraries",American Geographical Society Library Digital Map Collection,The Board of Regents of the University of Wisconsin System,agsmap030092,image/tif; Image/jp2,American Geographical Society Library Digital Map Collection,"Due to their file size, some maps may produce a proxy error when downloaded as a ""large"" file. In those cases, please contact us at digilib@uwm.edu to obtain a copy of the file.","Vintage 1911 British topographic map of the Persian Gulf and parts of Iran, Turkey, Arabia, and Afghanistan.",DP,2023-06-19,2026-06-26,http://cdm17272.contentdm.oclc.org/cdm/ref/collection/agdm/id/33820,33820,33826.jp2,/agdm/image/33826.jp2
Carte de la Turquie d'Asie (moins l'Arabie) / dessiné et héliogravé au Service géographique de l'Armée.,,"Turkey, Asia 1897",,France. Armée. Service géographique.,,1897;,Paris? : Service géographique de l'Armée;,Turkey -- Maps.;,Asia;,Turkey;,,,,,"Black line print; annotated.; This is a photocopy of 8 sheets, spliced together as one and annotated.; Relief shown by shading and spot heights.; Includes list of provinces and their capitals, glossary of generic terms translated from Arabic and Persian and 4 inset maps.; Insets: Plan de Jérusalem -- Plan d'Alep -- Plan de Damas -- Plan de Beyrouth.;",,,,cartographic image,still image,Maps,Color;,"1:1,000,000 (E 23°--E 42°/N 42°--N 29°).;",,American Geographical Society Library - Maps,https://wisconsin-uwm.primo.exlibrisgroup.com/permalink/01UWI_ML/1dmapte/alma991013635969602124,1 map : photocopy ; 93 x 106 cm;,410 B-[1897],French,"American Geographical Society Library, University of Wisconsin-Milwaukee Libraries",American Geographical Society Library Digital Map Collection,The Board of Regents of the University of Wisconsin System,agsmap030096,image/tif; Image/jp2,American Geographical Society Library Digital Map Collection,"Due to their file size, some maps may produce a proxy error when downloaded as a ""large"" file. In those cases, please contact us at digilib@uwm.edu to obtain a copy of the file.","An 1897 French military map shows Asian Turkey's borders, rivers, and key cities—excluding Arabia.",DP,2023-06-19,2026-06-26,http://cdm17272.contentdm.oclc.org/cdm/ref/collection/agdm/id/33822,33822,33825.jp2,/agdm/image/33825.jp2
Mapa ecológico de El Salvador / preparado por el L.R. Holdridge.,,El Salvador 1959,,"Holdridge, L. R. (Leslie Rensselaer), 1907-",Inter-American Institute of Agricultural Sciences.  Organization of American States.,1959;,"San Jose, Costa Rica : Instituto Interamericano de Ciencias Agricolas de la Organización de Estados Americanos;",Plant ecology -- El Salvador -- Maps.; Phytogeography -- El Salvador -- Maps.; Life zones -- El Salvador -- Maps.;,North and Central America;,El Salvador;,,,,,"""Clave"" shows: Regiónes, Pisos altitudinales, Relación de evapotranspiración, Temperatura media anual en grados centigrados, Precipitación total por año en milimetros.; ""Proyecto 39--Programa de cooperación tecnica."";",,,,cartographic image,still image,Maps,Color;,"1:1,000,000 (W 90°21ʹ31ʺ--W 87°22ʹ5ʺ/N 14°47ʹ9ʺ--N 13°).;",,American Geographical Society Library - Maps,https://wisconsin-uwm.primo.exlibrisgroup.com/permalink/01UWI_ML/13nukll/alma991013546767002124,"1 map : color ; 20 x 32 cm, on sheet 54 x 37 cm;",224 E-1959,Spanish,"American Geographical Society Library, University of Wisconsin-Milwaukee Libraries",American Geographical Society Library Digital Map Collection,The Board of Regents of the University of Wisconsin System,agsmap030102,image/tif; Image/jp2,American Geographical Society Library Digital Map Collection,"Due to their file size, some maps may produce a proxy error when downloaded as a ""large"" file. In those cases, please contact us at digilib@uwm.edu to obtain a copy of the file.","A map illustrates El Salvador's life zones, plant communities, and climate relationships devised by Dr. Holdridge.",DP,2023-06-19,2026-06-26,http://cdm17272.contentdm.oclc.org/cdm/ref/collection/agdm/id/33827,33827,33838.jp2,/agdm/image/33838.jp2
"Virginia / published b Thomas & Andrews ; Hill, sc.",,"Virginia, United States 1796",,"Hill, Samuel, approximately 1766-1804.",Thomas & Andrews.,1796;,Boston : Thomas & Andrews;,Virginia -- Maps.;,North and Central America;,,Virginia;,,,,"Relief shown pictorially.; From: The American universal geography / Jedidiah Morse. 3rd ed., 1796.; Prime meridians: London and Philadelphia.;",,,,cartographic image,still image,Maps,Grayscale;,"[ca. 1:4,118,400] (W 83°--W 75°/N 41°--N 37°).;",,American Geographical Society Library - Maps,https://wisconsin-uwm.primo.exlibrisgroup.com/permalink/01UWI_ML/13nukll/alma991013462767802124,1 map ; 14 x 18 cm;,890 B-[1796],English,"American Geographical Society Library, University of Wisconsin-Milwaukee Libraries",American Geographical Society Library Digital Map Collection,The Board of Regents of the University of Wisconsin System,agsmap030097,image/tif; Image/jp2,American Geographical Society Library Digital Map Collection,"Due to their file size, some maps may produce a proxy error when downloaded as a ""large"" file. In those cases, please contact us at digilib@uwm.edu to obtain a copy of the file.","A 1796 map shows Virginia's borders and parts of Pennsylvania, North Carolina, West Territory, and mountainous areas.",DP,2023-06-19,2026-06-26,http://cdm17272.contentdm.oclc.org/cdm/ref/collection/agdm/id/33831,33831,33839.jp2,/agdm/image/33839.jp2
"Virginia, Maryland, and Delaware 1839 / engraved & published by H.S. Tanner.",,United States 1839,,"Tanner, Henry Schenck, 1786-1858, cartographer.",,1839;,Philadelphia : Engraved & published by H.S. Tanner;,Virginia -- Maps.; Maryland -- Maps.; Delaware -- Maps.;,North and Central America;,,Virginia; Delaware; Maryland;,,,,"Relief shown by hachures.; Includes notes.; ""Entered according to Act of Congress in the year 1839 by H.S. Tanner in the Clerks Office of the Eastern District of Pennsylvania.""; Prime meridians: Washington and Greenwich.;",,,,cartographic image,still image,Maps,Color;,"approximately 1:1,000,000 (W 83°20ʹ--W 74°40ʹ/N 40°50ʹ--N 36°00ʹ).;",,American Geographical Society Library - Maps,https://wisconsin-uwm.primo.exlibrisgroup.com/permalink/01UWI_ML/13nukll/alma991013462768202124,1 map : hand colored ; 52 x 74 cm;,890 B-1839,English,"American Geographical Society Library, University of Wisconsin-Milwaukee Libraries",American Geographical Society Library Digital Map Collection,The Board of Regents of the University of Wisconsin System,agsmap030108,image/tif; Image/jp2,American Geographical Society Library Digital Map Collection,"Due to their file size, some maps may produce a proxy error when downloaded as a ""large"" file. In those cases, please contact us at digilib@uwm.edu to obtain a copy of the file.","1839 map by H. S. Tanner depicts Virginia, Maryland, and Delaware counties plus major rivers.",DP,2023-06-19,2026-06-26,http://cdm17272.contentdm.oclc.org/cdm/ref/collection/agdm/id/33832,33832,33833.jp2,/agdm/image/33833.jp2
Map of United Armenia and Adjacent Countries / by The New Armenia Publishing Co. ; Drawn by Geo. W. Rappold.,,"Armenia, Asia 1917",,,,1917;,"New York, New York : The New Armenia Publishing Co.;",Armenia -- Maps.;  Turkey -- Maps.;,Asia;,Armenia; Turkey;,,,,,"""The New Armenia"" magazine cover on verso dated December 1917, vol. IX, no. 22.  ""Loaned by the American Geographical Society to the Peace Conference at Versailles, 1918-1919."" -- stamped.",,,,cartographic image,still image,Maps,Grayscale;,"approximately 1:10,000,000 (E 21°59ʹ00ʺ--E 51°04ʹ00ʺ/N 45°10ʹ00ʺ--N 30°12ʹ00ʺ).;",,American Geographical Society Library - Maps,https://wisconsin-uwm.primo.exlibrisgroup.com/permalink/01UWI_ML/13nukll/alma991013635969902124,"1 map ; 18 x 26 cm, on sheet 23 x 33 cm;",483 B-1917,English,"American Geographical Society Library, University of Wisconsin-Milwaukee Libraries",American Geographical Society Library Digital Map Collection,The Board of Regents of the University of Wisconsin System,agsmap030094 (a-b),image/tif; Image/jp2,American Geographical Society Library Digital Map Collection,"Due to their file size, some maps may produce a proxy error when downloaded as a ""large"" file. In those cases, please contact us at digilib@uwm.edu to obtain a copy of the file.",,DP,2023-06-26,2023-06-26,http://cdm17272.contentdm.oclc.org/cdm/ref/collection/agdm/id/33839,33839,33845.cpd,/agdm/image/33845.cpd
"Bartholomew's map of Asia Minor, Egypt, Mesopotamia and Persia / Edinburgh Geographical Establishment.",,Middle East 1914?,,Edinburgh Geographical Institute.,John Bartholomew & Co.,1914;,Edinburgh Scotland : John Bartholomew & Co.;,Middle East -- Maps.;  Turkey -- Maps.;  Egypt -- Maps.;  Iraq -- Maps.;  Iran -- Maps.;,Asia;,Turkey; Egypt; Iraq; Iran;,,,,,"Relief shown by gradient tints, depth shown by bathymetric tints.;  Loaned by the American Geographical Society to the Peace Conference at Versailles, 1918-1919.;",,,,cartographic image,still image,Maps,Color;,"1:4,000,000. 63.1 English miles to an in. (E 26°--E 62°/N 42°--N 24°).;",,American Geographical Society Library - Maps,https://wisconsin-uwm.primo.exlibrisgroup.com/permalink/01UWI_ML/13nukll/alma9917333853402124,"1 map : color, mounted on linen ; 53 x 86 cm;",401 A-[1914?],English,"American Geographical Society Library, University of Wisconsin-Milwaukee Libraries",American Geographical Society Library Digital Map Collection,The Board of Regents of the University of Wisconsin System,agsmap030091 (a-b),image/tif; Image/jp2,American Geographical Society Library Digital Map Collection,"Due to their file size, some maps may produce a proxy error when downloaded as a ""large"" file. In those cases, please contact us at digilib@uwm.edu to obtain a copy of the file.",,DP,2023-06-26,2023-06-26,http://cdm17272.contentdm.oclc.org/cdm/ref/collection/agdm/id/33845,33845,33851.cpd,/agdm/image/33851.cpd
India and adjacent countries / engraved at the Survey of India Office.,,"India, Asia 1915",,Survey of India.,,1915;,Dehra Dun : Survey of India;,India -- Maps.;  Pakistan -- Maps.;  Afghanistan -- Maps.;  Burma -- Maps.;  India -- Administrative and political divisions -- Maps.;  Pakistan -- Administrative and political divisions -- Maps.;  Afghanistan -- Administrative and political divisions -- Maps.;  Burma -- Administrative and political divisions -- Maps.;,Asia;,India; Pakistan; Afghanistan; Burma;,,,,,"Relief shown by spot heights.;  Shows areas under British control, native states, tribal areas and foreign possessions in India.;  ""Published under the direction Colonel Sir S. G. Burrard ... Surveyor General of India.;  ""Reg. no. 980. D. 07. S.I."";  Sheets of library copy trimmed and mounted together on linen as 1 large map.;  Loaned by the American Geographical Society to the Peace Conference at Versaille, 1918-1919.;",,,,cartographic image,still image,Maps,Color;,"1:2,027,520 ; conic proj. (E 59°--E 102°/N 39°--N 5°).;",,American Geographical Society Library - Maps,https://wisconsin-uwm.primo.exlibrisgroup.com/permalink/01UWI_ML/13nukll/alma9917340843402124,1 map on 12 sheets : color ; sheets 62 x 52 cm,430 B-1915a,English,"American Geographical Society Library, University of Wisconsin-Milwaukee Libraries",American Geographical Society Library Digital Map Collection,The Board of Regents of the University of Wisconsin System,agsmap030110 (s1-s2),image/tif; Image/jp2,American Geographical Society Library Digital Map Collection,"Due to their file size, some maps may produce a proxy error when downloaded as a ""large"" file. In those cases, please contact us at digilib@uwm.edu to obtain a copy of the file.",,DP,2023-06-26,2023-06-26,http://cdm17272.contentdm.oclc.org/cdm/ref/collection/agdm/id/33854,33854,33859.cpd,/agdm/image/33859.cpd
Kingston-Port-au-Prince / Compiled and drawn by the American Geographical Society.,"1955, with corrections 1959. Copyright 1960.","Kingston and Port-au-Prince, Jamaica and Haiti 1960",,American Geographical Society of New York.,,1960;,New York : American Geographical Society of New York;,Jamaica -- Maps.; Haiti -- Maps.; Kingston (Jamaica) -- Maps.; Port-au-Prince (Haiti) -- Maps.;,North and Central America;,Haiti; Jamaica;,,,Surrey;,Port-au-Prince; Kingston;,"Relief shown by contours, gradient tints and spot heights. Depth shown by soundings, gradient tints and isolines.; Includes definitions and abbreviations table, synoptical index diagram, adjoining sheets diagram and relative reliability diagram.; ""Copyright 1960 by the American Geographical Society of New York.""; International map of the world sheet: NE-18 (not printed on map).;",,,,cartographic image,still image,Maps,Color;,"1:1,000,000 ; Modified polyconic projection (W 78°30ʹ00ʺ--W 72°00ʹ00ʺ/N 20°00ʹ00ʺ--N 16°00ʹ00ʺ).;",,American Geographical Society Library - Maps,https://wisconsin-uwm.primo.exlibrisgroup.com/permalink/01UWI_ML/13nukll/alma991013669665802124,"1 map : color ; 47 x 72 cm, on sheet 67 x 82 cm;","050-b A-1:1,000,000 NE-18",English,"American Geographical Society Library, University of Wisconsin-Milwaukee Libraries",American Geographical Society Library Digital Map Collection,The Board of Regents of the University of Wisconsin System,agsmap030135,image/tif; Image/jp2,American Geographical Society Library Digital Map Collection,"Due to their file size, some maps may produce a proxy error when downloaded as a ""large"" file. In those cases, please contact us at digilib@uwm.edu to obtain a copy of the file.",Map titled 'Kingston-Port-au-Prince' displays Jamaica and Haiti with key cities labeled.,DP,2023-07-17,2026-06-26,http://cdm17272.contentdm.oclc.org/cdm/ref/collection/agdm/id/33886,33886,33888.jp2,/agdm/image/33888.jp2
"Rio Mira - Islas Galapagos : South America 1:1,000,000 / compiled and drawn by the American Geographical Society of New York ; photo-lithographed and printed by A. Hoen and Company, Baltimore.",Provisional edition.,"Galápagos Islands, Ecuador 1927",,American Geographical Society of New York,A. Hoen & Co.,1927;,New York : American Geographical Society of New York,Galapagos Islands -- Maps.; Geology -- Ecuador -- Galapagos Islands -- Maps.; South America -- Maps.;,South America;,Ecuador;,Galápagos;,"Colón, Archipiélago de (island group)",,,"Relief shown by contours and spot heights. Depth shown by soundings and isolines.; ""Published with the co-operation of Señor Carlos M. Larrea, the Sociedad Geográfica de Quito, and the Academia Nacional de Historia of Ecuador.""; Includes inset map of Archipélago de Galápagos (Colón), synoptical index, relative reliability diagram, index to adjoining sheets, note, definitions and abbreviations table and legend.; ""N. A-17."";",,,,cartographic image,still image,Maps,Color;,"1:1,000,000 (W 84°--W 78°/N 4°--N 0°).",,American Geographical Society Library - Maps,https://wisconsin-uwm.primo.exlibrisgroup.com/permalink/01UWI_ML/13nukll/alma991013669665902124,1 map : color ; 45 x 67 cm,"050-b A-1:1,000,000 NA-17 1927 uncolored",English; Spanish,"American Geographical Society Library, University of Wisconsin-Milwaukee Libraries",American Geographical Society Library Digital Map Collection,The Board of Regents of the University of Wisconsin System,agsmap030136,image/tif; Image/jp2,American Geographical Society Library Digital Map Collection,"Due to their file size, some maps may produce a proxy error when downloaded as a ""large"" file. In those cases, please contact us at digilib@uwm.edu to obtain a copy of the file.",A 1927 geological map details the Galápagos Islands and Ecuador's Río Mira area in South America.,DP,2023-07-17,2026-06-26,http://cdm17272.contentdm.oclc.org/cdm/ref/collection/agdm/id/33889,33889,33883.jp2,/agdm/image/33883.jp2
"West Indies 1:1,000,000, Kingston--Port-au-Prince / compiled and drawn by the American Geographical Society of New York ; photo-lithographed and printed by A. Hoen and Company, Baltimore.",Provisional edition.,"Jamaica & Haiti, West Indies 1947, 1940",,American Geographical Society of New York.,A. Hoen & Co.,1940;,New York : American Geographical Society of New York;,Jamaica -- Maps.; Haiti -- Maps.; West Indies -- Maps.;,North and Central America;,Haiti; Jamaica;,,,,,"Relief shown by contours, hypsometric tints and spot heights. Depth shown by soundings and isolines.; ""Revised VIII, '47.""; Includes synoptical index, relative reliability diagram, index to adjoining sheets, note and legend.; ""N. E-18."";",,,,cartographic image,still image,Maps,Color;,"1:1,000,000 (W 78°30ʹ--W 72°/N 20°--N 16°).;",,American Geographical Society Library - Maps,https://wisconsin-uwm.primo.exlibrisgroup.com/permalink/01UWI_ML/13nukll/alma991013671970602124,1 map : color ; 45 x 70 cm;,"050-b A-1:1,000,000 NE18 1947",English; French; Spanish;,"American Geographical Society Library, University of Wisconsin-Milwaukee Libraries",American Geographical Society Library Digital Map Collection,The Board of Regents of the University of Wisconsin System,agsmap030134,image/tif; Image/jp2,American Geographical Society Library Digital Map Collection,"Due to their file size, some maps may produce a proxy error when downloaded as a ""large"" file. In those cases, please contact us at digilib@uwm.edu to obtain a copy of the file.","A topographic and bathymetric map highlights the West Indies' terrain, elevations, and underwater depths between Kingston.",DP,2023-07-24,2026-06-26,http://cdm17272.contentdm.oclc.org/cdm/ref/collection/agdm/id/33897,33897,33902.jp2,/agdm/image/33902.jp2
"South America 1:1,000,000. Lima / compiled and drawn by the American Geographical Society of New York ; photo-lithographed and printed by A. Hoen and Company.",Provisional edition.,"Lima, Peru 1941","International map of the world 1:1,000,000. South America ; sheet SD 18.",American Geographical Society of New York.,,1941;,"New York, NY : American Geographical Society of New York;",Peru -- Maps.; South America -- Maps.; Pacific Coast (Peru) -- Maps.;,South America;,Peru;,,"Lima, Region de (region (administrative division));",,Lima;,"Relief indicated by contours and spot heights. Depths shown by isolines, soundings and gradient tints.; Shows boundaries, highways and roads, railways, airports, rivers and water features and other details.; ""1938, Roads revised, December 1941.""; Includes index to adjoining sheets, reliability diagram, synoptical index, pronunciation guide and definitions and abbreviations guide.; ""From surveys and other data to be discussed in a forthcoming publication.""; Differs from similar edition; lacks coloring for relief and diagram insets.;",,,,cartographic image,still image,Maps,Color;,"1:1,000,000. 1 mm. = 1 km. or 1 in. = 15.78 mi. ; [conic proj.] (W 78°--W 72°/S 12°--S 17°).;",,American Geographical Society Library - Maps,https://wisconsin-uwm.primo.exlibrisgroup.com/permalink/01UWI_ML/13nukll/alma991013671970502124,1 map : color ; 64 x 83 cm;,"050-b A-1:1,000,000 SD18",English; Spanish;,"American Geographical Society Library, University of Wisconsin-Milwaukee Libraries",American Geographical Society Library Digital Map Collection,The Board of Regents of the University of Wisconsin System,agsmap030133,image/tif; Image/jp2,American Geographical Society Library Digital Map Collection,"Due to their file size, some maps may produce a proxy error when downloaded as a ""large"" file. In those cases, please contact us at digilib@uwm.edu to obtain a copy of the file.","1941 map shows Lima, Peru's coastlines, mountains, cities, climate, and terrain features.",DP,2023-07-24,2026-06-26,http://cdm17272.contentdm.oclc.org/cdm/ref/collection/agdm/id/33898,33898,33901.jp2,/agdm/image/33901.jp2
"Map of the province of Canada, and the lower colonies : shewing the connection by steam navigation with New York, Pennsylvania, Ohio, Indiana, Illinois, Michigan, Wisconsin & Minnesota, and with Europe by the route of the River St. Lawrence and the Great Lakes, shewing also the connections by railways & canals with New England, Mississippi & Missouri Rivers, Iowa & Nebraska / prepared for the Canadian Commissioners of the Paris Exhibition by Thos. C. Keefer.",,"Canada, Eastern 1855",,"Keefer, Thomas C., 1821-1915, cartographer.","Matthews, George, approximately 1816-1864, lithographer.  Exposition universelle de Paris en 1855.",1855;,Montreal : Matthews' Lith.;,"Transportation -- Canada, Eastern -- Maps.;  Railroads -- Canada, Eastern -- Maps.;  Transportation -- Northeastern States -- Maps.;  Transportation -- Great Lakes Region (North America) -- Maps.;  Canada, Eastern -- Maps.;  Saint Lawrence River Valley -- Maps.;  Great Lakes Region (North America) -- Maps.;  Northeastern States -- Maps.;",North and Central America;,Canada;,,Great Lakes Region;,,,"Oriented with North to the upper right.;  Inset: Profile of St. Lawrence River & lake navigation from Anticosti to Fond-du-Lac, Lake Superior, 2000 miles.;  Shows railways in operation, in progress and proposed, as well as canals.;",,,,cartographic image,still image,Maps,Grayscale;,(W 92°35ʹ00ʺ--W 51°32ʹ00ʺ/N 52°44ʹ00ʺ--N 35°59ʹ00ʺ).;,,American Geographical Society Library - Maps,https://wisconsin-uwm.primo.exlibrisgroup.com/permalink/01UWI_ML/13nukll/alma991013544770402124,1 map ; 63 x 97 cm on linen sheet 67 x 102 cm;,120 B-1855,English,"American Geographical Society Library, University of Wisconsin-Milwaukee Libraries",American Geographical Society Library Digital Map Collection,The Board of Regents of the University of Wisconsin System,agsmap030141 (s1-s2),image/tif; Image/jp2,American Geographical Society Library Digital Map Collection,"Due to their file size, some maps may produce a proxy error when downloaded as a ""large"" file. In those cases, please contact us at digilib@uwm.edu to obtain a copy of the file.",,DP,2023-07-24,2023-07-24,http://cdm17272.contentdm.oclc.org/cdm/ref/collection/agdm/id/33902,33902,33908.cpd,/agdm/image/33908.cpd
"Rio Branco : South America 1:1,000,000 / compiled and drawn by the American Geographical Society of New York ; photo-lithographed and printed by A. Hoen and Company, Baltimore.",Provisional edition.,"Roraima, Brazil 1939",,American Geographical Society of New York.,A. Hoen & Co.,1939;,New York : American Geographical Society of New York;,Roraima (Brazil) -- Maps.; Amazonas (Venezuela) -- Maps.; Geology -- Brazil -- Branco River -- Maps.; Branco River (Brazil) -- Maps.; South America -- Maps.;,South America;,Brazil;,Roraima;,,,,"Relief shown by contours, hypsometric tints and spot heights.; ""Published under the patronage of A. Hamilton Rice.""; Includes synoptical index, relative reliability diagram, index to adjoining sheets, note and legend.; ""N. A-20."";",,,,cartographic image,still image,Maps,Color;,"1:1,000,000 (W 66°--W 60°/N 4°--N 0°).;",,American Geographical Society Library - Maps,https://wisconsin-uwm.primo.exlibrisgroup.com/permalink/01UWI_ML/13nukll/alma991013671953702124,1 map : color ; 45 x 67 cm;,"050-b A-1:1,000,000 NA20 1939",English; Spanish; Portuguese;,"American Geographical Society Library, University of Wisconsin-Milwaukee Libraries",American Geographical Society Library Digital Map Collection,The Board of Regents of the University of Wisconsin System,agsmap030150,image/tif; Image/jp2,American Geographical Society Library Digital Map Collection,"Due to their file size, some maps may produce a proxy error when downloaded as a ""large"" file. In those cases, please contact us at digilib@uwm.edu to obtain a copy of the file.","1939 geological map of Brazil and Venezuela showing Rio Branco, Amazonas, and Roraima regions with a spherical grid overlay.",DP,2023-08-07,2026-06-26,http://cdm17272.contentdm.oclc.org/cdm/ref/collection/agdm/id/34004,34004,33995.jp2,/agdm/image/33995.jp2
"Lesser Antilles - South : West Indies 1:1,000,000 / compiled and drawn by the American Geographical Society of New York ; photo-lithographed and printed by A. Hoen and Company, Baltimore.",Provisional edition.,Lesser Antilles 1927,,American Geographical Society of New York.,A. Hoen & Co.,1927;,New York : American Geographical Society of New York;,"Antilles, Lesser -- Maps.; West Indies -- Maps.; Geology -- Antilles, Lesser -- Maps.;",,,,Lesser Antilles; West Indies;,,,"Relief shown by contours, hypsometric tints and spot heights. Depth shown by soundings and isolines.; Includes synoptical index, relative reliability diagram, index to adjoining sheets and legend.; ""N. D-20."";",,,,cartographic image,still image,Maps,Color;,"1:1,000,000 (W 66°--W 59°25ʹ/N 16°--N 12°).;",,American Geographical Society Library - Maps,https://wisconsin-uwm.primo.exlibrisgroup.com/permalink/01UWI_ML/13nukll/alma991013671958602124,1 map : color ; 45 x 72 cm;,"050-b A-1:1,000,000 ND20 1927",English,"American Geographical Society Library, University of Wisconsin-Milwaukee Libraries",American Geographical Society Library Digital Map Collection,The Board of Regents of the University of Wisconsin System,agsmap030155,image/tif; Image/jp2,American Geographical Society Library Digital Map Collection,"Due to their file size, some maps may produce a proxy error when downloaded as a ""large"" file. In those cases, please contact us at digilib@uwm.edu to obtain a copy of the file.","A 1927 map shows the southern Lesser Antilles with West Indies topography, depths, and key geographic names.",DP,2023-08-07,2026-06-26,http://cdm17272.contentdm.oclc.org/cdm/ref/collection/agdm/id/34006,34006,33996.jp2,/agdm/image/33996.jp2
"Panama, Central America 1:1,000,000 / compiled and drawn by the American Geographical Society of New York ; published under the patronage of Walter B. James, M.D.",Provisional edition N. C-17.,"Panama, Central America 1928",Panama Canal collection,American Geographical Society of New York.,,1928;,New York : American Geographical Society;,Panama -- Maps.;,North and Central America;,Panama;,,,,,"Relief shown by contours, gradient tints, and spot heights. Depths shown by contours, bathymetric tints, and soundings.;  Includes pronunciation table, abbreviation table, inset of ""San Jose-Cartago region"" and diagrams of ""Synoptical index,"" ""Adjoining sheets,"" and ""Relative reliability."";  N.C-17.;",,,,cartographic image,still image,Maps,Color;,"1:1,000,000. 1 in. to 15.78 miles or 1.014 in. to 16 miles (W 84°--W 78°/N 12°--N 7°).",,American Geographical Society Library - Maps,https://wisconsin-uwm.primo.exlibrisgroup.com/permalink/01UWI_ML/13nukll/alma991013671958402124,1 map : color ; 56 x 66 cm.;,"050-b A-1:1,000,000 NC17 1928",English,"American Geographical Society Library, University of Wisconsin-Milwaukee Libraries",American Geographical Society Library Digital Map Collection,The Board of Regents of the University of Wisconsin System,agsmap030153 (c1-c2),image/tif; Image/jp2,American Geographical Society Library Digital Map Collection,"Due to their file size, some maps may produce a proxy error when downloaded as a ""large"" file. In those cases, please contact us at digilib@uwm.edu to obtain a copy of the file.",,DP,2023-08-14,2023-08-14,http://cdm17272.contentdm.oclc.org/cdm/ref/collection/agdm/id/34014,34014,34027.cpd,/agdm/image/34027.cpd
"Cayenne : South America 1:1,000,000 / compiled and drawn by the American Geographical Society of New York ; photo-lithographed and printed by A. Hoen and Company, Baltimore.",Provisional edition.,"Cayenne, French Guiana;",,American Geographical Society of New York.,A. Hoen & Co.;,1929;,New York : American Geographical Society of New York;,Cayenne (French Guiana) -- Maps.; South America -- Maps.; Geology -- French Guiana -- Cayenne -- Maps.;,South America;,French Guiana;,,,,Cayenne;,"Relief shown by contours, hypsometric tints and spot heights. Depth shown by soundings and isolines.; Includes synoptical index, relative reliability diagram, index to adjoining sheets, note, abbreviations table and legend.; ""N. B-22."";",,,,cartographic image,still image,Maps,Color;,"1:1,000,000 (W 54°--W 48°/N 08°--N 04°).;",,American Geographical Society Library - Maps,https://wisconsin-uwm.primo.exlibrisgroup.com/permalink/01UWI_ML/13nukll/alma991013671958302124,1 map : color ; 45 x 67 cm;,"050-b A-1:1,000,000 NB22 1929",English; French;,"American Geographical Society Library, University of Wisconsin-Milwaukee Libraries",American Geographical Society Library Digital Map Collection,The Board of Regents of the University of Wisconsin System,agsmap030152,image/tif; Image/jp2,American Geographical Society Library Digital Map Collection,"Due to their file size, some maps may produce a proxy error when downloaded as a ""large"" file. In those cases, please contact us at digilib@uwm.edu to obtain a copy of the file.","A 1929 map shows Cayenne and French Guiana at 1:1M scale, including rivers and boundaries.",DP,2023-08-14,2026-06-26,http://cdm17272.contentdm.oclc.org/cdm/ref/collection/agdm/id/34016,34016,34013.jp2,/agdm/image/34013.jp2
"Canada, New Brunswick and Nova Scotia / by Sidney Hall.",,"Great Lakes, Eastern Canada Jany. 1830",,"Hall, Sidney.",,1830;,"London, Eng. : Published by Longman, Rees, Orme, Brown & Green, Paternoster Row;","Canada, Eastern -- 19th century -- Maps.; Great Lakes (North America) -- 19th century -- Maps.;",North and Central America;,Canada;,,Great Lakes;,,,"Roads; canals; districts; counties; cities, towns, etc.; Conservation: encapsulated Oct. 1990 by Jean Topham Conservation.; From: A new general atlas. -- Plate 48. (Phillips 756).;",,,,cartographic image,still image,Maps,Color;,"approximately 1:5,068,800 (W 95°--W 57°/N 56°--N 37°).;",,American Geographical Society Library - Maps,https://wisconsin-uwm.primo.exlibrisgroup.com/permalink/01UWI_ML/13nukll/alma991013544771802124,"1 map : engraved, relief by hachure, colored ; 39.4 x 49.3 cm;",120-c .E2 B-1830,English;,"American Geographical Society Library, University of Wisconsin-Milwaukee Libraries",American Geographical Society Library Digital Map Collection,The Board of Regents of the University of Wisconsin System,agsmap030146,image/tif; Image/jp2,American Geographical Society Library Digital Map Collection,"Due to their file size, some maps may produce a proxy error when downloaded as a ""large"" file. In those cases, please contact us at digilib@uwm.edu to obtain a copy of the file.","A 19th-century map by Sidney Hall shows Canada, New Brunswick, Nova Scotia, and the Great Lakes.",DP,2023-08-14,2026-06-26,http://cdm17272.contentdm.oclc.org/cdm/ref/collection/agdm/id/34018,34018,34016.jp2,/agdm/image/34016.jp2
Ciudad de Mexico / compiled and drawn by the American Geographical Society of New York ; photo-lithographed and printed by A. Hoen and Company.,"Provisional edition. Transportation revised VI, '51.","Mexico City, Mexico 1951","North America 1:1,000,000 ; N.E-14.",American Geographical Society of New York.,,1951;,New York : American Geographical Society of New York;,Mexico City (Mexico) -- Maps.;,North and Central America;,Mexico;,,,,Mexico City;,"Shows entire Mexican states of Guerrero and Morelos, most of the state of Mexico, and parts of states of Michoacan, Puebla, Veracruz, and Oaxaca.; Relief shown by contours and spot heights. Depths shown by isolines and soundings.; Includes population table, index to adjoining sheets, reliability diagram, synoptical index, pronunciation guide, and metric conversion table.; ""Proof"" -- handwritten in pencil in top margin.;",,,,cartographic image,still image,Maps,Color;,"1:1,000,000. 1 mm. = 1 km. or 1 in. = 15.78 mi. (W 102°--W 96°/N 20°--N 15°40ʹ).;",,American Geographical Society Library - Maps,https://wisconsin-uwm.primo.exlibrisgroup.com/permalink/01UWI_ML/13nukll/alma991013671958702124,1 map : color ; 49 x 64 cm;,"050-b A-1:1,000,000 NE14 1951",English; Spanish;,"American Geographical Society Library, University of Wisconsin-Milwaukee Libraries",American Geographical Society Library Digital Map Collection,The Board of Regents of the University of Wisconsin System,agsmap030156,image/tif; Image/jp2,American Geographical Society Library Digital Map Collection,"Due to their file size, some maps may produce a proxy error when downloaded as a ""large"" file. In those cases, please contact us at digilib@uwm.edu to obtain a copy of the file.","Map of Mexico City from 1951 displays streets, neighborhoods, and topography at 1:1,000,000 scale.",DP,2023-08-14,2026-06-26,http://cdm17272.contentdm.oclc.org/cdm/ref/collection/agdm/id/34019,34019,34017.jp2,/agdm/image/34017.jp2
"Tegucigalpa : Central America 1:1,000,000 / compiled and drawn by the American Geographical Society of New York.","Provisional edition. Transportation revised VI, '51.","Tegucigalpa, Honduras 1951",,American Geographical Society of New York.,,1951;,New York : American Geographical Society;,"Tegucigalpa (Francisco Morazán, Honduras) -- Maps.;",North and Central America;,Honduras;,,Francisco Morazán;,,Tegucigalpa;,"Relief shown by contours and spot heights. Depths shown by isolines and soundings.; ""Photo-lithographed and printed by A. Hoen and Co., Baltimore.""; ""Provisional edition N D-16.""; Includes synoptical index, index to adjoining sheets, pronunciation and abbreviation tables and ""Relative reliabilty"" diagram.; ""Proof"" -- written in top margin.;",,,,cartographic image,still image,Maps,Color;,"1,000,000. 1 inch to 15.78 miles or 1.014 inches to 16 miles (W 90°--W 84°/N 16°--N 12°).;",,American Geographical Society Library - Maps,https://wisconsin-uwm.primo.exlibrisgroup.com/permalink/01UWI_ML/13nukll/alma991013671958502124,1 map : color ; 45 x 73 cm;,"050-b A-1:1,000,000 ND16 1951",English; Spanish;,"American Geographical Society Library, University of Wisconsin-Milwaukee Libraries",American Geographical Society Library Digital Map Collection,The Board of Regents of the University of Wisconsin System,agsmap030154,image/tif; Image/jp2,American Geographical Society Library Digital Map Collection,"Due to their file size, some maps may produce a proxy error when downloaded as a ""large"" file. In those cases, please contact us at digilib@uwm.edu to obtain a copy of the file.","Topographic map from 1951 shows Tegucigalpa's geography, including rivers and roads.",DP,2023-08-14,2026-06-26,http://cdm17272.contentdm.oclc.org/cdm/ref/collection/agdm/id/34020,34020,34011.jp2,/agdm/image/34011.jp2
"Lesser Antilles - North : West Indies 1:1,000,000 / compiled and drawn by the American Geographical Society of New York ; photo-lithographed and printed by A. Hoen and Company, Baltimore.",Provisional edition.,"Lesser Antilles, West Indies 1927",,American Geographical Society of New York.,A. Hoen & Co.,1927;,New York : American Geographical Society of New York;,"Antilles, Lesser -- Maps.; West Indies -- Maps.; Geology -- Antilles, Lesser -- Maps.;",Oceans;,,,Lesser Antilles;,,,"Relief shown by contours, hypsometric tints and spot heights. Depth shown by soundings and isolines.; Includes synoptical index, relative reliability diagram, index to adjoining sheets and legend.; ""N. E-20."";",,,,cartographic image,still image,Maps,Color;,"1:1,000,000 (W 66°--W 60°/N 20°--N 16°).;",,American Geographical Society Library - Maps,https://wisconsin-uwm.primo.exlibrisgroup.com/permalink/01UWI_ML/13nukll/alma991013671966502124,1 map : color ; 45 x 64 cm;,"050-b A-1:1,000,000 NE 20 1927",English,"American Geographical Society Library, University of Wisconsin-Milwaukee Libraries",American Geographical Society Library Digital Map Collection,The Board of Regents of the University of Wisconsin System,agsmap030157,image/tif; Image/jp2,American Geographical Society Library Digital Map Collection,"Due to their file size, some maps may produce a proxy error when downloaded as a ""large"" file. In those cases, please contact us at digilib@uwm.edu to obtain a copy of the file.",A 1927 American Geographical Society map depicts northern Lesser Antilles and West Indies (1:1M) with major islands.,DP,2023-08-14,2026-06-26,http://cdm17272.contentdm.oclc.org/cdm/ref/collection/agdm/id/34022,34022,34018.jp2,/agdm/image/34018.jp2
Hammond's comprehensive map of the world : on Mercator's projection.,,World 1942?,,C.S. Hammond & Company.,Garden City Publishing Co.,1942;,"Garden City, N.Y. : Garden City Pub.;",World maps.; Time -- Systems and standards -- Maps.;,,,,,,,"Shows naval bases and stations, steamship and air distances between selected locations and time zones.; ""Copyright by C.S. Hammond & Co., N.Y.""; ""This map does not indicate areas temporarily occupied by warring nations, they being subject to the constantly changing tide of battle.""; ""7442.""; Differs from similar version; lacks flags and bibliographic references.;",Map projection exhibit.,,,cartographic image,still image,Maps,Color;,"at equator approximately 40,000,000 ; Mercator projection (E 90°--E 105°/N 82°--S 66°).;",,American Geographical Society Library - Maps,https://wisconsin-uwm.primo.exlibrisgroup.com/permalink/01UWI_ML/13nukll/alma991012699536102124,1 map : color ; 68 x 105 cm,050 B-[1942?],English,"American Geographical Society Library, University of Wisconsin-Milwaukee Libraries",American Geographical Society Library Digital Map Collection,The Board of Regents of the University of Wisconsin System,agsmap030179,image/tif; Image/jp2,American Geographical Society Library Digital Map Collection,"Due to their file size, some maps may produce a proxy error when downloaded as a ""large"" file. In those cases, please contact us at digilib@uwm.edu to obtain a copy of the file.","nor }; Hammond's 1942 world map displays country borders, routes, and time zones in Mercator projection.",DP,2023-08-28,2026-06-26,http://cdm17272.contentdm.oclc.org/cdm/ref/collection/agdm/id/34030,34030,34030.jp2,/agdm/image/34030.jp2
Pacific arena / drawn by Richard Edes Harrison ; assisted by Marjorie K. Ullrich.,,Pacific Ocean 1942,Orthographic Series II,"Harrison, Richard Edes.","Time, Inc.",1942;,New York : Time Life;,"World War, 1939-1945 -- Pacific Ocean -- Maps.; Fortune.;",Oceans;,,,,,,"""Centered at 35°N 170°E.""; ""A Fortune map.""; ""Supplement to Fortune, September, 1942.""; Includes text, diagrams, and map of ""The other half.""; Shows area occupied by Allies and Axis and those pro-ally and pro-axis.;",Map projection exhibit.,,,cartographic image,still image,Maps,Color;,"1:25,000,000. 395 statute miles per in. on the circumference or any concentric circle ; Orthographic projection (E 80°--W 100°/N 90°--S 55°).;",,American Geographical Society Library - Maps,https://wisconsin-uwm.primo.exlibrisgroup.com/permalink/01UWI_ML/13nukll/alma991012719839802124,1 map : color ; on sheet 53 x 68 cm.;,050 B-1942c,English,"American Geographical Society Library, University of Wisconsin-Milwaukee Libraries",American Geographical Society Library Digital Map Collection,The Board of Regents of the University of Wisconsin System,agsmap030178,image/tif; Image/jp2,American Geographical Society Library Digital Map Collection,"Due to their file size, some maps may produce a proxy error when downloaded as a ""large"" file. In those cases, please contact us at digilib@uwm.edu to obtain a copy of the file.","A 1942 map titled Pacific Arena details WWII Pacific theater territories, control, and projected attacks with U.S. defense.",DP,2023-08-28,2026-06-26,http://cdm17272.contentdm.oclc.org/cdm/ref/collection/agdm/id/34033,34033,34034.jp2,/agdm/image/34034.jp2
World in armadillo / by Erwin Raisz.,,World 1954?,,"Raisz, Erwin, 1893-1968",,1954;,"Cambridge, Mass. : E. Raisz;","Armadillo projection (Cartography) -- Maps.; World maps, Outline and base.;",,,,,,,"Cited in 1954 publisher's list as: World in armadillo projection. Larger size with rivers and boundaries, no mountains. Best base map for world relationships. Cf. Library of Congress catalog for a versuib dustributed later.; No lettering. Issued for use as a base map.;",Map projection exhibit.,,,cartographic image,still image,Maps,Grayscale;,"1:60,000,000 ; Armadillo projection (W 180°--E 180°/N 85°--S 60°).;",,American Geographical Society Library - Maps,https://wisconsin-uwm.primo.exlibrisgroup.com/permalink/01UWI_ML/13nukll/alma991013486169202124,1 map ; on sheet 28 x 45 cm;,050 J-[1954?],English,"American Geographical Society Library, University of Wisconsin-Milwaukee Libraries",American Geographical Society Library Digital Map Collection,The Board of Regents of the University of Wisconsin System,agsmap030175,image/tif; Image/jp2,American Geographical Society Library Digital Map Collection,"Due to their file size, some maps may produce a proxy error when downloaded as a ""large"" file. In those cases, please contact us at digilib@uwm.edu to obtain a copy of the file.",Erwin Raisudz's 1954 armadillo world map depicts continents on an armadillo-shaped projection.,DP,2023-08-28,2026-06-26,http://cdm17272.contentdm.oclc.org/cdm/ref/collection/agdm/id/34035,34035,34033.jp2,/agdm/image/34033.jp2
"South America 1:1,000,000 Tierra del Fuego S. N. -18,19,20 [Argentina, Chile] / compiled and drawn by the American Geographical Society of New York ; reproduced and printed by A. Hoen and Company.",Provisional edition.,"Tierra del Fuego, Argentina & Chile 1955","World 1:1,000,000. South America ; SN-18,19,10.",American Geographical Society of New York.,A. Hoen & Co.,1955;,New York : American Geographical Society of New York;,Tierra del Fuego (Argentina and Chile) -- Maps.; Tierra del Fuego (Chile) -- Maps.; Isla de los Estados (Argentina) -- Maps.; Argentina -- Maps.; Chile -- Maps.; Pacific Coast (Chile) -- Maps.; Atlantic Coast (Argentina) -- Maps.;,South America;,Chile; Argentina;,,Tierra del Fuego (archipelago);,,,"Copy 3 lacks gradient tint coloring; Archive copy; Relief shown by contours, gradient tints and spot heights. Depth shown by soundings, isolines and gradient tints.; Shows boundaries, highways and roads, railways, airports, rivers and water features, and other details.; Includes index to adjoining sheets, reliability diagram, pronunciation guide, definitions and abbreviations, and metric conversion table.; Inset: Departmento de Isla de los Estados (Terr. Nac. de Tierra del Fuego).;",,,,cartographic image,still image,Maps,Color;,"1:1,000,000 ; [modified polyconic proj.] (W 75°--W 65°/S 52°--S 56°).;",,American Geographical Society Library - Maps,https://wisconsin-uwm.primo.exlibrisgroup.com/permalink/01UWI_ML/13nukll/alma991013671967502124,1 map : color ; 47 x 73 cm.;,"050-b A-1:1,000,000 SN 18, 19, 20 1955",English; Spanish;,"American Geographical Society Library, University of Wisconsin-Milwaukee Libraries",American Geographical Society Library Digital Map Collection,The Board of Regents of the University of Wisconsin System,agsmap030168 (c3),image/tif; Image/jp2,American Geographical Society Library Digital Map Collection,"Due to their file size, some maps may produce a proxy error when downloaded as a ""large"" file. In those cases, please contact us at digilib@uwm.edu to obtain a copy of the file.","A detailed 1955 map of Tierra del Fuego in Argentina and Chile, showing coastlines, islands, and oceans with grid references.",DP,2023-08-28,2026-06-26,http://cdm17272.contentdm.oclc.org/cdm/ref/collection/agdm/id/34037,34037,34043.jp2,/agdm/image/34043.jp2
"South America 1:1,000,000 Tierra del Fuego S. N. -18,19,20 [Argentina, Chile] / compiled and drawn by the American Geographical Society of New York ; reproduced and printed by A. Hoen and Company.",Provisional edition.,"Tierra del Fuego, Argentina & Chile 1955","World 1:1,000,000. South America ; SN-18,19,10.",American Geographical Society of New York.,A. Hoen & Co.,1955;,New York : American Geographical Society of New York;,Tierra del Fuego (Argentina and Chile) -- Maps.; Tierra del Fuego (Chile) -- Maps.; Isla de los Estados (Argentina) -- Maps.; Argentina -- Maps.; Chile -- Maps.; Pacific Coast (Chile) -- Maps.; Atlantic Coast (Argentina) -- Maps.;,South America;,Chile; Argentina;,,Tierra del Fuego (archipelago);,,,"Copy 2 lacks gradient tint coloring on land but includes depth gradient tints; Archive copy; Relief shown by contours, gradient tints and spot heights. Depth shown by soundings, isolines and gradient tints.; Shows boundaries, highways and roads, railways, airports, rivers and water features, and other details.; Includes index to adjoining sheets, reliability diagram, pronunciation guide, definitions and abbreviations, and metric conversion table.; Inset: Departmento de Isla de los Estados (Terr. Nac. de Tierra del Fuego).;",,,,cartographic image,still image,Maps,Color;,"1:1,000,000 ; [modified polyconic proj.] (W 75°--W 65°/S 52°--S 56°).;",,American Geographical Society Library - Maps,https://wisconsin-uwm.primo.exlibrisgroup.com/permalink/01UWI_ML/13nukll/alma991013671967502124,1 map : color ; 47 x 73 cm.;,"050-b A-1:1,000,000 SN 18, 19, 20 1955",English; Spanish;,"American Geographical Society Library, University of Wisconsin-Milwaukee Libraries",American Geographical Society Library Digital Map Collection,The Board of Regents of the University of Wisconsin System,agsmap030168 (c2),image/tif; Image/jp2,American Geographical Society Library Digital Map Collection,"Due to their file size, some maps may produce a proxy error when downloaded as a ""large"" file. In those cases, please contact us at digilib@uwm.edu to obtain a copy of the file.",A 1955 topographic map of Tierra del Fuego displays Argentina-Chile borders and key Atlantic/Pacific coastal channels.,DP,2023-08-28,2026-06-26,http://cdm17272.contentdm.oclc.org/cdm/ref/collection/agdm/id/34038,34038,34044.jp2,/agdm/image/34044.jp2
"Cauquenes y Islas Esporadicas : South America 1:1,000,000 / compiled and drawn by the American Geographical Society of New York ; photo-lithographed and printed by A. Hoen and Company, Baltimore.",Provisional edition.,"Juan Fernández Islands, Chile 1927",,American Geographical Society of New York.,A. Hoen & Co.,1927;,New York : American Geographical Society of New York;,Easter Island -- Maps.; Juan Fernández Islands -- Maps.; Sala y Gómez Island -- Maps.; San Felix Island -- Maps.; San Ambrosio Island -- Maps.; South America -- Maps.;,South America;,Chile;,,Juan Fernández Islands;,,,"Uncolored version (lacks gradient tint coloring); Archive copy; Relief shown by contours, hypsometric tints and spot heights. Depth shown by soundings and isolines. Includes 4 insets, synoptical index, relative reliability diagram, index to adjoining sheets, note and legend. ""S. I-18."";",,,,cartographic image,still image,Maps,Color;,"1:1,000,000 (W 78°--W 72°/S 32°--S 36°).;",,American Geographical Society Library - Maps,https://wisconsin-uwm.primo.exlibrisgroup.com/permalink/01UWI_ML/13nukll/alma991013671967602124,1 map : color ; 44 x 55 cm;,"050-b A-1:1,000,000 SI 18 1927",English; Spanish;,"American Geographical Society Library, University of Wisconsin-Milwaukee Libraries",American Geographical Society Library Digital Map Collection,The Board of Regents of the University of Wisconsin System,agsmap030169 (c2),image/tif; Image/jp2,American Geographical Society Library Digital Map Collection,"Due to their file size, some maps may produce a proxy error when downloaded as a ""large"" file. In those cases, please contact us at digilib@uwm.edu to obtain a copy of the file.",.,DP,2023-08-28,2026-06-26,http://cdm17272.contentdm.oclc.org/cdm/ref/collection/agdm/id/34039,34039,34042.jp2,/agdm/image/34042.jp2
Comodoro Rivadavia / compiled and drawn by the American Geographical Society of New York and printed by A. Hoen & Co.,Provisional edition.,"Comodoro Rivadavia, Argentina 1947",,American Geographical Society of New York.,A. Hoen & Co.,1947;,New York : American Geographical Society of New York;,Comodoro Rivadavia (Argentina) -- Maps.; Argentina -- Maps.; South America -- Maps.;,South America;,Argentina;,Chubut;,,,Comodoro Rivadavia;,"Copy 2 lacks gradient tint coloring; Archive copy ; Relief shown by contours, hypsometric tints and spot heights ; depth shown by soundings and isolines.; Includes synoptical index, relative reliability diagram, index to adjoining sheets, note and legend.; ""S. L-19."";",,,,cartographic image,still image,Maps,Color;,"1:1,000,000. 1 in. = 15.78 mi. (W 72°--W 65°/S 44°--S 48°).;",,American Geographical Society Library - Maps,https://wisconsin-uwm.primo.exlibrisgroup.com/permalink/01UWI_ML/13nukll/alma991013671967402124,"1 map : color ; 47 x 55 cm, on sheet 67 x 79 cm;","050-b A-1:1,000,000 SL 19 1947",English; Spanish;,"American Geographical Society Library, University of Wisconsin-Milwaukee Libraries",American Geographical Society Library Digital Map Collection,The Board of Regents of the University of Wisconsin System,agsmap030167 (c2),image/tif; Image/jp2,American Geographical Society Library Digital Map Collection,"Due to their file size, some maps may produce a proxy error when downloaded as a ""large"" file. In those cases, please contact us at digilib@uwm.edu to obtain a copy of the file.","1947 topographic map of Comodoro Rivadavia, Argentina, showing land between 72°W, 65°W, 44°S, and 48°S coordinates.",DP,2023-08-28,2026-06-26,http://cdm17272.contentdm.oclc.org/cdm/ref/collection/agdm/id/34040,34040,34045.jp2,/agdm/image/34045.jp2
"Peninsula de Taitao : South America 1:1,000,000 / compiled and drawn by the American Geographical Society of New York ; photo-lithographed and printed by A. Hoen & Company, Baltimore.",Provisional edition.,"Aisén, Chile 1928",,American Geographical Society of New York.,A. Hoen & Co.,1928;,New York : American Geographical Society of New York;,Geology -- Chile -- Aisén (Province) -- Maps.; Aisén (Province) -- Maps.; South America -- Maps.;,South America;,Chile;,Aisén;,,,,"Copy 2 lacks gradient tint coloring; Archive copy; Relief shown by contours, hypsometric tints and spot heights. Depth shown by soundings and isolines.; Includes synoptical index, relative reliability diagram, index to adjoining sheets, note and legend.; Península de Taital is situated in the Aisén Region.; ""S. L-18."";",,,,cartographic image,still image,Maps,Color;,"1:1,000,000 (W 78°--W 72°/S 44°--S 48°).;",,American Geographical Society Library - Maps,https://wisconsin-uwm.primo.exlibrisgroup.com/permalink/01UWI_ML/13nukll/alma991013671967702124,1 map : color ; 45 x 45 cm;,"050-b A-1:1,000,000 SL18 1928 (uncolored)",English; Spanish;,"American Geographical Society Library, University of Wisconsin-Milwaukee Libraries",American Geographical Society Library Digital Map Collection,The Board of Regents of the University of Wisconsin System,agsmap030170 (c2),image/tif; Image/jp2,American Geographical Society Library Digital Map Collection,"Due to their file size, some maps may produce a proxy error when downloaded as a ""large"" file. In those cases, please contact us at digilib@uwm.edu to obtain a copy of the file.","旧地質図と地形図で1928年に描かれたチリ・アイセン州のペンインスラ・デ・タイタオ (縮尺1:1,000,000).",DP,2023-08-28,2026-06-26,http://cdm17272.contentdm.oclc.org/cdm/ref/collection/agdm/id/34041,34041,34041.jp2,/agdm/image/34041.jp2
"Coquimbo - San Juan : South America 1:1,000,000 / compiled and drawn by the American Geographical Society of New York ; photo lithographed and printed by A. Hoen and Company, Baltimore.",Provisional edition.,"Coquimbo, Chile 1929",,American Geographical Society of New York.,A. Hoen & Co.,1929;,New York : American Geographical Society of New York;,Geology -- Chile -- Coquimbo -- Maps.; Geology -- Argentina -- San Juan (Province) -- Maps.; Coquimbo (Chile) -- Maps.; San Juan (Argentina : Province) -- Maps.; South America -- Maps.;,South America;,Chile; Argentina;,,Coquimbo;,,Coquimbo;,"Copy 2 lacks gradient tint coloring; Archive copy; Relief shown by contours, hypsometric tints and spot heights. Depth shown by soundings and isolines.; Includes synoptical index, relative reliability diagram, index to adjoining sheets, note and legend.; ""S. H-19."";",,,,cartographic image,still image,Maps,Color;,"1:1,000,000 (W 72°--W 66°/S 28°--S 32°).;",,American Geographical Society Library - Maps,https://wisconsin-uwm.primo.exlibrisgroup.com/permalink/01UWI_ML/13nukll/alma991013671967202124,1 map : color ; 45 x 57 cm;,"050-b A-1:1,000,000 SH19 1929",English; Spanish;,"American Geographical Society Library, University of Wisconsin-Milwaukee Libraries",American Geographical Society Library Digital Map Collection,The Board of Regents of the University of Wisconsin System,agsmap030165 (c2),image/tif; Image/jp2,American Geographical Society Library Digital Map Collection,"Due to their file size, some maps may produce a proxy error when downloaded as a ""large"" file. In those cases, please contact us at digilib@uwm.edu to obtain a copy of the file.","Geological and topographical maps of Coquimbo, Chile, and San Juan, Argentina, at 1:1,000,000 scale, dated 1929.",DP,2023-08-28,2026-06-26,http://cdm17272.contentdm.oclc.org/cdm/ref/collection/agdm/id/34043,34043,34047.jp2,/agdm/image/34047.jp2
"Uruguayana : South America 1:1,000,000 / compiled and drawn by the American Geographical Society of New York ; photo-lithographed and printed by A. Hoen and Company, Baltimore.",Provisional edition.,"Uruguayana, Brazil 1940",,American Geographical Society of New York.,A. Hoen & Co.,1940;,New York : American Geographical Society of New York;,Geology -- Uruguay River Region -- Maps.; Uruguay River Region -- Maps.; South America -- Maps.;,South America;,Brazil;,Rio Grande do Sul;,,,Uruguayana;,"Copy 5 lacks gradient tint coloring; Archive copy; Relief shown by contours, hypsometric tints and spot heights.; Includes synoptical index, relative reliability diagram, index to adjoining sheets, note and legend.; ""S. H-21."";",,,,cartographic image,still image,Maps,Color;,"1:1,000,000 (W 60°--W 54°/S 28°--S 32°).;",,American Geographical Society Library - Maps,https://wisconsin-uwm.primo.exlibrisgroup.com/permalink/01UWI_ML/13nukll/alma991013671967302124,1 map : color ; 45 x 57 cm;,"050-b A-1:1,000,000 SH21 1940",English; Spanish;,"American Geographical Society Library, University of Wisconsin-Milwaukee Libraries",American Geographical Society Library Digital Map Collection,The Board of Regents of the University of Wisconsin System,agsmap030166 (c5),image/tif; Image/jp2,American Geographical Society Library Digital Map Collection,"Due to their file size, some maps may produce a proxy error when downloaded as a ""large"" file. In those cases, please contact us at digilib@uwm.edu to obtain a copy of the file.","A 1940 map of Uruguay River in South America highlights borders, railways, and terrain.",DP,2023-08-28,2026-06-26,http://cdm17272.contentdm.oclc.org/cdm/ref/collection/agdm/id/34044,34044,34046.jp2,/agdm/image/34046.jp2
"Rio Purús : South America 1:1,000,000 S. B-20 / compiled and drawn by the American Geographical Society of New York ; photo lithographed and printed by A. Hoen and Company, Baltimore.",Provisional edition.,"Peru and Brazil, South America 1929",,American Geographical Society of New York.,A. Hoen & Co.,1929;,New York : American Geographical Society of New York;,Purus River Valley (Peru and Brazil) -- Maps.; Amazonas (Brazil); Geology -- Purus River Valley (Peru and Brazil) -- Maps.; South America -- Maps.;,South America;,Peru; Brazil;,,,,,"Copy 2 lacks gradient tint coloring; Archive copy; Relief shown by contours, hypsometric tints and spot heights.; Includes synoptical index, relative reliability diagram, index to adjoining sheets, note and legend.; ""S. B-20."";",,,,cartographic image,still image,Maps,Color;,"1:1,000,000 (W 66°--W 60°/S 08°--S 08°).;",,American Geographical Society Library - Maps,https://wisconsin-uwm.primo.exlibrisgroup.com/permalink/01UWI_ML/13nukll/alma991013671966702124,1 map : color ; 45 x 67 cm;,"050-b A-1:1,000,000 SB 20 1929",English; Spanish;,"American Geographical Society Library, University of Wisconsin-Milwaukee Libraries",American Geographical Society Library Digital Map Collection,The Board of Regents of the University of Wisconsin System,agsmap030160 (c2),image/tif; Image/jp2,American Geographical Society Library Digital Map Collection,"Due to their file size, some maps may produce a proxy error when downloaded as a ""large"" file. In those cases, please contact us at digilib@uwm.edu to obtain a copy of the file.",The 1929 American Geographical Society map shows the Rio Purús basin in South America with rivers and boundaries.,DP,2023-09-11,2026-06-26,http://cdm17272.contentdm.oclc.org/cdm/ref/collection/agdm/id/34053,34053,34054.jp2,/agdm/image/34054.jp2
"Iquique : South America 1:1,000,000 / compiled and drawn by the American Geographical Society of New York ; photo-lithographed and printed by A. Hoen and Company, Baltimore.",Provisional edition.,"Iquique, Chile 1927",,American Geographical Society of New York.,A. Hoen & Co.,1927;,New York : American Geographical Society of New York;,Iquique Bay (Chile) -- Maps.; South America -- Maps.; Geology -- Chile -- Iquique Bay -- Maps.;,South America;,Chile;,,Tarapacá;,,Iquique;,"Relief shown by contours, hypsometric tints and spot heights. Depth shown by soundings and isolines.; Includes synoptical index, relative reliability diagram, index to adjoining sheets, note and legend.; ""S. F-19.""; Published under the patronage of FRederic C. Walcott.; Copy 2 lacks gradient tint coloring; Archive copy;",,,,cartographic image,still image,Maps,Color;,"1:1,000,000 (W 72°--W 66°/S 20°--S 24°).;",,American Geographical Society Library - Maps,https://wisconsin-uwm.primo.exlibrisgroup.com/permalink/01UWI_ML/13nukll/alma991013671967002124,1 map : color ; 45 x 61 cm;,"050-b A-1:1,000,000 SF19 1927",English; Spanish;,"American Geographical Society Library, University of Wisconsin-Milwaukee Libraries",American Geographical Society Library Digital Map Collection,The Board of Regents of the University of Wisconsin System,agsmap030163 (c2),image/tif; Image/jp2,American Geographical Society Library Digital Map Collection,"Due to their file size, some maps may produce a proxy error when downloaded as a ""large"" file. In those cases, please contact us at digilib@uwm.edu to obtain a copy of the file.","A 1927 map of Iquique Bay, Chile (1:1,000,000 scale) shows geographic, geological, and topographical features.",DP,2023-09-11,2026-06-26,http://cdm17272.contentdm.oclc.org/cdm/ref/collection/agdm/id/34054,34054,34052.jp2,/agdm/image/34052.jp2
"Puno - Rio Beni : South America 1:1,000,000 / compiled and drawn by the American Geographical Society of New York ; photo lithographed and printed by A. Hoen and Company, Baltimore.",Provisional edition.,"Puno, Peru 1927",,American Geographical Society of New York.,A. Hoen & Co.,1927;,New York : American Geographical Society of New York;,Puno (Peru : Region) -- Maps.; South America -- Maps.; Geology -- Peru -- Puno (Region) -- Maps.;,South America;,Peru;,,,,Puno;,"Relief shown by contours, hypsometric tints and spot heights. Depths shown by isolines and soundings.; Includes synoptical index, relative reliability diagram, index to adjoining sheets, note and legend.; ""S. D-19.""; Copy 2 lacks gradient tint coloring; Archive copy;",,,,cartographic image,still image,Maps,Color;,"1:1,000,000 (W 72°--W 66°/S 12°--S 16°).;",,American Geographical Society Library - Maps,https://wisconsin-uwm.primo.exlibrisgroup.com/permalink/01UWI_ML/13nukll/alma991013671966802124,1 map : color ; 45 x 64 cm;,"050-b A-1:1,000,000 SD 19 1927",English; Spanish;,"American Geographical Society Library, University of Wisconsin-Milwaukee Libraries",American Geographical Society Library Digital Map Collection,The Board of Regents of the University of Wisconsin System,agsmap030161 (c2),image/tif; Image/jp2,American Geographical Society Library Digital Map Collection,"Due to their file size, some maps may produce a proxy error when downloaded as a ""large"" file. In those cases, please contact us at digilib@uwm.edu to obtain a copy of the file.","1927 geological map covering Puno and Río Beni, South America (scale 1:1,000,000).",DP,2023-09-11,2026-06-26,http://cdm17272.contentdm.oclc.org/cdm/ref/collection/agdm/id/34055,34055,34056.jp2,/agdm/image/34056.jp2
"La Paz : South America 1:1,000,000 / compiled and drawn by the American Geographical Society of New York ; photo lithographed and printed by A. Hoen and Company, Baltimore.",Provisional edition.,"La Paz, Bolivia 1922",,American Geographical Society of New York.,A. Hoen & Co.,1922;,New York : American Geographical Society of New York;,Geology -- Bolivia -- La Paz (Department) -- Maps.; La Paz (Bolivia : Department) -- Maps.; South America -- Maps.;,South America;,Bolivia;,,,,La Paz;,"Relief shown by contours, hypsometric tints and spot heights. Depth shown by soundings and isolines.; Includes synoptical index, relative reliability diagram, index to adjoining sheets, note and legend.; ""S. E-19.""; Copy 2 lacks gradient tint coloring; Archive copy;",,,,cartographic image,still image,Maps,Color;,"1:1,000,000 (W 72°--W 66°/S 16°--S 20°).;",,American Geographical Society Library - Maps,https://wisconsin-uwm.primo.exlibrisgroup.com/permalink/01UWI_ML/13nukll/alma991013671966902124,1 map : color ; 45 x 63 cm;,"050-b A-1:1,000,000 SE19 1922",English; Spanish;,"American Geographical Society Library, University of Wisconsin-Milwaukee Libraries",American Geographical Society Library Digital Map Collection,The Board of Regents of the University of Wisconsin System,agsmap030162 (c2),image/tif; Image/jp2,American Geographical Society Library Digital Map Collection,"Due to their file size, some maps may produce a proxy error when downloaded as a ""large"" file. In those cases, please contact us at digilib@uwm.edu to obtain a copy of the file.","A 1:1,000,000-scale map of La Paz depicts South America with detailed topography and railways.",DP,2023-09-11,2026-06-26,http://cdm17272.contentdm.oclc.org/cdm/ref/collection/agdm/id/34056,34056,34053.jp2,/agdm/image/34053.jp2
"South America 1:1,000,000 Tierra del Fuego S. N. -18,19,20 [Argentina, Chile] / compiled and drawn by the American Geographical Society of New York ; reproduced and printed by A. Hoen and Company.",Provisional edition.,"Tierra del Fuego, Argentina and Chile 1955","World 1:1,000,000. South America ; SN-18,19,10.;",American Geographical Society of New York.,A. Hoen & Co.,1955;,New York : American Geographical Society of New York;,Tierra del Fuego (Argentina and Chile) -- Maps.; Tierra del Fuego (Chile) -- Maps.; Isla de los Estados (Argentina) -- Maps.; Argentina -- Maps.; Chile -- Maps.; Pacific Coast (Chile) -- Maps.; Atlantic Coast (Argentina) -- Maps.;,South America;,Argentina; Chile;,,Tierra del Fuego (archipelago);,,,"Relief shown by contours, gradient tints and spot heights. Depth shown by soundings, isolines and gradient tints.; Shows boundaries, highways and roads, railways, airports, rivers and water features, and other details.; Includes index to adjoining sheets, reliability diagram, pronunciation guide, definitions and abbreviations, and metric conversion table.; Inset: Departmento de Isla de los Estados (Terr. Nac. de Tierra del Fuego).; Copy lacks gradient tint coloring for depths but includes gradient tint coloring on land; Archive copy;",,,,cartographic image,still image,Maps,Color;,"1:1,000,000 ; [modified polyconic proj.] (W 75°--W 65°/S 52°--S 56°).;",,American Geographical Society Library - Maps,https://wisconsin-uwm.primo.exlibrisgroup.com/permalink/01UWI_ML/13nukll/alma991013671967502124,1 map : color ; 47 x 73 cm.;,"050-b A-1:1,000,000 SN 18, 19, 20 1955",English; Spanish;,"American Geographical Society Library, University of Wisconsin-Milwaukee Libraries",American Geographical Society Library Digital Map Collection,The Board of Regents of the University of Wisconsin System,agsmap030168 (c4),image/tif; Image/jp2,American Geographical Society Library Digital Map Collection,"Due to their file size, some maps may produce a proxy error when downloaded as a ""large"" file. In those cases, please contact us at digilib@uwm.edu to obtain a copy of the file.","The 1955 American Geographical Society map displays Tierra del Fuego with South America's coastline, rivers, and regional.",DP,2023-09-11,2026-06-26,http://cdm17272.contentdm.oclc.org/cdm/ref/collection/agdm/id/34057,34057,34055.jp2,/agdm/image/34055.jp2
"Slovenia & Croatian Coast : scale 1:225,000-1:325,000 : waterproof / [prepared by] International Travel Maps ; edited by Yusuke Ujimiya, Tran Dinh Cuong ; Lan Joyce, editor in chief.",4th edition.,Slovenia and Croatia 2014,,International Travel Maps (Firm),"Ujimiya, Yusuke.   Tran, Dinh Cuong.   Joyce, Lan.   ITMB Publishing Ltd.",2014;,"Richmond, BC : ITMB Publishing Ltd.;",Roads -- Slovenia -- Maps.;  Roads -- Croatia -- Adriatic Coast -- Maps.;  Slovenia -- Maps.;  Adriatic Coast (Croatia) -- Maps.;  Dalmatia (Croatia) -- Maps.;  Istria (Croatia) -- Maps.;  Ljubljana (Slovenia) -- Maps.;  Central business districts -- Slovenia -- Ljubljana -- Maps.;,Europe;,Slovenia; Croatia;,,Istria; Dalmatia; Ljubljana;,,,"Road maps with tourist features.;  Relief shown by gradient tints and spot heights. Depths shown by gradient tints.;  Also covers Dalmatia and Istria (regions of Croatia).;  Titles from panels.;  At head of panel titles: International Travel Maps.;  Croatian Coast map oriented with north toward the upper left.;  ""© ITMB Publishing. 2014."";  The Croatian Coast map is printed in northwestern/southeastern segments.;  Includes notes, indexes of places, 2 title panels, and color illustrations.;  Insets: Ljubljana [city center] -- [Northeastern Slovenia] -- [Biševo and Svetac islands vicinity].;",,[Republic of Slovenia] -- Croatian Coast.;,,cartographic image,still image,Maps,Color;,"1:225,000 (E 13°22ʹ--E 15°56ʹ/N 46°43ʹ--N 45°21ʹ).;   1:325,000 (E 13°12ʹ--E 18°38ʹ/N 46°08ʹ--N 43°13ʹ).;",,American Geographical Society Library - Maps,https://wisconsin-uwm.primo.exlibrisgroup.com/permalink/01UWI_ML/1dmapte/alma991012914540402124,"2 maps on 1 sheet : both sides, color ; each 69 x 99 cm, sheet 69 x 100 cm, folded to 25 x 11 cm;",662.1 A-2014,English; German;,"American Geographical Society Library, University of Wisconsin-Milwaukee Libraries",American Geographical Society Library Digital Map Collection,The Board of Regents of the University of Wisconsin System,agsmap030226 (a-b),image/tif; Image/jp2,American Geographical Society Library Digital Map Collection,"Due to their file size, some maps may produce a proxy error when downloaded as a ""large"" file. In those cases, please contact us at digilib@uwm.edu to obtain a copy of the file.",,DP,2023-09-25,2023-09-25,http://cdm17272.contentdm.oclc.org/cdm/ref/collection/agdm/id/34123,34123,34135.cpd,/agdm/image/34135.cpd
Gross-Reichenberg und Umgebung / Gisaldruck v. Bogdan Gisevius.,,"Liberec, Czech Republic 1913",,,,1913;,Berlin : Gisaldruck v. Bogdan Gisevius;,Liberec (Czech Republic) -- Maps.;,Europe;,Czech Republic;,,Liberecký Kraj;,,Liberec;,Shows property lines and selected building footprints.;  Relief shown by form lines.;  Includes location map.;,,,,cartographic image,still image,Maps,Color;,"1:6,000 (E 14°57ʹ10ʺ--E 15°08ʹ48ʺ/N 50°49ʹ27ʺ--N 50°42ʹ28ʺ).;",,American Geographical Society Library - Maps,https://wisconsin-uwm.primo.exlibrisgroup.com/permalink/01UWI_ML/13nukll/alma991013696368802124,1 map : color ; 132 x 194 cm;,646-c .L52 A-[1913],German,"American Geographical Society Library, University of Wisconsin-Milwaukee Libraries",American Geographical Society Library Digital Map Collection,The Board of Regents of the University of Wisconsin System,agsmap030230 (s1-s2),image/tif; Image/jp2,American Geographical Society Library Digital Map Collection,,,DP,2023-10-02,2023-10-02,http://cdm17272.contentdm.oclc.org/cdm/ref/collection/agdm/id/34147,34147,34156.cpd,/agdm/image/34156.cpd
"Tabula generalis Marchionatus Moraviae in sex circulos divisae : quos mandato Caesareo accurate emensus / hac mappa delineatos exhibet Ioh. Christoph. Müller, S.C.M. Capitan ; editore Joh. Bapt. Homanno.",,"Moravia, Czech Republic, approximately 1715",,"Müller, J. C. (Johann Christoph), 1673-1721.","Homann, Johann Baptist, 1663-1724.",1715;,Noribergae : Joh. Bapt. Homann;,Moravia (Czech Republic) -- Maps -- Early works to 1800.,Europe;,Czech Republic;,,Moravia;,,,"""Cum privilegio Sac. Caes. Maj."";  Relief shown pictorially.;  Includes decorative cartouche and corner illustration.;  Bar scale given in ""milliarium Moravicorum."";",,,,cartographic image,still image,Maps,Color;,"approximately 1:640,000 (E 15°18ʹ0ʺ--E 18°30ʹ0ʺ/N 50°36ʹ0ʺ--N 47°52ʹ0ʺ).;",,American Geographical Society Library - Maps,https://wisconsin-uwm.primo.exlibrisgroup.com/permalink/01UWI_ML/1dmapte/alma991013747968402124,1 map : hand colored ; 46.3 x 56 cm;,646.2 B-[1715],Latin,"American Geographical Society Library, University of Wisconsin-Milwaukee Libraries",American Geographical Society Library Digital Map Collection,The Board of Regents of the University of Wisconsin System,agsmap030413 (c1-c2),image/tif; Image/jp2,American Geographical Society Library Digital Map Collection,,,DP,2023-12-04,2023-12-04,http://cdm17272.contentdm.oclc.org/cdm/ref/collection/agdm/id/34518,34518,34524.cpd,/agdm/image/34524.cpd
"Official map of Cuba / the Fort Dearborn Publishing Co., Map Engravers and Publishers.",,"Cuba, North and Central America 1899",,Fort Dearborn Publishing Co.,,1899;,,Cuba -- Maps.;,North and Central America;,Cuba;,,,,,"Relief shown by hachures on verso map.;  Includes text and inset map of the ""City of Havana."";  ""Map of the world on Mercators Projection"" and mariners compass on verso.;  ""Trace on the map the movements of our troops in Cuba."";",,,,cartographic image,still image,Maps,Color;,"approximately 1:2,220,000 (W 85°--W 74°/N 25°--N 19°).;",,American Geographical Society Library - Maps,https://wisconsin-uwm.primo.exlibrisgroup.com/permalink/01UWI_ML/1dmapte/alma991013672053202124,"1 map : color ; 32 x 51 cm, folded in cover 15 x 9 cm;",233 B-[1899],English,"American Geographical Society Library, University of Wisconsin-Milwaukee Libraries",American Geographical Society Library Digital Map Collection,The Board of Regents of the University of Wisconsin System,agsmap030415 (a-b),image/tif; Image/jp2,American Geographical Society Library Digital Map Collection,,,DP,2023-12-04,2023-12-04,http://cdm17272.contentdm.oclc.org/cdm/ref/collection/agdm/id/34521,34521,34527.cpd,/agdm/image/34527.cpd
Cuba.,,Cuba 1992,,United States. Central Intelligence Agency.,,1992;,"Washington, D.C. : Central Intelligence Agency;",Cuba -- Maps.;,North and Central America;,Cuba;,,,,,"""801754 (R00014) 4-92.""; Shipping list no.: 92-0673-P.; Includes comparative area map and insets of ""Central Havana"" and ""U.S. Naval Base Guantanamo Bay.""; Gazetteer on verso.;",,"Includes comparative area map and insets of Central Havana at 1:30,000 and U.S. Naval Base Guantanamo Bay at 1:165,00. Gazetteer on verso.;",,cartographic image,still image,Maps,Color;,"1:1,000,000 ; Lambert conformal conic proj., standard parallels, 20°N and 22°N (W 85°--W 74°/N 25°--N 18°).;",,American Geographical Society Library - Maps,https://wisconsin-uwm.primo.exlibrisgroup.com/permalink/01UWI_ML/1dmapte/alma998525253402124,1 map : color ; 89 x 120 cm;,233 B-[1992],English,"American Geographical Society Library, University of Wisconsin-Milwaukee Libraries",American Geographical Society Library Digital Map Collection,The Board of Regents of the University of Wisconsin System,agsmap030419 (a-b),image/tif; Image/jp2,American Geographical Society Library Digital Map Collection,,,DP,2023-12-04,2024-05-07,http://cdm17272.contentdm.oclc.org/cdm/ref/collection/agdm/id/34524,34524,34530.cpd,/agdm/image/34530.cpd
"Indian lands of federally recognized tribes of the United States : 1885 and 2016 comparison / Bureau of Indian Affairs, Department of the Interior Office of Trust Services.",,United States 2016,,United States. Bureau of Indian Affairs. Office of Trust Services,,2016,"Washtington, D.C.] : Bureau of Indian Affairs, Department of the Interior Office of Trust Services",Indian reservations -- United States -- Maps ; Indians of North America -- Maps; United States -- Maps.,North and Central America;,United States,,,,,"Relief shown by shading and gradient tints. Shows American Indian Reservations for 1885 and 2016 with outline of boundaries for states and Regions (Northwest, Pacific, Western, Rocky Mountain, Southwest, Great Plains, Southern, Midwest, Eastern, and Alaska). ""May 2016""--Above legend. Includes table listing 53 federally recognized tribal entities. Inset: Native Entities in Alaska. Scale 1:9,750,000, which includes two insets: [Yukon and Kuskokwin Rivers area] (scale 1:2,850,000), and Annette Island (scale 1:935,000).",,,,cartographic image,still image,Maps,Color,"1:4,250,000 ; Lambert Azimuthal Equal Area, except for Alaska inset (W 121°30'--W 74°45'/N 48°30'--N 19°45').",,American Geographical Society Library - Maps,,"1 map : color ; 76 x 112 cm, on sheet 81 x 118 cm",https://www.bia.gov/sites/default/files/dup/assets/bia/ots/webteam/pdf/idc1-028635.pdf,English,"American Geographical Society Library, University of Wisconsin-Milwaukee Libraries",American Geographical Society Library Digital Map Collection,The Board of Regents of the University of Wisconsin System,,image/tif; Image/jp2,American Geographical Society Library Digital Map Collection,,"A 2016 map divides U.S. federal tribal lands into Alaska's nine regional areas, listing each area's tribes.",,2024-05-06,2026-06-26,http://cdm17272.contentdm.oclc.org/cdm/ref/collection/agdm/id/35025,35025,35029.pdf,/agdm/image/35029.pdf
"Profile of route by the Grand Portage and Pigeon River from Lake Superior to Rainy Lake ; Profile of route between Lake Superior and Rainy Lake by the Kaministiquia and Riviere la Seine / [signed] S.J. Dawson, C.E. in charge Red River Expedition.  Related titles  Related to : Dawson, S.J. (Simon James), 1820-1902. Report on the exploration of the country between Lake Superior and the Red River settlement. (Simon James), 1820-1902. Report on the exploration of the country between Lake Superior and the Red River settlement.",,,,"Dawson, S. J. (Simon James), 1820-1902",,1859,Canada : publisher not identified,"Nautical charts -- Ontario, Northern ; Nautical charts -- Superior, Lake, Region ; Nautical charts -- Rainy Lake Region (Minn. and Ont.) ; Portages -- Ontario, Northern -- Maps ; Portages -- Superior, Lake, Region -- Maps ; Portages -- Rainy Lake Region (Minn. and Ont.) -- Maps ; Ontario, Northern -- Maps ; Superior, Lake, Region -- Maps ; Rainy Lake Region (Minn. and Ont.) -- Maps ;",North and Central America;,Canada,,,,,"Summary  Elevation profiles of two routes connecting Lake Superior and Rainy Lake in northwestern Ontario, each via a series of waterways and portages.  Notes  Likely detached from: Dawson, S.J. (Simon James), 1820-1902, author. Report on the exploration of the country between Lake Superior and the Red River settlement : and between the latter place and the Assiniboine and Saskatchewan / by S.J. Dawson, Esquire, C.E.  Map theme: Land Use, Land Cover.  Related Work  Dawson, S. J. (Simon James), 1820-1902. Report on the exploration of the country between Lake Superior and the Red River settlement.",,,,cartographic image,Still image,Maps,Color,"Scale 1:253,440. 4 miles to 1 in. Vertical scale 1:2,400. 200 ft. to 1 in. (W 92°38ʹ--W 89°31ʹ/N 48°31ʹ--N 47°58ʹ).  Scale 1:253,440. 4 miles to 1 in. Vertical scale 1:2,400. 200 ft. to 1 in. (W 92°44ʹ--W 89°11ʹ/N 48°49ʹ--N 48°18ʹ).",,American Geographical Society Library - Maps,https://wisconsin-uwm.primo.exlibrisgroup.com/permalink/01UWI_ML/13nukll/alma991013994071202124,2 profiles on 1 sheet ; sheet 63 x 175 cm,141-c .N6 A-[1859?],English,"American Geographical Society Library, University of Wisconsin-Milwaukee",University of Wisconsin-Milwaukee Libraries,The Board of Regents of the University of Wisconsin System,agsmap030737 (s1-s2),image/tif; Image/jp2,American Geographical Society Library Digital Map Collection,,,,2024-06-19,2024-06-19,http://cdm17272.contentdm.oclc.org/cdm/ref/collection/agdm/id/35210,35210,35225.cpd,/agdm/image/35225.cpd
"MacKinlay's map of the Province of Nova Scotia, including the island of Cape Breton : compiled from actual & recent surveys / drawn by W.A. Hendry",,Nova Scotia 1862,,A. & W. Mackinlay (Firm),"Hendry, W. A. ; Fleming, Sandford, Sir, 1827-1915 ; A. & W. MacKinlay (Firme) ; George Philip and Son, Ltd.;",1862,"Halifax, N.S. : A. & W. MacKinlay",Nova Scotia -- Maps;,North and Central America;,Canada,Nova Scotia,,,,"lso shows Prince Edward Island and part of New Brunswick.  Shows railroads, roads, roads with telegraph lines, counties, townships, and gold diggings.  Relief shown by hachures.  ""Engraved by G. Philip & Son, Liverpool.""",,,,cartographic image,Still image,Maps,Color;,"1:563,200 (W 66°24ʹ--W 59°42ʹ/N 47°03ʹ--N 43°24ʹ).",,American Geographical Society Library - Maps,https://wisconsin-uwm.primo.exlibrisgroup.com/permalink/01UWI_ML/13nukll/alma991013097133102124,"1 map : hand colored ; 75 x 97 cm, on sheet 80 x 100 cm",132 A-1862,English,"American Geographical Society Library, University of Wisconsin-Milwaukee",University of Wisconsin-Milwaukee Libraries,The Board of Regents of the University of Wisconsin System,agsmap028333 (c1 and c2),image/tif; Image/jp2,American Geographical Society Library Digital Map Collection,,,,2024-06-19,2024-06-19,http://cdm17272.contentdm.oclc.org/cdm/ref/collection/agdm/id/35219,35219,35234.cpd,/agdm/image/35234.cpd
"Karta narodov Kitai︠a︡, MNR i Korei / sostavlena v 1958 g. Institutom ėtnografii imeni N.N. Miklukho-Maklai︠a︡ Akademii nauk SSSR i Nauchno-redakt︠s︡ionnoĭ kartosostavitelʹskoĭ chastʹi︠u︡ GUGK ; pod obshchim rukovodstvom P.E. Terlet︠s︡kogo ; avtorskiĭ original karty sostavlen S.I. Brukom ; redaktor E.A. Shishkin.      Vernacular Title  Карта народов Китая, МНР и Кореи / составлена в 1958 г. Институтом этнографии имени Н.Н. Миклухо-Маклая Академии наук СССР и Научно-редакционной картосоставительской частью ГУГК ; под общим руководством П.Е. Терлецкого ; авторский оригинал карты составлен С.И. Бруком ; редактор Е.А. Шишкин.",,China 1959,,Institut ėtnografii imeni N.N. Miklukho-Maklai︠a︡ = Институт этнографии имени Н.Н. Миклухо-Маклая,"Terlet︠s︡kiĭ, P. E.  ; Bruk, S. I. (Solomon Ilʹich) ; Soviet Union. Glavnoe upravlenie geodezii i kartografii ; Терлецкий, П. Е. ; Брук, Соломон Ильич ; Soviet Union. Главное управление геодезии и картографии ;",1959,"Moskva : Glavnoe upravlenie geodezii i kartografii MVD SSSR : Institut ėtnografii imeni N.N. Miklukho-Maklai︠a︡ Akademii nauk SSSR,",Ethnology -- China -- Maps ; Ethnology -- Mongolia -- Maps ; Ethnology -- Korea -- Maps ;,Asia;,China ; Mongolia ; Korea,,,,,"Accompanied by explanatory pamphlet with title: Naselenie Kitai︠a︡, MNR i Korei by S.I. Bruk.  Title from envelope in which issued.",,,,cartographic image,Still image,Maps,Color;,"1:5,000,000. 1 cm. = 50 km. (E 68°--E 140°/N 55°--N 16°)",,American Geographical Society Library - Maps,https://wisconsin-uwm.primo.exlibrisgroup.com/permalink/01UWI_ML/1dmapte/alma991014022872702124,1 map on 2 sheets : color ; 90 x 114 cm,460 C-1959,Russian,"American Geographical Society Library, University of Wisconsin-Milwaukee",University of Wisconsin-Milwaukee Libraries,The Board of Regents of the University of Wisconsin System,agsmap030741 (s1-s2),image/tif; Image/jp2,American Geographical Society Library Digital Map Collection,,,,2024-06-19,2024-06-19,http://cdm17272.contentdm.oclc.org/cdm/ref/collection/agdm/id/35235,35235,35250.cpd,/agdm/image/35250.cpd
"Title Xiang xing Zhonghua Minguo ren wu yu di quan tu = Map of China / compiled by John A. Diakoff, scientific collaborator of the former Russian Oriantalist's Society ; drawn by Mr. G. Primakoff ; engraved by Mr. P. Sergeeff ; approved by Department of Education of of the Three Eastern Provinces, Institute of Oriental and Commercial Sciences and Pedagogical Institute, Harbin ; recommended for use in middle and high schools. Vernacular Title 象形中華民國人物輿地全圖 = Map of China / compiled by John A. Diakoff, scientific collaborator of the former Russian Oriantalist's Society ; drawn by Mr. G. Primakoff ; engraved by Mr. P. Sergeeff ; approved by Department of Education of of the Three Eastern Provinces, Institute of Oriental and Commercial Sciences and Pedagogical Institute, Harbin ; recommended for use in middle and high schools.",,China 1931 2022,,"Primakoff, G. ;",,1931 ; 2022,"Harbin : Northern Trading Co. Ltd. & Mr. V.F. Yao-hsiun ; Norfolk, Virginia : HistoryFinePrints ; Harbin : Printed by the Lithography of the Northern Trading Co., Ltd.",China -- Maps;,Asia,China,,,,,"Enhanced reproduction of a map sold through Etsy. Acquired through the HistoryFinePrints at Etsy.com site, viewed 12/21/2022. Relief shown pictorially. Includes illustrations. Insets: January isotherms -- July isotherms.",,,,cartographic image,Still image,Maps,Color,"1:3,200,000. 32 km = 1 cm (E 75°--E 143°/N 50°--N 18°).",,American Geographical Society Library - Maps,https://wisconsin-uwm.primo.exlibrisgroup.com/permalink/01UWI_ML/13nukll/alma991013358664302124,1 map : color ; 61 x 92 cm,460 M-1931 [2022],English ; Chinese,"American Geographical Society Library, University of Wisconsin-Milwaukee",University of Wisconsin-Milwaukee Libraries,The Board of Regents of the University of Wisconsin System,agsmap030726,image/tif; Image/jp2,American Geographical Society Library Digital Map Collection,,"A 1931 stylized China map highlights geography, cities, major rivers, transport networks, and cultural symbols.",,2024-06-19,2026-06-26,http://cdm17272.contentdm.oclc.org/cdm/ref/collection/agdm/id/35253,35253,35218.jp2,/agdm/image/35218.jp2
Clothing recommendations for travel in China,,China 1984,,United States. Central Intelligence Agency,,1984,"Washington, D.C. : Central Intelligence Agency",China -- Maps ; Clothing and dress -- Maps ; Travelers -- Clothing -- China -- Maps ;,Asia,China,,,,,"Relief shown by shading. ""701929(541790)5-84.""",,,,cartographic image,Still image,Maps,Color;,"1:30,000,000 (E 73°29ʹ00ʺ--E 134°46ʹ00ʺ/N 53°33ʹ00ʺ--N 8°50ʹ00ʺ).",,American Geographical Society Library - Maps,https://wisconsin-uwm.primo.exlibrisgroup.com/permalink/01UWI_ML/13nukll/alma994868183402124,1 map : color ; sheet 28 x 22 cm.,460 I-1984,English,"American Geographical Society Library, University of Wisconsin-Milwaukee",University of Wisconsin-Milwaukee Libraries,The Board of Regents of the University of Wisconsin System,agsmap030724,image/tif; Image/jp2,American Geographical Society Library Digital Map Collection,,A 1984 China map shows regional seasonal clothing tips.,,2024-06-19,2026-06-26,http://cdm17272.contentdm.oclc.org/cdm/ref/collection/agdm/id/35254,35254,35215.jp2,/agdm/image/35215.jp2
"Cities of China, 1953",,China 1953 1973,"Geographical review ; v. 63, no. 1 (1973), pl. 2.",American Geographical Society of New York.,,1973,New York : American Geographical Society,China -- Population -- Maps ; Cities and towns -- China -- Population -- Maps ;,Asia,China,,,,,"Shows population of cities. ""The Geographical Review, vol. LXIII, no. 1, 1973, Pl. II."" -- top margin.",,,,cartographic image,Still image,Maps,Grayscale,"1:12,200,000 (E 70°--E 135°/N 55°--N 15°).",,American Geographical Society Library - Maps,https://wisconsin-uwm.primo.exlibrisgroup.com/permalink/01UWI_ML/13nukll/alma991014022872802124,"1 map ; 34 x 40 cm, folded to 19 x 15 cm",460 C-1953 1973,English,"American Geographical Society Library, University of Wisconsin-Milwaukee",University of Wisconsin-Milwaukee Libraries,The Board of Regents of the University of Wisconsin System,agsmap030740,image/tif; Image/jp2,American Geographical Society Library Digital Map Collection,,"A 1953 black-and-white Chinese population map uses dot sizes to show cities ranging from 25,000 to 5 million people.",,2024-06-19,2026-06-26,http://cdm17272.contentdm.oclc.org/cdm/ref/collection/agdm/id/35255,35255,35216.jp2,/agdm/image/35216.jp2
China linguistic groups / G.P.O. Department of State Service Office,,China 1947,,United States. Government Printing Office,,1947,"Washington, D.C. : G.P.O.",Linguistic demography -- China -- Maps ; Languages -- China -- Maps;,Asia,China,,,,,"Shows linguistic groups: Tibeto-Chinese family, Altaic family, Southeast Asiatic family, Indo-European family, Intermixed other groups. ""Department of State, Map Division, 10409 April 1947."" Includes glossary of terms. In upper right corner: 10409. Gift from publisher 1947.",,,,cartographic image,Still image,Maps,Color;,"1:14,000,000. (E 68°--E 136°/N 52°--N 16°).",,American Geographical Society Library - Maps,https://wisconsin-uwm.primo.exlibrisgroup.com/permalink/01UWI_ML/13nukll/alma991014022872902124,1 map : color ; 31 x 38 cm,460 C-1947,English,"American Geographical Society Library, University of Wisconsin-Milwaukee",University of Wisconsin-Milwaukee Libraries,The Board of Regents of the University of Wisconsin System,agsmap030738,image/tif; Image/jp2,American Geographical Society Library Digital Map Collection,,A 1947 China map highlights linguistic groups by geographic regions.,,2024-06-19,2026-06-26,http://cdm17272.contentdm.oclc.org/cdm/ref/collection/agdm/id/35259,35259,35214.jp2,/agdm/image/35214.jp2
"China, ethnolinguistic groups",,China 1983,,United States. Central Intelligence Agency,,,"Washington, D.C. : Central Intelligence Agency",China -- Languages -- Maps ; Ethnology -- China -- Maps ;,Asia;,China,,,,,"""505631 (544126) 1-83."" Includes boundary note.",,,,cartographic image,Still image,Maps,Color,"1:30,000,000 (E 73°29ʹ00ʺ--E 134°46ʹ00ʺ/N 53°33ʹ00ʺ--N 8°50ʹ00ʺ).",,American Geographical Society Library - Maps,https://wisconsin-uwm.primo.exlibrisgroup.com/permalink/01UWI_ML/13nukll/alma991014022872602124,1 map : color ; on sheet 22 x 28 cm,460 C-1983,English,"American Geographical Society Library, University of Wisconsin-Milwaukee",University of Wisconsin-Milwaukee Libraries,The Board of Regents of the University of Wisconsin System,agsmap030739,image/tif; Image/jp2,American Geographical Society Library Digital Map Collection,,"A vintage 1983 map illustrates China's main ethnolinguistic families, including Sino-Tibetan and Altaic languages.",,2024-06-19,2026-06-26,http://cdm17272.contentdm.oclc.org/cdm/ref/collection/agdm/id/35260,35260,35212.jp2,/agdm/image/35212.jp2
Geologische Karte von Preussen und benachbarten Bundesstaaten Übersicht des Kartengebietes der geologischen Karte von Preusen und benachbarten Bundesstaaten / Im Vertrieb bei der Königlich Pressischen Geologischen Landesanstalt.,,"Prussia, Germany 1912",,Germany. Reichsamt für Landesaufnahme.,Preussische Geologische Landesanstalt.   Germany. Reichsamt für Bodenforschung.,1912,Berlin : Koniglich Preussischen Geologischen Landesanstalt;,Index maps.;  Geology -- Germany -- Prussia -- Maps.;  Geology -- Germany -- Maps.;  Prussia (Germany) -- Maps.;  Germany -- Maps.;,Europe;,Germany;,,,,,"Indexes to 1:25,000 geologic map set showing sheet coverage and sheets published or in progress.;  Includes inset maps.;",,Übersicht des Kartengebietes der geologischen Karte von Preusen und benachbarten Bundesstaaten -- Übersicht der Blatteinteilung der Westhälfte des Kartengebietes -- Übersicht der Blatteinteilung der Osthälfte des Kartengebietes.;,,cartographic image,Still image,Maps,,"approximately 1:4,000,000. (E 5°51ʹ00ʺ--E 15°02ʹ00ʺ/N 55°05ʹ00ʺ--N 47°16ʹ00ʺ).   approximately 1:1,000,000. (E 5°51ʹ00ʺ--E 15°02ʹ00ʺ/N 55°05ʹ00ʺ--N 47°16ʹ00ʺ).",(E 5°51ʹ00ʺ--E 15°02ʹ00ʺ/N 55°05ʹ00ʺ--N 47°16ʹ00ʺ),American Geographical Society Library - Maps,https://wisconsin-uwm.primo.exlibrisgroup.com/permalink/01UWI_ML/13nukll/alma991013486171102124,3 maps on 2 sheets ; sheets 60 x 59 cm,"640-b G-1:25,000 Index",German,"American Geographical Society Library, University of Wisconsin-Milwaukee",University of Wisconsin-Milwaukee Libraries,The Board of Regents of the University of Wisconsin System,agsmap029763 (001-002 (a-b)),image/tif; Image/jp2,American Geographical Society Library Digital Map Collection,,,,2024-11-26,2024-11-26,http://cdm17272.contentdm.oclc.org/cdm/ref/collection/agdm/id/35997,35997,36018.cpd,/agdm/image/36018.cpd
