File,Full Title,Edition,Short Title,Series,Creator,Contributors,Publication Date,Map Publisher,Subject,Continent,Country,State/Province,Region,County,City,Place Lookup,Notes,Local Note,Contents,Essay Description of Item,Type (RDA),Type (DCMI),Genre,Color/B&W,Scale,Bounding Box,Original Collection,Primo Record Permalink,Original Item Description,Original Item ID,Language,Repository,Digital Publisher,Rights,Digital ID,Digital Format,Digital Collection,NB,Accessible Alt Text,Cataloger,Date created,Date modified,Reference URL,CONTENTdm number,CONTENTdm file name,CONTENTdm file path
20260817_agdm-export_Bbox-Subset.csv,"Arizona's lost mines and ghost towns, frontier military forts / drawn by Larry Toschik",,Arizona 1963,,"Toschik, Larry ;",,1963,"Scottsdale, Ariz. : Cornwell and Cooper Enterprises",Extinct cities -- Arizona -- Maps; Mines and mineral resources -- Arizona -- Folklore -- Maps; Treasure troves -- Arizona -- Maps; Arizona -- Maps,North and Central America,United States,Arizona,,,,Arizona,Relief shown by hachures. Pictorial map. Includes illustrations.,Available at: https://www.amazon.com/Arizona-Historic-State-Outline-Mines/dp/B09X21QQJL/ref=ast_sto_dp_puis?th=1,,,cartographic image;,Still Image,Maps,Color;,"1:1,200,000",W 114°49ʹ00ʺ--W 109°02ʹ00ʺ/N 37°00ʹ00ʺ--N 31°19ʹ00ʺ,American Geographical Society Library - Maps,https://wisconsin-uwm.primo.exlibrisgroup.com/permalink/01UWI_ML/1t3p5iu/alma9920563273402124,1 map : color ; 69 x 55 cm,811 B-1963,English,"American Geographical Society Library, University of Wisconsin-Milwaukee Libraries",University of Wisconsin-Milwaukee Libraries,https://uwm.edu/libraries/digital-collections/copyright-digcoll/,am022143,image/tif; Image/jp2,American Geographical Society Library Digital Map Collection,"Due to their file size, some maps may produce a proxy error when downloaded as a ""large"" file. In those cases, please contact us at digilib@uwm.edu to obtain a copy of the file.","Vintage Arizona map featuring lost mines, ghost towns, and old military forts.",,2017-05-11,2026-06-26,http://cdm17272.contentdm.oclc.org/cdm/ref/collection/agdm/id/8297,8297,8285.tif,/agdm/image/8285.tif
20260817_agdm-export_Bbox-Subset.csv,"Bombay City / Joshi & Co., school map publishers",,"Mumbai, India 1947",,Joshi & Company,Shri Sidh Litho Works,1947,Bombay : Joshi & Co.,Mumbai (India) -- Maps,Asia,India,,,,Mumbai,Mumbai,Shows location of tramway stations and city divisions. Includes color illustrations around margins.,,,,cartographic image;,Still Image,Maps;,Color;,"1:28,800",E 72°47ʹ07ʺ--E 72°53ʹ13ʺ/N 19°03ʹ34ʺ--N 18°53ʹ17ʺ,American Geographical Society Library - Maps,,1 map : color ; 70 x 54 cm,430-d .M85 D-[1947],English,"American Geographical Society Library, University of Wisconsin-Milwaukee Libraries",University of Wisconsin-Milwaukee Libraries,https://uwm.edu/libraries/digital-collections/copyright-digcoll/,agsmap023456,image/tif; Image/jp2,American Geographical Society Library Digital Map Collection,"Due to their file size, some maps may produce a proxy error when downloaded as a ""large"" file. In those cases, please contact us at digilib@uwm.edu to obtain a copy of the file.","A 1947 Bombay City Township map shows trams, bus routes, roads, health wards, police grounds, and municipal sites.",,2017-06-16,2026-06-26,http://cdm17272.contentdm.oclc.org/cdm/ref/collection/agdm/id/10332,10332,10346.jp2,/agdm/image/10346.jp2
20260817_agdm-export_Bbox-Subset.csv,"Map illustrating the Anglo-Italian exchange of notes of 22nd Novr. 1933, relating to the boundary between Kenya & Italian Somaliland / compiled, drawn, vandyked and printed at W.O., 1934 ; published at the War Office 1934.",,Kenya 1934,,,,1934,Great Britain. War Office. General Staff. Geographical Section,Kenya -- Maps; Italian Somaliland -- Boundaries -- Kenya -- Maps; Kenya -- Boundaries -- Italian Somaliland -- Maps,Africa,Kenya,,,,,Kenya,"Geographical Section, General Staff, No. 3934",,,,cartographic image;,Still Image,,Color;,"1:1,000,000",(E 40°37ʹ00ʺ--E 42°04ʹ00ʺ/N 4°19ʹ00ʺ--S 1°59ʹ00ʺ),American Geographical Society Library - Maps,https://wisconsin-uwm.primo.exlibrisgroup.com/permalink/01UWI_ML/1dmapte/alma991012614532702124,1 map : color ; 73 x 47 cm,352-c .W4 B-1934,,"American Geographical Society Library, University of Wisconsin-Milwaukee Libraries",University of Wisconsin-Milwaukee Libraries,https://uwm.edu/libraries/digital-collections/copyright-digcoll/,am009116c am009116,image/tif; Image/jp2,American Geographical Society Library Digital Map Collection,"Due to their file size, some maps may produce a proxy error when downloaded as a ""large"" file. In those cases, please contact us at digilib@uwm.edu to obtain a copy of the file.",The 1934 official map depicts Kenya's boundary with Italian Somaliland as agreed between the two nations.,,2017-06-19,2026-06-26,http://cdm17272.contentdm.oclc.org/cdm/ref/collection/agdm/id/10429,10429,10365.jp2,/agdm/image/10365.jp2
20260817_agdm-export_Bbox-Subset.csv,Asien zur Ubersicht der naturlichen Bodenbeschaffenheit / entworfen & gezeichnet von Hermann Berghaus,,Asia 1867,,,,1867,"Justus Perthes (Firm : Gotha, Germany);",Asia -- Maps,Asia,,,,,,Asia,Stieler's Schul-Atlas no. 23. Relief shown by hachures and spot heights.,,,,cartographic image,Still image,Maps;,Color,"1:47,000,000",E 25°39ʹ00ʺ--W 169°41ʹ00ʺ/N 81°17ʹ00ʺ--S 10°55ʹ00ʺ,American Geographical Society Library - Maps,,1 map : color ; 22 x 27 cm,400 A-[1867],German,"American Geographical Society Library, University of Wisconsin-Milwaukee Libraries",University of Wisconsin-Milwaukee Libraries,https://uwm.edu/libraries/digital-collections/copyright-digcoll/,am013701,image/tif; Image/jp2,American Geographical Society Library Digital Map Collection,"Due to their file size, some maps may produce a proxy error when downloaded as a ""large"" file. In those cases, please contact us at digilib@uwm.edu to obtain a copy of the file.",An 1867 Hermann Berghaus map of Asia depicts its natural landscapes.,,2018-10-17,2026-06-26,http://cdm17272.contentdm.oclc.org/cdm/ref/collection/agdm/id/17476,17476,17484.jp2,/agdm/image/17484.jp2
20260817_agdm-export_Bbox-Subset.csv,"Seconde partie de la carte d'Asie contenant la Chine et partie de la Tartarie, l'Inde au dela du Gange, les Isles, Sumatra, Java, Borneo, Moluques, Philippines, et du Japon / publiee sous les auspices de Monseigneur Louis-Philippe d'Orleans ; par le Sr. D'Anville",,Asia 1752,,"Anville, Jean Baptiste Bourguignon d', 1697-1782",,1752,Paris : Chez l'Auteur aux Galerie du Louvre,Asia -- Maps,Asia,,,,,,Asia,"Relief shown pictorially. ""Avec privilege."" Includes seven bar scales. Appeared in Anville's Atlas général.",,,,cartographic image,Still image,Maps;,Color,"1:7,100,000",E 90°0ʹ--E 145°/N 48°30ʹ--N 8°30ʹ,American Geographical Society Library - Maps,,1 map on 2 sheets : colored ; sheets 55.2 x 81.8 cm,400 B-1752,French,"American Geographical Society Library, University of Wisconsin-Milwaukee Libraries",University of Wisconsin-Milwaukee Libraries,https://uwm.edu/libraries/digital-collections/copyright-digcoll/,am013705,image/tif; Image/jp2,American Geographical Society Library Digital Map Collection,"Due to their file size, some maps may produce a proxy error when downloaded as a ""large"" file. In those cases, please contact us at digilib@uwm.edu to obtain a copy of the file.","An 18th-century map displays Asia's Southeast region: China, Indonesia's islands (Java, Sumatra, Borneo, Moluques).",,2018-10-17,2026-06-26,http://cdm17272.contentdm.oclc.org/cdm/ref/collection/agdm/id/17482,17482,17480.jp2,/agdm/image/17480.jp2
20260817_agdm-export_Bbox-Subset.csv,"Carte des Indes Orientales dessinée suivant les Observations les plus recentes, dont le principal est tirée des Cartes hydrographiques de Mr. d'Après de Mannevillette / dressée par Mr. Tobie Mayer ; S. Dorn Fc.",,Asia 1748,,"Mayer, Tobias, 1723-1762",,1748,"Homann, Johann Baptist, 1663-1724",Asia -- Maps,Asia,,,,,,Asia,"Relief shown pictorially. Shows rhumb lines. Prime meridian: Paris. ""Avec Privilege imperial."" ""Dediee tres humblement a Son Altesse Serenissime Monsgr. le Prince Guillaume Charles Henry Friso, Souverain Prince d'Orange, Pr. de S.E. de Nassa, Stadthoudre hereditaire, Admiral & General Capit. des Provinces unies &c. & c, Chevalier de l'Ordre de Jarretiere, par ses tres humbles & tres soumis serviteurs l'Auteur & les. Heritiers de Homan, l'An 1748."" Bar scale in Mill. German., Mill. Gallica, Mill. Hispanica, and Leucae gall. f. Horae itin. Title cartouche shows coat of arms, nautical implements, armor, weapons, and musical instruments.",,"I. Feuille dans la quelle on represente les Indes deca la Riviere de Ganges, le Golfe de Bengale, Siam, Malacca, Sumatra -- II. Feuille, qui comprend les isles de Sonde, l'archipel des Philippines, & les isles Moluques.",,cartographic image,Still image,Maps;,Color,"1:10,000,000",E 66°06ʹ00ʺ--E 140°19ʹ00ʺ/N 30°00ʹ00ʺ--S 12°56ʹ00ʺ,American Geographical Society Library - Maps,,"1 map on 2 sheets : colored ; 48 x 85 cm, sheets 64 x 50 cm",400 A-1748 sheet 1 - sheet 2,French ; Latin,"American Geographical Society Library, University of Wisconsin-Milwaukee Libraries",University of Wisconsin-Milwaukee Libraries,https://uwm.edu/libraries/digital-collections/copyright-digcoll/,am013725 am013726,image/tif; Image/jp2,American Geographical Society Library Digital Map Collection,"Due to their file size, some maps may produce a proxy error when downloaded as a ""large"" file. In those cases, please contact us at digilib@uwm.edu to obtain a copy of the file.",,,2018-10-18,2026-03-30,http://cdm17272.contentdm.oclc.org/cdm/ref/collection/agdm/id/17491,17491,17497.cpd,/agdm/image/17497.cpd
20260817_agdm-export_Bbox-Subset.csv,"A Survey of Delagoa Bay; or Lorenzo Marques on the east coast of Africa / by the officers of H.M. Ships Leven & Barracouta, under the direction of Captn. W.F.W. Owen",,"Delagoa Bay, Mozambique 1827",,,,1827,London : Great Britain. Hydrographic Office ;,Mozambique -- Maps; Coasts -- Mozambique -- Maps;,Africa,Mozambique,,,,,Mozambique,Relief shown by hachures. Depths show by soundings. Includes notes.,,,,cartographic image,Still image,Maps;,Color,"1:150,000",E 32°23ʹ00ʺ--E 33°15ʹ00ʺ/S 25°35ʹ00ʺ--S 27°13ʹ00ʺ,American Geographical Society Library - Maps,,1 map : color ; 62 x 46 cm,368-c .E2 A-1827,English,"American Geographical Society Library, University of Wisconsin-Milwaukee Libraries",University of Wisconsin-Milwaukee Libraries,https://uwm.edu/libraries/digital-collections/copyright-digcoll/,am013734,image/tif; Image/jp2,American Geographical Society Library Digital Map Collection,"Due to their file size, some maps may produce a proxy error when downloaded as a ""large"" file. In those cases, please contact us at digilib@uwm.edu to obtain a copy of the file.","Captain W.F.W. Owen's 1827 survey map of Delagoa Bay, created aboard HMS Leven and Barracouta.",,2018-10-18,2026-06-26,http://cdm17272.contentdm.oclc.org/cdm/ref/collection/agdm/id/17527,17527,17492.jp2,/agdm/image/17492.jp2
20260817_agdm-export_Bbox-Subset.csv,"Plan of the harbour and adjacent territories of Mosambique, laid down partly by geometrical observations and partly collated from original Portuguese charts / by Henry Salt Esqr. ; published May 30th, 1814 by F.C. and J. Rivington ; A. Macpherson sculpt. ; J. Outhett delt.","May 30th, 1814.",Mozambique 1814,,,,1814,London : F.C. and J. Rivington,Harbors -- Mozambique -- Maps,Africa,Mozambique,,,,,Mozambique,"Relief shown by hachures. Depths shown by soundings. Includes view ""A view of the Port of Mosambique from the anchorage.""",Portion of map missing.,,,cartographic image,Still image,Maps;,B&W,"1:100,000",E 40°36ʹ28ʺ--E 40°50ʹ09ʺ/S 14°51ʹ53ʺ--S 15°06ʹ44ʺ,American Geographical Society Library - Maps,,1 map ; 34 x 24 cm,368-c .P6M6 A-1809,English,"American Geographical Society Library, University of Wisconsin-Milwaukee Libraries",University of Wisconsin-Milwaukee Libraries,https://uwm.edu/libraries/digital-collections/copyright-digcoll/,am013735,image/tif; Image/jp2,American Geographical Society Library Digital Map Collection,"Due to their file size, some maps may produce a proxy error when downloaded as a ""large"" file. In those cases, please contact us at digilib@uwm.edu to obtain a copy of the file.","1814 map titled Plan of the Harbour and Adjacent Territories of Mozambique made by Henry Salt at 1:100,000 scale.",,2018-10-18,2026-06-26,http://cdm17272.contentdm.oclc.org/cdm/ref/collection/agdm/id/17528,17528,17493.jp2,/agdm/image/17493.jp2
20260817_agdm-export_Bbox-Subset.csv,Siberia and Chinese Tartary / engraved by J & C Walker,,Asia 1838,,,"Arrowsmith, John, 1790-1873;",1838,Society for the Diffusion of Useful Knowledge (Great Britain);,Asia -- Maps,Asia,,,,,,Asia,"Shows southeastern Siberia, Mongolia and part of China.  Relief shown by hachures. In lower left margin: Piadischev -- I. Arrowsmith. Includes glossary.",,,,cartographic image,Still image,Maps;,Color,"1:11,000,000",E 80°--E 145°/N 60°--N 35°,American Geographical Society Library - Maps,,1 map : colored ; 31 x 40 cm,400-c .E2 A-1838,English,"American Geographical Society Library, University of Wisconsin-Milwaukee Libraries",University of Wisconsin-Milwaukee Libraries,https://uwm.edu/libraries/digital-collections/copyright-digcoll/,am013769,image/tif; Image/jp2,American Geographical Society Library Digital Map Collection,"Due to their file size, some maps may produce a proxy error when downloaded as a ""large"" file. In those cases, please contact us at digilib@uwm.edu to obtain a copy of the file.","An 1838 map of Siberia and Chinese Tartary highlights mountain ranges, rivers, and capital cities.",,2018-10-18,2026-06-26,http://cdm17272.contentdm.oclc.org/cdm/ref/collection/agdm/id/17547,17547,17569.jp2,/agdm/image/17569.jp2
20260817_agdm-export_Bbox-Subset.csv,Carte particuliere de l'Isle Dauphine ou Madagascar et St. Laurens : levée par Ordre Expres des Roys de Portugal sous qui on en a Fait la Decouverte,,Madagascar 1700,,"Mortier, Pierre;","Sanson, Nicolas, 1600-1667",1700,Amsterdam : Chez Pierre Mortier libraire,Madagascar -- Maps -- Early works to 1800 ; Mozambique Channel -- Navigation -- Maps -- Early works to 1800; Nautical charts ;,Africa,Madagascar,,,,,Madagascar,"Relief shown pictorially. North oriented to the left. Includes inset map: Baye de Saint-Augustin. Detached from: Suite du Neptune françois, ou, Atlas nouveau des cartes marines, levées et gravées par ordre exprés du Roy de Portugal sous qui on a fait la découverte de l'Afrique etc. ""28""--Bottom right corner.",,,,cartographic image,Still image,Maps;,Color,"1:2,150,000",E 41°06ʹ00ʺ--E 56°04ʹ00ʺ/S 10°31ʹ00ʺ--S 26°58ʹ00ʺ,American Geographical Society Library - Maps,,1 map : color ; 55 x 85 cm,380 A-[1700],French,"American Geographical Society Library, University of Wisconsin-Milwaukee Libraries",University of Wisconsin-Milwaukee Libraries,https://uwm.edu/libraries/digital-collections/copyright-digcoll/,am013783,image/tif; Image/jp2,American Geographical Society Library Digital Map Collection,"Due to their file size, some maps may produce a proxy error when downloaded as a ""large"" file. In those cases, please contact us at digilib@uwm.edu to obtain a copy of the file.",An 18th-century engraved map titled Carte Particuliere de l'Isle Dauphine depicts Madagascar's coastline and regional.,,2018-10-18,2026-06-26,http://cdm17272.contentdm.oclc.org/cdm/ref/collection/agdm/id/17550,17550,17553.jp2,/agdm/image/17553.jp2
20260817_agdm-export_Bbox-Subset.csv,"Islands and ports of Mombas / surveyed by Lieuts. W. Mudge, T. Boteler, & R. Owen assisted by Lieutt. Nash and Messrs. Barrette and Tudor, Mids under the directions of Captn. W.F.W. Owen of H.M.S. Leven 1824 ; J. & C. Walker sculpt.",,"Mombasa, Kenya 1827",Great Britain. Hydrographic Office. Admiralty chart ; 666.,Great Britain. Hydrographic Office;,J. & C. Walker (Firm),1827,Great Britain. Admiralty;,Mombasa (Kenya) -- Maps ; Nautical charts -- Kenya -- Mombasa,Africa,Kenya,,,,Mombasa,Mombasa,Relief shown by hachures. Depths shown by bathymetric isolines and soundings.,,,,cartographic image,Still image,Maps;,B&W,"1:57,900",E 39°33ʹ38ʺ--E 39°45ʹ00ʺ/S 4°00ʹ00ʺ--S 4°06ʹ38ʺ,American Geographical Society Library - Maps,https://wisconsin-uwm.primo.exlibrisgroup.com/permalink/01UWI_ML/1t3p5iu/alma991012540535102124,"1 map ; 45 x 59 cm, on sheet 50 x 67 cm.",353-c .M65 A-1827 (another copy in BA 666 1827),English,"American Geographical Society Library, University of Wisconsin-Milwaukee Libraries",University of Wisconsin-Milwaukee Libraries,https://uwm.edu/libraries/digital-collections/copyright-digcoll/,am013737,image/tif; Image/jp2,American Geographical Society Library Digital Map Collection,"Due to their file size, some maps may produce a proxy error when downloaded as a ""large"" file. In those cases, please contact us at digilib@uwm.edu to obtain a copy of the file.",An 1827 British survey map shows Mombasa island and its ports.,,2018-10-18,2026-06-26,http://cdm17272.contentdm.oclc.org/cdm/ref/collection/agdm/id/17553,17553,17560.jp2,/agdm/image/17560.jp2
20260817_agdm-export_Bbox-Subset.csv,"Übersichts-Karte von Iran, oder West-Hochasien : zu C. Ritter's Erdkunde, Buch III, West-Asien, Theil VIII, IX / Bearbeitet von H. Kiepert, herausgegeben von C. Ritter.",,Iran 1852,,"Kiepert, Heinrich, 1818-1899","Reimer, Dietrich, 1818-1899 ; Ritter, Carl, 1779-1859",1852,"Dietrich Reimer Verlag (Berlin, Germany);",Asia -- Maps ; Iran ; Maps;,Asia,Iran,,,,,Iran,Relief shown by hachures. From Atlas von Asien.,,,,cartographic image,Still image,Maps;,Color,"1:5,000,000",E 44°--E 72°/N 41°--N 25°,American Geographical Society Library - Maps,,1 map : colored ; 36 x 47 cm,423 A-1852,German,"American Geographical Society Library, University of Wisconsin-Milwaukee Libraries",University of Wisconsin-Milwaukee Libraries,https://uwm.edu/libraries/digital-collections/copyright-digcoll/,am013742,image/tif; Image/jp2,American Geographical Society Library Digital Map Collection,"Due to their file size, some maps may produce a proxy error when downloaded as a ""large"" file. In those cases, please contact us at digilib@uwm.edu to obtain a copy of the file.",An 1852 map by Heinrich Kiepert illustrates Iran's political borders and key geographic features from C. Ritter's Erdkunde.,,2018-10-18,2026-06-26,http://cdm17272.contentdm.oclc.org/cdm/ref/collection/agdm/id/17561,17561,17536.jp2,/agdm/image/17536.jp2
20260817_agdm-export_Bbox-Subset.csv,Asia / drawn under the direction of Mr. Pinkerton by L. Herbert ; Neele sculpt.,,Asia 1818,,,"Pinkerton, John, 1758-1826;",1818,Philadelphia : Thomas Dobson and Son,Asia -- Maps,Asia,,,,,,Asia,"Relief shown by hachures.  From Pinkerton's modern atlas, from the latest and best authorities, exhibiting the various divisions of the world : with its chief empires, kingdoms and states ... 1818. In upper margin: Pinkerton's modern atlas.",,,,cartographic image,Still image,Maps;,Color,"1:17,500,000",E 45°--E 170°/S 55°--N 5°,American Geographical Society Library - Maps,,1 map : color ; 51 x 70 cm,400 A-1817,English,"American Geographical Society Library, University of Wisconsin-Milwaukee Libraries",University of Wisconsin-Milwaukee Libraries,https://uwm.edu/libraries/digital-collections/copyright-digcoll/,am013688,image/tif; Image/jp2,American Geographical Society Library Digital Map Collection,"Due to their file size, some maps may produce a proxy error when downloaded as a ""large"" file. In those cases, please contact us at digilib@uwm.edu to obtain a copy of the file.","An 1818 hand-drawn map depicts Asia with countries, rivers, and the Silk Road among key trade routes.",,2018-10-19,2026-06-26,http://cdm17272.contentdm.oclc.org/cdm/ref/collection/agdm/id/17604,17604,17590.jp2,/agdm/image/17590.jp2
20260817_agdm-export_Bbox-Subset.csv,Cape Good Hope / published Jany. 4 1828 by Saml. Arrowsmith,,"Cape of Good Hope, South Africa 1828",,"Arrowsmith, Samuel -1839;",,1828,London : Saml. Arrowsmith,Cape of Good Hope (South Africa) -- Maps,Africa,South Africa,,Cape of Good Hope,,,Cape of Good Hope,"Includes notes. ""37"" -- bottom right margin.",,,,cartographic image,Still image,Maps;,Color,"1:4,000,000",E 16°35ʹ00ʺ--E 27°30ʹ00ʺ/S 28°04ʹ00ʺ--S 35°00ʹ00ʺ,American Geographical Society Library - Maps,,1 map : color ; 23 x 31 cm,370 B-1828,English,"American Geographical Society Library, University of Wisconsin-Milwaukee Libraries",University of Wisconsin-Milwaukee Libraries,https://uwm.edu/libraries/digital-collections/copyright-digcoll/,am013677,image/tif; Image/jp2,American Geographical Society Library Digital Map Collection,"Due to their file size, some maps may produce a proxy error when downloaded as a ""large"" file. In those cases, please contact us at digilib@uwm.edu to obtain a copy of the file.",This 1828 map of South Africa's Cape of Good Hope highlights routes and key coastal settlements in surrounding areas.,,2018-10-19,2026-06-26,http://cdm17272.contentdm.oclc.org/cdm/ref/collection/agdm/id/17621,17621,17591.jp2,/agdm/image/17591.jp2
20260817_agdm-export_Bbox-Subset.csv,Map of the journeyings of the Israelites in the desert / chiefly from the map of Robinson and Smith,,Sinai Peninsula 1843,,"Breese, Samuel",,1843,[New York] : [Sidney E. Morse and Samuel Brease],"Sinai (Egypt) -- Maps; Arab countries -- Maps  ; Bible. Old Testament. Geography --Maps ; Exodus, The -- Maps;",Africa,Egypt,,,,,Egypt,"Entered according to Act of Congress in the year 1843 by Sidney E. Morse and Samuel Breese in the Clerk's Office of the Southern District of New York. ""No. 2"" -- top right margin. Includes inset map ""Sinai.""",,,,cartographic image,Still image,Maps,Color,"1:5,000,000",E 30°15ʹ--E 35°50ʹ/N 31°30ʹ/--N 27°45ʹ,American Geographical Society Library - Maps,,1 map : colored ; 31 x 40 cm,316.1 A-[1843],English,"American Geographical Society Library, University of Wisconsin-Milwaukee Libraries",University of Wisconsin-Milwaukee Libraries,https://uwm.edu/libraries/digital-collections/copyright-digcoll/,am013852,image/tif; Image/jp2,American Geographical Society Library Digital Map Collection,"Due to their file size, some maps may produce a proxy error when downloaded as a ""large"" file. In those cases, please contact us at digilib@uwm.edu to obtain a copy of the file.","An 1843 map illustrates the Israelites' route through the Sinai Desert and nearby Arab lands, based on Robinson and Smith's.",,2018-10-19,2026-06-26,http://cdm17272.contentdm.oclc.org/cdm/ref/collection/agdm/id/17633,17633,17645.jp2,/agdm/image/17645.jp2
20260817_agdm-export_Bbox-Subset.csv,"Ordance survey of the peninsula of Sinai : ǂb made with the sanction of the Right Hon. Sir. John Pakington, Bart, Secretary of State for War / by Captains C.W. Wilson, and H.S. Palmer, R.E. ; under the direction of Major General Sir Henery James, R.E., F.R.S., &c., Director General of the Ordance Survey, MDCCCLXIX.",,Sinai Peninsula 1869,,Great Britain. Ordnance Survey,"Wilson, Charles William, Sir, 1836-1905 ; Palmer, H. Spencer (Henry Spencer), 1838-1893 ;James, H., 1803-1877.",1869,London : Ordnance Survey,Sinai (Egypt) -- Maps; Arab countries -- Maps,Africa,Egypt,,,,,Egypt,"Covers southern portion of Sinai, showing physical features and desert routes. Relief shown by hachures. Includes source notes, and names of the party employed on the survey. Includes inset map of the Suez Canal from Admiralty chart.",,,,cartographic image,Still image,Maps;,Color,"1:633,600. 10 miles to one inch",E 32°00ʹ--E 36°00ʹ/N 30°00ʹ--N 28°00ʹ,American Geographical Society Library - Maps,,1 map : color ; 43 x 62 cm,316.1 A-1869a,English,"American Geographical Society Library, University of Wisconsin-Milwaukee Libraries",University of Wisconsin-Milwaukee Libraries,https://uwm.edu/libraries/digital-collections/copyright-digcoll/,am013851,image/tif; Image/jp2,American Geographical Society Library Digital Map Collection,"Due to their file size, some maps may produce a proxy error when downloaded as a ""large"" file. In those cases, please contact us at digilib@uwm.edu to obtain a copy of the file.",An 1869 Ordnance Survey map shows the Sinai Peninsula with key geographic features marked.,,2018-10-19,2026-06-26,http://cdm17272.contentdm.oclc.org/cdm/ref/collection/agdm/id/17634,17634,17627.jp2,/agdm/image/17627.jp2
20260817_agdm-export_Bbox-Subset.csv,Charte von Nord-Africa : eine Berichtigung der Geographie desselben und Darstellung der neuesten Entdeckungen zusammengetragen von J. Rennell.,,Africa 1799,,"Rennell, James","Industrie-Comptoir (Weimar, Thuringia, Germany)",1799,[Weimar] : [Verlage des landes-Industrie comptoirs],"Africa, North -- Maps",Africa,,,,,,Africa,"Relief shown by hachures. Includes note. In lower right: F. d. A[llgemeine] G[eographische] Ephem[eriden] III B. 1 St .1799. Taken from the German edition: ""Travels in the interior districts of Africa"" by Mungo Park",,,,cartographic image,Still image,Maps;,B&W,"1:22,000,000",W 25°21ʹ00ʺ--E 63°29ʹ00ʺ/N 37°20ʹ00ʺ--S 1°46ʹ00ʺ,American Geographical Society Library - Maps,,1 map ; 22 x 38,300-c .N6 B-[1799],German,"American Geographical Society Library, University of Wisconsin-Milwaukee Libraries",University of Wisconsin-Milwaukee Libraries,https://uwm.edu/libraries/digital-collections/copyright-digcoll/,am013530,image/tif; Image/jp2,American Geographical Society Library Digital Map Collection,"Due to their file size, some maps may produce a proxy error when downloaded as a ""large"" file. In those cases, please contact us at digilib@uwm.edu to obtain a copy of the file.",A corrected 1799 Rennell map of North Africa incorporates recent geographic discoveries.,,2018-10-22,2026-06-26,http://cdm17272.contentdm.oclc.org/cdm/ref/collection/agdm/id/17719,17719,17672.jp2,/agdm/image/17672.jp2
20260817_agdm-export_Bbox-Subset.csv,Nouvelle carte general de l'Egypte donnant les sources du Nil decouvertes par Speke et Grant dressee d'apres les documents officiels accompagnee d'un plan topographique du Canal de l'Isthme de Suez et d'un planisphere indiquant les distances par mer entre les divers pays du mond 1864,,Egypt 1864,,,,1864,Paris : Imp. A. Bry,Egypt -- Maps,Africa,Egypt,,,,,Egypt,"Covers Egypt, Egyptian Sudan, and the Nile River Basin, based on Speke & Grant discoveries. Relief shown by hachures and spot heights. Shows sources of the river at the Africa Great Lakes (Victoria, Albert, and Tana), flowing northward through its major tributaries, White Nile, Blue Nile, and Atbara, forming the river watershed to the Mediterranean Sea. Also, it shows approximate political, ethnic and tribal limits, ancient places, campaigns and battles sites, routes of discoveries and caravan trails. Insets: Plan du canal maritime de l'Isthme de Suez -- Carte indiquant la longueur des trajets principaux.",,,,cartographic image,Still image,Maps;,Color,"1:444,444",E 22°--E 44°/N 32°--N 04°,American Geographical Society Library - Maps,,1 map : color ; 97 x 57 cm,316 A-1864,French,"American Geographical Society Library, University of Wisconsin-Milwaukee Libraries",University of Wisconsin-Milwaukee Libraries,https://uwm.edu/libraries/digital-collections/copyright-digcoll/,am013534,image/tif; Image/jp2,American Geographical Society Library Digital Map Collection,"Due to their file size, some maps may produce a proxy error when downloaded as a ""large"" file. In those cases, please contact us at digilib@uwm.edu to obtain a copy of the file.","An 1864 map of Egypt shows Nile sources explored by Speke and Grant, Suez Canal area, and marine routes worldwide.",,2018-10-22,2026-06-26,http://cdm17272.contentdm.oclc.org/cdm/ref/collection/agdm/id/17722,17722,17656.jp2,/agdm/image/17656.jp2
20260817_agdm-export_Bbox-Subset.csv,"Carte de la Barbarie, Nigritie et de la Guinée avec les pays voisins : dressée sur les memoires les plus nouveaux & les observations les plus exactes.",,"Africa, West 1732",,"L'Isle, Guillaume de, 1675-1726",,1732,[Paris] : [Chatelain],"Africa, West -- Maps -- Early works to 1800; Africa, North -- Maps -- Early works to 1800",Africa,,,,,,Africa,"Relief shown pictorially. ""Tom: VI. No.9. Pag.27."" Includes note.",,,,cartographic image,Still image,Maps;,Color,"1:11,500,000",W 25°22ʹ--E 26°31ʹ/N 38°35ʹ--S 1°14ʹ,American Geographical Society Library - Maps,,1 map ;  36.4 x 49.5 cm,300-c .N6W4 A-[1732],French,"American Geographical Society Library, University of Wisconsin-Milwaukee Libraries",University of Wisconsin-Milwaukee Libraries,https://uwm.edu/libraries/digital-collections/copyright-digcoll/,am013547,image/tif; Image/jp2,American Geographical Society Library Digital Map Collection,"Due to their file size, some maps may produce a proxy error when downloaded as a ""large"" file. In those cases, please contact us at digilib@uwm.edu to obtain a copy of the file.","17th-century European map of North and West Africa, titled Carte de la Barbarie, Nigritie et de la Guinee, highlights.",,2018-10-22,2026-06-26,http://cdm17272.contentdm.oclc.org/cdm/ref/collection/agdm/id/17749,17749,17655.jp2,/agdm/image/17655.jp2
20260817_agdm-export_Bbox-Subset.csv,South Central Africa / by Edwd. Weller,,Africa 1857,,"Weller, Edward, d. 1884;",,1857,"Publication London : Weekly Dispatch Atlas, 139 Fleet Street, 1863 Manufacture London : Engraved by Edwd. Weller, 34 Red Lion Square",Africa -- Maps,Africa,,,,,,Africa,"Weekly Dispatch Atlas. Related titles Available in other form: Online version: Weller, Edward, 1819-1884. South central Africa. [London] : Weekly Dispatch Atlas, 139 Fleet Street, [1863] Related to : Container of (manifestation) Dispatch Atlas. London : Published at the Weekly Dispatch office, 1863. Notes Lithograph, hand colored. Relief shown by hachures. Map of early colonial Africa showing parts of central, eastern and southern territories. Zambesi River not fully charted with assumptions indicated by dotted lines. ""Longitude East of Greenwich"". ""E. Weller, lithogr.""--Margin, bottom middle. Map has the distinctive logo mark from Dispatch atlas of the half globe and scroll with the figure of Mercury. Portions of the map extend past neat lines. First drawn for Weekly Dispatch newspaper and re-issued in the Dispatch Atlas. Plates were later acquired by the firm of Cassell, Petter & Galpin. From: Dispatch Atlas / London : 1863.",,,,cartographic image,Still image,Maps,Color,"1:11,088,000",E 6°--E 52°/S 0°--S 28°,American Geographical Society Library - Maps,https://wisconsin-uwm.primo.exlibrisgroup.com/permalink/01UWI_ML/1t3p5iu/alma991014695221302124,"1 map : color ; 30.8 x 42.4 cm, on sheet 35 x 49.4 cm",300-c .C4 A-[1863],English,"American Geographical Society Library, University of Wisconsin-Milwaukee Libraries",University of Wisconsin-Milwaukee Libraries,https://uwm.edu/libraries/digital-collections/copyright-digcoll/,am013528,image/tif; Image/jp2,American Geographical Society Library Digital Map Collection,"Due to their file size, some maps may produce a proxy error when downloaded as a ""large"" file. In those cases, please contact us at digilib@uwm.edu to obtain a copy of the file.",Edward Weller's 1857 map of central southern Africa includes early geographic and political names.,,2018-10-22,2026-06-26,http://cdm17272.contentdm.oclc.org/cdm/ref/collection/agdm/id/17752,17752,17662.jp2,/agdm/image/17662.jp2
20260817_agdm-export_Bbox-Subset.csv,"Carte du Royaume de Congo du Monomotapa et de la Cafrerie, Dresseé fur le Mémoires les plus exacts & les observations les plus Nouvelles",,Africa 1732,,"L'Isle, Guillaume de, 1675-1726",,1732,Amsterdam : chez l'Honoré & Chatelain Libraires,Africa -- Maps,Africa,,,,,,Africa,,"Relief shown pictorially. ""Tom: VI. No. 15. Pag: 59."" Identical map published in both first and second edition of atlas: Atlas historique, ou nouvelle introduction a l'histoire, à la chronologie & à la géographie ancienne & moderne, v. 6 / par Mr. C. ; avec des dissertations sur l'histoire de chaque etat par Mr. Gueudeville. Amsterdam : chez l'Honoré & Châtelain Libraires, M. DCC. XIX [1719] ; Atlas historique, ou nouvelle introduction a l'histoire, à la chronologie & à la géographie ancienne & moderne, v. 6 / par Mr. C. ; avec des dissertations sur l'histoire de chaque etat par Mr. Gueudeville. Seconde edition, corrigée et augmentée. Amsterdam : chez Zacharie Chatelain, M. DCC. XXXII [1732].  ""A map of southern Africa issued in vol. 6 of the Atlas historique ... which was published in seven volumes, compiled by Gueudeville and Garillon, with a supplement by H.P. de Limiers and maps by Henri Abraham Chatelain, engraver and geographer of Amsterdam ... In the lower right-hand corner of this map there is a long note describing the Congo, Monomotapa and Kaffraria. The interior of the map is full of detail, especially the tribal kingdoms such as Monomotapa. It is interesting to note many references to gold, in the form of 'mines d'or'. Associated with one such area is M. Fura, which the author of The Eldorado of the ancients, Carl Peters, refers to as the 'fons et origo' of the region of the Zambezi in the biblical voyages of Solomon to Ophir. This has been completely disproved.""--Norwich's maps of Africa, page 188.",,,cartographic image,Still image,Maps;,Color,"1:11,000,000",E 6°45ʹ--E 62°15ʹ/N 2°00ʹ--S 36°00ʹ,American Geographical Society Library - Maps,,1 map : colored ; 37 x 50 cm,300-c .S6 A-[1732],French,"American Geographical Society Library, University of Wisconsin-Milwaukee Libraries",University of Wisconsin-Milwaukee Libraries,https://uwm.edu/libraries/digital-collections/copyright-digcoll/,am013548,image/tif; Image/jp2,American Geographical Society Library Digital Map Collection,"Due to their file size, some maps may produce a proxy error when downloaded as a ""large"" file. In those cases, please contact us at digilib@uwm.edu to obtain a copy of the file.","An 18th-century map shows Congo, Monomotapa, and Cafrerie regions with major African kingdoms and labeled territories.",,2018-10-22,2026-06-26,http://cdm17272.contentdm.oclc.org/cdm/ref/collection/agdm/id/17753,17753,17667.jp2,/agdm/image/17667.jp2
20260817_agdm-export_Bbox-Subset.csv,Egypt / published by the Society for the Diffusion of Useful Knowledge ;  J.&C. Walker,,Egypt 1831,Maps for the Society for the Diffusion of Useful Knowledge 1844,Society for the Diffusion of Useful Knowledge (Great Britain),J. & C. Walker (Firm) ; Baldwin & Cradock,1831,[London] : Baldwin & Cradock,Egypt -- Maps,Africa,Egypt,,,,,Egypt,"Relief shown by hachures. Includes inset map. ""Jany. 1st. 1831."" Contained in (work): Long, George, 1800-1879. Maps of the Society for the Diffusion of Useful Knowledge.",,,,cartographic image,Still image,Maps;,Color,"1:3,000,000",E 28°00ʹ--E 35°00ʹ/N 31°00ʹ--N 23°00ʹ,American Geographical Society Library - Maps,https://wisconsin-uwm.primo.exlibrisgroup.com/permalink/01UWI_ML/1t3p5iu/alma991014695227802124,1 map : color ; 36 x 29 cm,316 A-[1831]a,English,"American Geographical Society Library, University of Wisconsin-Milwaukee Libraries",University of Wisconsin-Milwaukee Libraries,https://uwm.edu/libraries/digital-collections/copyright-digcoll/,am013578,image/tif; Image/jp2,American Geographical Society Library Digital Map Collection,"Due to their file size, some maps may produce a proxy error when downloaded as a ""large"" file. In those cases, please contact us at digilib@uwm.edu to obtain a copy of the file.",An 1831 Egypt and Mediterranean map highlights desert trade routes and key cities.,,2018-10-22,2026-06-26,http://cdm17272.contentdm.oclc.org/cdm/ref/collection/agdm/id/17758,17758,17784.jp2,/agdm/image/17784.jp2
20260817_agdm-export_Bbox-Subset.csv,"Ancient Egypt published / by G. Long, Prof. Greek, Londn. Universy. ; J. & C. Walker sculp. ; by Society for the Diffusion of Useful Knowledge",,Egypt 1831,,Society for the Diffusion of Useful Knowledge (Great Britain),J. & C. Walker (Firm);  Baldwin & Cradock,1831,[London] : Baldwin & Cradock,Egypt -- Maps,Africa,Egypt,,,,,Egypt,"Relief shown by hachures. Contained in (work): Long, George, 1800-1879. Maps of the Society for the Diffusion of Useful Knowledge (Great Britain)",,,,cartographic image,Still image,Maps;,Color,"1:3,000,000",E 28°00ʹ--E 36°00ʹ/N 31°00ʹ--N 23°00ʹ,American Geographical Society Library - Maps,https://wisconsin-uwm.primo.exlibrisgroup.com/permalink/01UWI_ML/1t3p5iu/alma991013994072602124,1 map : color ;36 x 29 cm,316 A-1831,English,"American Geographical Society Library, University of Wisconsin-Milwaukee Libraries",University of Wisconsin-Milwaukee Libraries,https://uwm.edu/libraries/digital-collections/copyright-digcoll/,am013589,image/tif; Image/jp2,American Geographical Society Library Digital Map Collection,"Due to their file size, some maps may produce a proxy error when downloaded as a ""large"" file. In those cases, please contact us at digilib@uwm.edu to obtain a copy of the file.","An 1831 Society for the Diffusion of Useful Knowledge map of ancient Egypt highlights cities, rivers, and regions.",,2018-10-22,2026-06-26,http://cdm17272.contentdm.oclc.org/cdm/ref/collection/agdm/id/17766,17766,17785.jp2,/agdm/image/17785.jp2
20260817_agdm-export_Bbox-Subset.csv,Egypt / published by the Society for the Diffusion of Useful Knowledge ; by G. Long ; J.&C. Walker,,Egypt 1831,,,London : Charles Knight & Co.,1831,Society for the Diffusion of Useful Knowledge (Great Britain);,Egypt -- Maps,Africa,Egypt,,,,,Egypt,"Relief shown by hachures. ""121"" -- lower margin.  Contained in (work): Long, George, 1800-1879. Maps of the Society for the Diffusion of Useful Knowledge (Great Britain)",,,,cartographic image,Still image,Maps;,Color,"1:3,000,000",E 28°00ʹ--E 36°00ʹ/N 31°00ʹ--N 23°00ʹ,American Geographical Society Library - Maps,https://wisconsin-uwm.primo.exlibrisgroup.com/permalink/01UWI_ML/1t3p5iu/alma991014695227902124,1 map : color ; 36 x 30 cm,316 B-[1831],English,"American Geographical Society Library, University of Wisconsin-Milwaukee Libraries",University of Wisconsin-Milwaukee Libraries,https://uwm.edu/libraries/digital-collections/copyright-digcoll/,am013577,image/tif; Image/jp2,American Geographical Society Library Digital Map Collection,"Due to their file size, some maps may produce a proxy error when downloaded as a ""large"" file. In those cases, please contact us at digilib@uwm.edu to obtain a copy of the file.",An 1831 Egypt map shows the Nile River and major routes through the Libyan Desert with coastal Mediterranean zones.,,2018-10-22,2026-06-26,http://cdm17272.contentdm.oclc.org/cdm/ref/collection/agdm/id/17780,17780,17773.jp2,/agdm/image/17773.jp2
20260817_agdm-export_Bbox-Subset.csv,"South Africa / compiled from the M.S. maps in the Colonial Office, Captn. Owen's survey &c. ; published under the Superintendence of the Society for the Diffusion of Useful Knowledge by Baldwin & Cradock ; J. & C. Walker, sculpt.","April 1st, 1834",South Africa 1834,,Society for the Diffusion of Useful Knowledge (Great Britain),,1834,London : Baldwin & Cradock,"Africa, Southern -- Maps; Cape Town (South Africa) -- Maps;",Africa,,,,,,Africa,"Relief shown by hachures. Includes 4 inset maps and key to abbreviations. Inset maps: Environs of the Cape -- District of George -- Environs of Graham-Town -- Cape-Town from Greig's Almanac. Scale approximately 1:24,000.",,,,cartographic image,Still image,Maps;,Color,"1:4,700,000",E 14°--E 33°/S 23°--S 35°,American Geographical Society Library - Maps,,1 map : hand colored ; 30 x 38 cm,370 B-1834,English,"American Geographical Society Library, University of Wisconsin-Milwaukee Libraries",University of Wisconsin-Milwaukee Libraries,https://uwm.edu/libraries/digital-collections/copyright-digcoll/,am013676,image/tif; Image/jp2,American Geographical Society Library Digital Map Collection,"Due to their file size, some maps may produce a proxy error when downloaded as a ""large"" file. In those cases, please contact us at digilib@uwm.edu to obtain a copy of the file.","An 1834 South African map displays Cape Town with province borders, towns, rivers, and nearby districts like George.",,2018-10-22,2026-06-26,http://cdm17272.contentdm.oclc.org/cdm/ref/collection/agdm/id/17783,17783,17768.jp2,/agdm/image/17768.jp2
20260817_agdm-export_Bbox-Subset.csv,Egypt / published by the Society for the Diffusion of Useful Knowledge ;  J.&C. Walker,,Egypt 1831,Maps for the Society for the Diffusion of Useful Knowledge 1844,,J. & C. Walker (Firm) ; Baldwin & Cradock;,1831,London : Baldwin & Cradock,Egypt -- Maps; Nubia -- Maps;,Africa,Egypt,,,,,Egypt,"Relief shown by hachures. Includes inset map.  Contained in (work): Long, George, 1800-1879. Maps of the Society for the Diffusion of Useful Knowledge.",,,,cartographic image,Still image,Maps;,Color,"1:3,000,000",E 28°00ʹ--E 35°00ʹ/N 31°00ʹ--N 23°00ʹ,American Geographical Society Library - Maps,https://wisconsin-uwm.primo.exlibrisgroup.com/permalink/01UWI_ML/1t3p5iu/alma991014695227802124,1 map : color ; 36 x 29 cm,316 A-[1831]a,English,"American Geographical Society Library, University of Wisconsin-Milwaukee Libraries",University of Wisconsin-Milwaukee Libraries,https://uwm.edu/libraries/digital-collections/copyright-digcoll/,am013579,image/tif; Image/jp2,American Geographical Society Library Digital Map Collection,"Due to their file size, some maps may produce a proxy error when downloaded as a ""large"" file. In those cases, please contact us at digilib@uwm.edu to obtain a copy of the file.",Map from 1831 shows Egypt's ancient Nile route and Nubian desert paths.,,2018-10-22,2026-06-26,http://cdm17272.contentdm.oclc.org/cdm/ref/collection/agdm/id/17784,17784,17776.jp2,/agdm/image/17776.jp2
20260817_agdm-export_Bbox-Subset.csv,"The Southern countries of India from Madrass to Cave Comorin describing the routes of the Armies Commanded by Colonels Fullarton and Humberston, during the Campaigns of 1782, 1783 & 1784 surveyed by Col. Kelly, Capt. Wersebe and others ; printed for Wm. Faden",,India 1788,,"Faden, William, 1749-1836;",,1788,"London : Printed for Wm. Faden Geogr. to the King, Charing Cross","India, South -- Maps",Asia,India,,,,,India,Relief shown by hachures. Bathymetry shown by soundings.,,,,cartographic image,Still image,Maps;,Color;,"1:720,000",E 71°53ʹ00ʺ--E 94°18ʹ00ʺ/N 19°55ʹ00ʺ--N 6°45ʹ00ʺ,American Geographical Society Library - Maps,,"1 map : colored ; 86 x 100 cm, folded to 26 x 23 cm",430 A-1788,English,"American Geographical Society Library, University of Wisconsin-Milwaukee Libraries",University of Wisconsin-Milwaukee Libraries,https://uwm.edu/libraries/digital-collections/copyright-digcoll/,am014379,image/tif; Image/jp2,American Geographical Society Library Digital Map Collection,"Due to their file size, some maps may produce a proxy error when downloaded as a ""large"" file. In those cases, please contact us at digilib@uwm.edu to obtain a copy of the file.",A map displays British military routes in Southern India between Madras and Cape Comorin during campaigns in 1782-1784.,,2018-11-13,2026-06-26,http://cdm17272.contentdm.oclc.org/cdm/ref/collection/agdm/id/19531,19531,19532.jp2,/agdm/image/19532.jp2
20260817_agdm-export_Bbox-Subset.csv,"Sektch map of India shewing political and revenue divisions 1868 / published under the direction of Colonel H.L. Thuillier, Surveyor General of India ; Litho: by H.A.D. Lawrence",Corrected & revised with additions to 1867. May 1867.,India 1867,,Survey of India,"Walker, John, 1786-1873 ;",1867,Calcutta : Survey of India,India -- Maps,Asia,India,,,,,India,"Based on Mr. J. Walker's engraved sketch map of India corrected & revised with additions to 1867.Greenwich meridian. Relief shown by hachures and spot heights. Inset: ""Continuation of the Tenasserim provinces on the same scale."" Includes index to sheets. ""Litho. by H.A.D. Lawrence.""",,,,cartographic image,Still image,Maps;,Color;,"1:2,027,520",E 67°--E 97°/N 34°--N 5°,American Geographical Society Library - Maps,,1 map : colored ; 59 x 160 cm,430 A-1867,English,"American Geographical Society Library, University of Wisconsin-Milwaukee Libraries",University of Wisconsin-Milwaukee Libraries,https://uwm.edu/libraries/digital-collections/copyright-digcoll/,am014060 am014061 am014062 am014063,image/tif; Image/jp2,American Geographical Society Library Digital Map Collection,"Due to their file size, some maps may produce a proxy error when downloaded as a ""large"" file. In those cases, please contact us at digilib@uwm.edu to obtain a copy of the file.",,,2018-11-15,2026-04-16,http://cdm17272.contentdm.oclc.org/cdm/ref/collection/agdm/id/19551,19551,19555.cpd,/agdm/image/19555.cpd
20260817_agdm-export_Bbox-Subset.csv,"North - Africa or Barbary II, Algier",,"Algier, Algeria 1834",,,,1834,Baldwin & Cradock,Algiers (Algeria) -- Maps;,Africa,Algeria,,,,,Algeria,"Sources: Shaw, Smyth, Rozet, Lapie, Garnier and Berard. ""London, published by Boldwin & Cradock, 47 Paternoster Raw. Septr. 1st, 1834."" Shows cities and populated places, names of ethnic groups and tribes, roads, and caravan trails. Relief shown by hachures and spot heights. Includes glossary of Arabic words and inset ""continuation of Algier.""",,,,cartographic image,Still image,Maps;,Color;,"1:2,000,000",W 02°00ʹ--E 08°00ʹ/N 38°00ʹ--N 33°00ʹ,American Geographical Society Library - Maps,,1 map : color ; 31 x 39 cm,312 B-1834,English,"American Geographical Society Library, University of Wisconsin-Milwaukee Libraries",University of Wisconsin-Milwaukee Libraries,https://uwm.edu/libraries/digital-collections/copyright-digcoll/,am013420,image/tif; Image/jp2,American Geographical Society Library Digital Map Collection,"Due to their file size, some maps may produce a proxy error when downloaded as a ""large"" file. In those cases, please contact us at digilib@uwm.edu to obtain a copy of the file.","An 1834 map shows Algiers and its coastal region, featuring terrain, cities, and colonial roads.",,2018-11-19,2026-06-26,http://cdm17272.contentdm.oclc.org/cdm/ref/collection/agdm/id/19704,19704,19723.jp2,/agdm/image/19723.jp2
20260817_agdm-export_Bbox-Subset.csv,"North Africa or Barbary III, Tunis and part of Tripoli",,Tunisia 1836,,,J. & C. Walker (Firm) ; Baldwin & Cradock,1836,Society for the Diffusion of Useful Knowledge (Great Britain);,"Tunisia -- Maps; Africa, North -- Maps ;",Africa,,,,,,Africa,"Relief shown by hachures. ""London, Published by Baldwin & Cradock, 47 Paternoster Row, July 1st, 1836.""  ""Shaw, Smyth, Temple &c.""",,,,cartographic image,Still image,Maps;,Color;,"1:2,000,000",E 8°50ʹ--E 15°40ʹ/N 37°20ʹ--N 31°40ʹ,American Geographical Society Library - Maps,,1 map : color ; 30 x 38 cm,313 A-1836,English,"American Geographical Society Library, University of Wisconsin-Milwaukee Libraries",University of Wisconsin-Milwaukee Libraries,https://uwm.edu/libraries/digital-collections/copyright-digcoll/,am013422,image/tif; Image/jp2,American Geographical Society Library Digital Map Collection,"Due to their file size, some maps may produce a proxy error when downloaded as a ""large"" file. In those cases, please contact us at digilib@uwm.edu to obtain a copy of the file.","A vintage 1836 map shows Tunisia and part of Tripoli, North Africa, at 1:2,000,000 scale.",,2018-11-19,2026-06-26,http://cdm17272.contentdm.oclc.org/cdm/ref/collection/agdm/id/19717,19717,19708.jp2,/agdm/image/19708.jp2
20260817_agdm-export_Bbox-Subset.csv,Colonie d'Alger / par A.M. Perrot,,Africa 1840,,"Perrot, A.M. (Aristide Michel), 1793-1879","ʻAbd al-Qādir ibn Muḥyī al-Dīn, Amir of Mascara, 1807?-1883 ;Laguillermie, Frederic, 1841-1934 ;",1840,"Paris : Guillaumin & Cie,",Africa -- Maps,Africa,,,,,,Africa,"Relief shown by hachures. Dictionnaire du Commerce et des Marchandises"" -- top margin. Prime meridian: Paris.  Shows area controlled by France and Emir Abdelkader. Inset: [Rade d'Alger]",,,,cartographic image,Still image,Maps;,B&W,"1:4,435,200",W 2°17ʹ--E 8°56ʹ/N 37°11ʹ--N 34°47ʹ,American Geographical Society Library - Maps,,"1 map ; 20 x 28 cm, sheet 26 x 39 cm",312 A-[1840?],French,"American Geographical Society Library, University of Wisconsin-Milwaukee Libraries",University of Wisconsin-Milwaukee Libraries,https://uwm.edu/libraries/digital-collections/copyright-digcoll/,am013423,image/tif; Image/jp2,American Geographical Society Library Digital Map Collection,"Due to their file size, some maps may produce a proxy error when downloaded as a ""large"" file. In those cases, please contact us at digilib@uwm.edu to obtain a copy of the file.",An 1840 map of Algeria marks settlements and trade routes along the Mediterranean and Arzew Gulf.,,2018-11-19,2026-06-26,http://cdm17272.contentdm.oclc.org/cdm/ref/collection/agdm/id/19720,19720,19724.jp2,/agdm/image/19724.jp2
20260817_agdm-export_Bbox-Subset.csv,"Welcome to Bronzeville : from the play to the neighborhood, a guide to explore the past, present and future of a quintessential Milwaukee story / First Stage ; Greater Milwaukee Foundation",,"Milwaukee, Wisconsin 2017",,First Stage Milwaukee (Theater group),Greater Milwaukee Foundation,2017,"Milwaukee, Wisconsin : First Stage; Milwaukee, Wisconsin : Greater Milwaukee Foundation;","Neighborhoods -- Wisconsin -- Milwaukee -- Maps; Bronzeville (Milwaukee, Wis.) -- Maps; Milwaukee (Wis.) -- Maps;",North and Central America;,United States,Wisconsin,,,Milwaukee,Milwaukee,"Panel title. Includes descriptive indexes to neighborhoods, text and illustrations. ""Bronzville treasure hunt,"" text and illustration on verso.",,,,cartographic image,Still image,Maps,Color,,W 88°04ʹ15ʺ--W 87°51ʹ45ʺ/N 43°11ʹ41ʺ--N 42°55ʹ14ʺ,American Geographical Society Library - Maps,https://wisconsin-uwm.primo.exlibrisgroup.com/permalink/01UWI_ML/1t3p5iu/alma991012650232102124,"1 map : color ; on sheet 71 x 61 cm, folded to 18 x 29 cm",893-d .M54 A-[2017?],English,"American Geographical Society Library, University of Wisconsin-Milwaukee Libraries",American Geographical Society Library Digital Map Collection,https://uwm.edu/libraries/digital-collections/copyright-digcoll/,agsmap027261 (a-b),image/tif; Image/jp2,American Geographical Society Library Digital Map Collection,"Due to their file size, some maps may produce a proxy error when downloaded as a ""large"" file. In those cases, please contact us at digilib@uwm.edu to obtain a copy of the file.",,,2019-08-16,2026-07-28,http://cdm17272.contentdm.oclc.org/cdm/ref/collection/agdm/id/25401,25401,25411.cpd,/agdm/image/25411.cpd
20260817_agdm-export_Bbox-Subset.csv,Guatemala : adventure travel map / National Geographic Maps,,Guatemala 2013,Adventure map (National Geographic Maps) ; 3110,National Geographic Maps (Firm),,2013,"Evergreen, Colo. : National Geographic Society",Roads -- Guatemala -- Maps ; Guatemala -- Maps; Tourist maps;,North and Central America;,Guatemala,,,,,Guatemala,"Other title  AdventureMap Guatemala 1:500,000  National Geographic Guatemala  Notes  Relief shown by contours, shading, and spot heights.  Title from panel.  Includes index, legend, location map and col. ill.  ""Base data ©2009 Reise Know-How Verlag Peter Rump GmbH D-Bielefeld, Kartographie Huber. Used under license.""  ""Revised regularly -- waterproof -- tear-resistant.""",,,,cartographic image,Still image,Maps,,"1:500,000",(W 92°00ʹ--W 88°30ʹ/N 18°00ʹ-N 14°00ʹ),American Geographical Society Library - Maps,https://wisconsin-uwm.primo.exlibrisgroup.com/permalink/01UWI_ML/13nukll/alma9921355023402124,"1 map : both sides, color, plastic-treated ; on sheet 65 x 96 cm, folded to 24 x 11 cm",221 A-2013,English,"American Geographical Society Library, University of Wisconsin-Milwaukee",University of Wisconsin-Milwaukee Libraries,The Board of Regents of the University of Wisconsin System,agsmap030852,image/tif; Image/jp2,American Geographical Society Library Digital Map Collection,,,,2024-10-29,2024-10-29,http://cdm17272.contentdm.oclc.org/cdm/ref/collection/agdm/id/35882,35882,35903.cpd,/agdm/image/35903.cpd
20260817_agdm-export_Bbox-Subset.csv,"Germany, distribution of the glass and ceramics industry (1939) / R & A, OSS.",Provisional edition,Germany 1945,,United States. Office of Strategic Services. Research and Analysis Branch.,United States. Office of Strategic Services. Reproduction Branch,1945,"Washington, D.C. : Lithographed in the Reproduction Branch, OSS",Glass manufacture -- Germany -- Maps ; Ceramic industries -- Germany -- Maps ; Germany -- Maps ;,Europe,Germany,,,,,Germany,"Includes 4 insets and reliability table. ""No. 6438."" ""1 May 1945."" ""Restricted"" -- struck through in black. ""This map supplements No. 6337 - R & A, OSS, Germany : Principal industries.""",,,,cartographic image,Still image,Maps,Color;,"1:1,660,000",E 03°--E 22°/N 55°--N 47°,American Geographical Society Library - Maps,https://wisconsin-uwm.primo.exlibrisgroup.com/permalink/01UWI_ML/13nukll/alma9920601623402124,"1 map : color ; 60 x 85 cm, on sheet 64 x 92 cm",640 E-1939 1945i,English,"American Geographical Society Library, University of Wisconsin-Milwaukee",University of Wisconsin-Milwaukee Libraries,The Board of Regents of the University of Wisconsin System,agsmap030847,image/tif; Image/jp2,American Geographical Society Library Digital Map Collection,,A 1939 Germany map showing glass and ceramics industry centers of primary and secondary importance.,,2024-10-29,2026-06-26,http://cdm17272.contentdm.oclc.org/cdm/ref/collection/agdm/id/35901,35901,35900.jp2,/agdm/image/35900.jp2
20260817_agdm-export_Bbox-Subset.csv,"Germany, distribution of the heavy machinery industry (1939) / R & A, OSS",Provisional edition,Germany 1945,,United States. Office of Strategic Services. Research and Analysis Branch.,United States. Office of Strategic Services. Reproduction Branch,1945,"Washington, D.C. : Lithographed in the Reproduction Branch, OSS",Machinery industry -- Germany -- Maps ; Germany -- Maps ;,Europe,Germany,,,,,Germany,"Includes 4 insets and reliability table. ""No. 6420."" ""1 May 1945."" ""Restricted"" -- struck through with black. ""This map supplements No. 6337 - R & A, OSS, Germany : principal industries.""",,,,cartographic image,Still image,Maps,Color;,"1:1,660,000",E 03°--E 22°/N 55°--N 47°,American Geographical Society Library - Maps,https://wisconsin-uwm.primo.exlibrisgroup.com/permalink/01UWI_ML/13nukll/alma9920600883402124,"1 map : color ; 60 x 85 cm, on sheet 64 x 92 cm",640 E-1939 1945k,English,"American Geographical Society Library, University of Wisconsin-Milwaukee",University of Wisconsin-Milwaukee Libraries,The Board of Regents of the University of Wisconsin System,agsmap030849,image/tif; Image/jp2,American Geographical Society Library Digital Map Collection,,"Map from 1939 marks Germany's heavy machinery industry hubs with dots sized by scale, showing primary and secondary centers.",,2024-10-29,2026-06-26,http://cdm17272.contentdm.oclc.org/cdm/ref/collection/agdm/id/35902,35902,35888.jp2,/agdm/image/35888.jp2
20260817_agdm-export_Bbox-Subset.csv,"Germany, distribution of the leather industry (1939) / R & A, OSS",Provisional edition,Germany 1945,,United States. Office of Strategic Services. Research and Analysis Branch.,United States. Office of Strategic Services. Reproduction Branch,1945,"Washington, D.C. : Lithographed in the Reproduction Branch, OSS",Leather industry and trade -- Germany -- Maps ; Germany -- Maps ;,Europe,Germany,,,,,Germany,"Includes 4 insets and reliability table. ""No. 6436."" ""1 May 1945."" ""Restricted."" ""This map supplements No. 6337 - R & A, OSS, Germany : principal industries.""",,,,cartographic image,Still image,Maps,Color;,"1:1,660,000",E 03°--E 22°/N 55°--N 47°,American Geographical Society Library - Maps,https://wisconsin-uwm.primo.exlibrisgroup.com/permalink/01UWI_ML/13nukll/alma9920601563402124,"1 map : color ; 60 x 85 cm, on sheet 64 x 92 cm",640 E-1939 1945e,English,"American Geographical Society Library, University of Wisconsin-Milwaukee",University of Wisconsin-Milwaukee Libraries,The Board of Regents of the University of Wisconsin System,agsmap030843,image/tif; Image/jp2,American Geographical Society Library Digital Map Collection,,A 1939 Germany map highlights leather industry centers using primary and secondary symbols.,,2024-10-29,2026-06-26,http://cdm17272.contentdm.oclc.org/cdm/ref/collection/agdm/id/35903,35903,35895.jp2,/agdm/image/35895.jp2
20260817_agdm-export_Bbox-Subset.csv,"Germany : distribution of the paper and pulp industry (1939) / R & A, OSS",Provisional edition,Germany 1945,,United States. Office of Strategic Services. Research and Analysis Branch,United States. Office of Strategic Services. Reproduction Branch,1945,"Washington, D.C. : Lithographed in the Reproduction Branch, OSS",Paper industry -- Germany -- Maps ; Pulp mills -- Germany -- Maps ; Germany -- Maps ;,Europe;,Germany,,,,,Germany,"Includes 4 insets and reliability table. ""Map no. 6439."" ""1 May 1945."" ""Restricted"" -- struck through in black. ""This map supplements No. 6337 - R & A, OSS, Germany : Principal industries.""",,,,cartographic image,Still image,Maps,Color;,"1:1,660,000",E 03°--E 22°/N 55°--N 47°,American Geographical Society Library - Maps,"1 map : color ; 59 x 84 cm, on sheet 64 x 92 cm",640 E-1939 1945f,agsmap0300844,English,"American Geographical Society Library, University of Wisconsin-Milwaukee",University of Wisconsin-Milwaukee Libraries,The Board of Regents of the University of Wisconsin System,agsmap030844,image/tif; Image/jp2,American Geographical Society Library Digital Map Collection,,A vintage 1939 map highlights German paper and pulp industry hubs by regional significance.,,2024-10-29,2026-06-26,http://cdm17272.contentdm.oclc.org/cdm/ref/collection/agdm/id/35904,35904,35897.jp2,/agdm/image/35897.jp2
20260817_agdm-export_Bbox-Subset.csv,"Guatemala city maps 1:12,500. Guatemala / prepared under the direction of the Department of Defense and published by the U.S. Army Topographic Command, Washington, D.C.",Ed. 1-TPC,"Guatemala city, Guatemala 1971",,United States. Army Topographic Command,,1971,"Washington, D.C. : United States. Army Topographic Command",Guatemala (Guatemala) -- Maps; Topographic maps,North and Central America;,Guatemala,,,,Guatemala,Guatemala,"Other title Guatemala. Guatemala city maps. Guatemala. Series E954. Notes ""Map information as of 1970."" ""Printed ... 12-71."" Relief shown by contours and spot heights. English and Spanish. ""Grid...UTM."" Standard map series designation: Series E954. Includes indexes, boundary diagram, and glossary.",,,,cartographic image,Still image,Maps,Color;,"1:12,500",W 90⁰35ʹ45ʺ--W 90⁰28ʹ45ʺ/N 14⁰40ʹ37ʺ--N 14⁰34ʹ05ʺ,American Geographical Society Library - Maps,https://wisconsin-uwm.primo.exlibrisgroup.com/permalink/01UWI_ML/13nukll/alma997008563402124,"1 map : color ; 96 x 100 cm, on sheet 106 x 147 cm",221-d .G82 A-1970,English,"American Geographical Society Library, University of Wisconsin-Milwaukee",University of Wisconsin-Milwaukee Libraries,The Board of Regents of the University of Wisconsin System,agsmap030836,image/tif; Image/jp2,American Geographical Society Library Digital Map Collection,,"This 1971 U.S. Army topographic map illustrates Guatemala City's terrain, roads, and land boundaries.",,2024-10-29,2026-06-26,http://cdm17272.contentdm.oclc.org/cdm/ref/collection/agdm/id/35906,35906,35890.jp2,/agdm/image/35890.jp2
20260817_agdm-export_Bbox-Subset.csv,"Germany, distribution of the electrical machinery and equipment industry (1939) / R & A, OSS",Provisional edition,Germany 1945,,United States. Office of Strategic Services. Research and Analysis Branch.,United States. Office of Strategic Services. Reproduction Branch,1945,"Washington, D.C. : Lithographed in the Reproduction Branch, OSS",Electric machinery industry -- Germany -- Maps ; Machinery industry -- Germany -- Maps ; Germany -- Maps,Europe,Germany,,,,,Germany,"Includes 4 insets and reliability table. ""No. 6426."" ""1 May 1945."" ""Restricted."" ""This map supplements No. 6337 - R & A, OSS, Germany : principal industries."" Source Library Catalog",,,,cartographic image,Still image,Maps,Color;,"1:1,660,000",E 03°--E 22°/N 55°--N 47°,American Geographical Society Library - Maps,https://wisconsin-uwm.primo.exlibrisgroup.com/permalink/01UWI_ML/13nukll/alma9920601093402124,"1 map : color ; 60 x 85 cm, on sheet 64 x 92 cm",640 E-1939 1945j,English,"American Geographical Society Library, University of Wisconsin-Milwaukee",University of Wisconsin-Milwaukee Libraries,The Board of Regents of the University of Wisconsin System,,image/tif; Image/jp2,American Geographical Society Library Digital Map Collection,,"In 1939, a German map highlights key hubs of the electrical machinery industry, marking major and secondary centers.",,2024-10-29,2026-06-26,http://cdm17272.contentdm.oclc.org/cdm/ref/collection/agdm/id/35907,35907,35892.jp2,/agdm/image/35892.jp2
20260817_agdm-export_Bbox-Subset.csv,"Germany, distribution of the food processing industry (1939) / R & A, OSS",Provisional edition,Germany 1945,,United States. Office of Strategic Services. Research and Analysis Branch.,United States. Office of Strategic Services. Reproduction Branch,1945,"Washington, D.C. : Lithographed in the Reproduction Branch, OSS",Food industry and trade -- Germany -- Maps ; Germany -- Maps ;,Europe,Germany,,,,,Germany,"Includes 4 insets and reliability table. ""No. 6437."" ""1 May 1945."" ""Restricted"" -- struck through in black. ""This map supplements No. 6337 - R & A, OSS, 1 May 1945, Germany: principal industries.""",,,,cartographic image,Still image,Maps,Color;,"1:1,660,000",E 03°--E 22°/N 55°--N 47°,American Geographical Society Library - Maps,https://wisconsin-uwm.primo.exlibrisgroup.com/permalink/01UWI_ML/13nukll/alma9920601613402124,"1 map : color ; 60 x 85 cm, on sheet 64 x 92 cm",640 E-1939 1945c,English,"American Geographical Society Library, University of Wisconsin-Milwaukee",University of Wisconsin-Milwaukee Libraries,The Board of Regents of the University of Wisconsin System,agsmap030841,image/tif; Image/jp2,American Geographical Society Library Digital Map Collection,,"A 1939 map highlights Germany's key food processing centers, marking primary and secondary hubs.",,2024-10-29,2026-06-26,http://cdm17272.contentdm.oclc.org/cdm/ref/collection/agdm/id/35908,35908,35893.jp2,/agdm/image/35893.jp2
20260817_agdm-export_Bbox-Subset.csv,Indigenous nations of México : traditional names & locations / Aaron Carapella,,Mexico 2016,,"Carapella, Aaron, 1979-",Tribal Nations Maps (Firm),2016,"Warner, Oklahoma : Tribal Nations Maps","Names, Ethnological -- Mexico -- Maps ; Names, Indian -- Mexico -- Maps ; Indians of Mexico -- Maps ; Mexico -- Maps;",North and Central America;,Mexico,,,,,Mexico,"Other title Indigenous nations of México : traditional names and locations Title in lower left corner of map: Indigenous nations of México : our own names and original locations Notes Gives indigenous and common names of Native American tribal nations in Mexico. Includes illustrations (some color). ""01/2016."" Copyright © 2016 Aaron Carapella - Indigenous Nations of Mexico: Our Own Names and Original Locations.",,,,cartographic image,Still image,Maps,Color,,(W 118°39ʹ00ʺ--W 86°35ʹ00ʺ/N 32°43ʹ00ʺ--N 14°23ʹ00ʺ),American Geographical Society Library - Maps,https://wisconsin-uwm.primo.exlibrisgroup.com/permalink/01UWI_ML/13nukll/alma9921608303402124,"1 map : color, plastic-coated ; on sheet 61 x 92 cm",210 C-2016,English,"American Geographical Society Library, University of Wisconsin-Milwaukee",University of Wisconsin-Milwaukee Libraries,The Board of Regents of the University of Wisconsin System,agsmap030860,image/tif; Image/jp2,American Geographical Society Library Digital Map Collection,,Map illustrates traditional Indigenous Mexican Nations and their locations.,,2024-10-29,2026-06-26,http://cdm17272.contentdm.oclc.org/cdm/ref/collection/agdm/id/35909,35909,35885.jp2,/agdm/image/35885.jp2
20260817_agdm-export_Bbox-Subset.csv,"Germany, distribution of the textile industry (1939) / R & A, OSS",Provisional edition,Germany 1945,,United States. Office of Strategic Services. Research and Analysis Branch.,United States. Office of Strategic Services. Reproduction Branch,1945,"Washington, D.C. : Lithographed in the Reproduction Branch, OSS",Textile industry -- Germany -- Maps ; Germany -- Maps,Europe;,Germany,,,,,Germany,"Includes 4 insets and reliability table. ""No. 6435."" ""1 May 1945."" ""Restricted"" - struck through in black. ""This map supplements No. 6337 - R & A, OSS, Germany: principal industries.""",,,,cartographic image,Still image,Maps,Color;,"1:1,660,000",E 03°--E 22°/N 55°--N 47°,American Geographical Society Library - Maps,https://wisconsin-uwm.primo.exlibrisgroup.com/permalink/01UWI_ML/13nukll/alma9920601543402124,"1 map : color ; 60 x 85 cm, on sheet 64 x 92 cm",640 E-1939 1945,English,"American Geographical Society Library, University of Wisconsin-Milwaukee",University of Wisconsin-Milwaukee Libraries,The Board of Regents of the University of Wisconsin System,agsmap030838,image/tif; Image/jp2,American Geographical Society Library Digital Map Collection,,"A 1939 map shows German textile industry centers in pre-WWII Germany, Poland, and neighboring areas.",,2024-10-29,2026-06-26,http://cdm17272.contentdm.oclc.org/cdm/ref/collection/agdm/id/35911,35911,35886.jp2,/agdm/image/35886.jp2
20260817_agdm-export_Bbox-Subset.csv,"""Greater"" Germany : population dependent upon commercial and service occupations (by Kreise, 1939) / R & A, OSS.",Provisional edition,Germany 1945,,United States. Office of Strategic Services. Research and Analysis Branch.,United States. Office of Strategic Services. Reproduction Branch,1945,"Washington, D.C. : Lithographed in the Reproduction Branch, OSS",Population -- Maps ; Germany -- Maps ; Germany -- Population -- Maps ;,Europe,Germany,,,,,Germany,"Includes 1 inset map, notes, and reliability table. ""No. 6356."" ""10 April 1945."" ""Restricted"" -- struck through with black.",,,,cartographic image,Still image,Maps,Color;,"1:1,660,000",E 03°--E 22°/N 55°--N 47°,American Geographical Society Library - Maps,https://wisconsin-uwm.primo.exlibrisgroup.com/permalink/01UWI_ML/13nukll/alma9920615763402124,"1 map : color ; 60 x 85 cm, on sheet 64 x 92 cm",640 E-1939 1945a,English,"American Geographical Society Library, University of Wisconsin-Milwaukee",University of Wisconsin-Milwaukee Libraries,The Board of Regents of the University of Wisconsin System,agsmap030839,image/tif; Image/jp2,American Geographical Society Library Digital Map Collection,,A 1939 map of Greater Germany displays regional population percentages tied to commercial and service jobs.,,2024-10-29,2026-06-26,http://cdm17272.contentdm.oclc.org/cdm/ref/collection/agdm/id/35912,35912,35896.jp2,/agdm/image/35896.jp2
20260817_agdm-export_Bbox-Subset.csv,"Germany, distribution of the wood products industry (1939) / R & A, OSS",Provisional edition,Germany 1945,,United States. Office of Strategic Services. Research and Analysis Branch.,United States. Office of Strategic Services. Reproduction Branch,1945,"Washington, D.C. : Lithographed in the Reproduction Branch, OSS",Forest products industry -- Germany -- Maps ; Germany -- Maps,Europe,Germany,,,,,Germany,"Includes 4 insets and reliability table. ""Map no. 6440."" ""1 May 1945."" ""Restricted."" ""This map supplements No. 6337 - R & A, OSS, Germany : principal industries.""",,,,cartographic image,Still image,Maps,Color;,"1:1,660,000",E 03°--E 22°/N 55°--N 47°,American Geographical Society Library - Maps,https://wisconsin-uwm.primo.exlibrisgroup.com/permalink/01UWI_ML/13nukll/alma9920600983402124,"1 map : color ; 60 x 85 cm, on sheet 64 x 92 cm",640 E-1939 1945d,English,"American Geographical Society Library, University of Wisconsin-Milwaukee",University of Wisconsin-Milwaukee Libraries,The Board of Regents of the University of Wisconsin System,agsmap030842,image/tif; Image/jp2,American Geographical Society Library Digital Map Collection,,Germany's map in 1939 highlights key centers for major and minor wood products production.,,2024-10-29,2026-06-26,http://cdm17272.contentdm.oclc.org/cdm/ref/collection/agdm/id/35913,35913,35884.jp2,/agdm/image/35884.jp2
20260817_agdm-export_Bbox-Subset.csv,"""Greater"" Germany, population dependent upon agriculture (by Kreise,1939).",Provisional edition,Germany 1945,,United States. Office of Strategic Services. Research and Analysis Branch.,United States. Office of Strategic Services. Reproduction Branch,1945,"Washington, D.C. : Lithographed in the Reproduction Branch, OSS",Germany -- Population -- Maps ; Germany -- Administrative and political divisions -- Maps ; Agriculture -- Social aspects -- Germany -- Maps ;,Europe,Germany,,,,,Germany,"Includes inset map, notes and reliability table. No. 6357-R&A, OSS 10 April 1945. Population data compiled in the Department of State, Division of Geography and Cartography.",,,,cartographic image,Still image,Maps,Color;,"1:1,660,000",E 03°--E 22°/N 55°--N 47°,American Geographical Society Library - Maps,https://wisconsin-uwm.primo.exlibrisgroup.com/permalink/01UWI_ML/13nukll/alma9920615793402124,"1 map : color ; 60 x 85 cm, on sheet 64 x 92 cm",640 E-1939 1945l,English,"American Geographical Society Library, University of Wisconsin-Milwaukee",University of Wisconsin-Milwaukee Libraries,The Board of Regents of the University of Wisconsin System,agsmap030850,image/tif; Image/jp2,American Geographical Society Library Digital Map Collection,,A 1939 map of pre-war Greater Germany shows districts' agricultural dependence with color-coded shading.,,2024-10-29,2026-06-26,http://cdm17272.contentdm.oclc.org/cdm/ref/collection/agdm/id/35915,35915,35898.jp2,/agdm/image/35898.jp2
20260817_agdm-export_Bbox-Subset.csv,"Germany, distribution of the precision and optical instruments industry (1939) / R & A, OSS",Provisional edition,Germany 1945,,United States. Office of Strategic Services. Research and Analysis Branch.,United States. Office of Strategic Services. Reproduction Branch,1945,"Washington, D.C. : Lithographed in the Reproduction Branch, OSS",Optical industry -- Germany -- Maps ; Germany -- Maps ;,Europe,Germany,,,,,Germany,"Includes 4 insets and reliability table. ""No. 6425."" ""1 May 1945."" ""Restricted"" -- struck through in black. ""This map supplements No. 6337 - R & A, OSS, Germany: principal industries.""",,,,cartographic image,Still image,Maps,Color;,"1:1,660,000",E 03°--E 22°/N 55°--N 47°,American Geographical Society Library - Maps,https://wisconsin-uwm.primo.exlibrisgroup.com/permalink/01UWI_ML/13nukll/alma9920601083402124,"1 map : color ; 60 x 85 cm, on sheet 64 x 92 cm",640 E-1939 1945h,English,"American Geographical Society Library, University of Wisconsin-Milwaukee",University of Wisconsin-Milwaukee Libraries,The Board of Regents of the University of Wisconsin System,agsmap030846,image/tif; Image/jp2,American Geographical Society Library Digital Map Collection,,"Map showing Germany's 1939 precision and optical instrument centers, mainly in East Prussia and southern areas.",,2024-10-29,2026-06-26,http://cdm17272.contentdm.oclc.org/cdm/ref/collection/agdm/id/35916,35916,35887.jp2,/agdm/image/35887.jp2
20260817_agdm-export_Bbox-Subset.csv,"Germany, distribution of the shipbuilding industry (1939) / R & A, OSS",Provisional edition,Germany 1945,,United States. Office of Strategic Services. Research and Analysis Branch.,United States. Office of Strategic Services. Reproduction Branch,1945,"Washington, D.C. : Lithographed in the Reproduction Branch, OSS",Shipbuilding industry -- Germany -- Maps ; Germany -- Maps,Europe,Germany,,,,,Germany,"Includes 4 insets and reliability table. ""No. 6427."" ""1 May 1945."" ""Restricted"" -- struck through in black. ""This map supplements No. 6337 - R & A, OSS, Germany : principal industries.""",,,,cartographic image,Still image,Maps,Color;,"1:1,660,000",E 03°--E 22°/N 55°--N 47°,American Geographical Society Library - Maps,https://wisconsin-uwm.primo.exlibrisgroup.com/permalink/01UWI_ML/13nukll/alma9920601113402124,"1 map : color ; 60 x 85 cm, on sheet 64 x 92 cm",640 E-1939 1945g,English,"American Geographical Society Library, University of Wisconsin-Milwaukee",University of Wisconsin-Milwaukee Libraries,The Board of Regents of the University of Wisconsin System,agsmap030845,image/tif; Image/jp2,American Geographical Society Library Digital Map Collection,,"A 1939 map illustrates Germany's shipbuilding centers, marking primary and secondary hubs.",,2024-10-29,2026-06-26,http://cdm17272.contentdm.oclc.org/cdm/ref/collection/agdm/id/35917,35917,35891.jp2,/agdm/image/35891.jp2
20260817_agdm-export_Bbox-Subset.csv,"Chile / map of Chile produced by the Cultural Department of the Embassy of Chile to the United States of America, Ministry of Foreign Affairs of Chile, Division of Cultural Affairs and Information ; original text by Carlos Aldunate ... [and others] ; artwork by José Pérez de Arce, Eduardo Osorio ; translated by Richard C. Baker ; production by All-state International, Inc., Cranford, N.J.",Fifth edition.,Chile 1997,,Chile. Embajada (U.S.). Cultural Department;,,1997,"Washington, D.C. : Cultural Department of the Embassy of Chile",Chile -- Maps;,South America;,Chile,,,,,Chile,"Relief shown pictorially and by shading and hachures.  Includes text, statistical data, location map and col. ill.  Text, location map, and col. ill. on verso.",,,,cartographic image,Still image,Maps,Color,"1:2,000,000",(W 109°40ʹ00ʺ--W 66°04ʹ00ʺ/S 17°29ʹ00ʺ--S 56°43ʹ00ʺ),American Geographical Society Library - Maps,https://wisconsin-uwm.primo.exlibrisgroup.com/permalink/01UWI_ML/13nukll/alma9917233563402124,1 map : color ; on sheet 181 x 36 cm,254 A-1997,English,"American Geographical Society Library, University of Wisconsin-Milwaukee",University of Wisconsin-Milwaukee Libraries,The Board of Regents of the University of Wisconsin System,agsmap030858,image/tif; Image/jp2,American Geographical Society Library Digital Map Collection,,,,2024-11-12,2024-11-12,http://cdm17272.contentdm.oclc.org/cdm/ref/collection/agdm/id/35927,35927,35940.cpd,/agdm/image/35940.cpd
20260817_agdm-export_Bbox-Subset.csv,"Canal de Panama, plan général, échelle 1:200,000",,Panama 1886,,,"Lesseps, Ferdinand de, 1805-1894",1886,Panama? : Count Ferdinand de Lesseps,Panama Canal (Panama) -- Maps;,North and Central America;,Panama,,,,,Panama,"Verso title: Visite des travaux du Canal de Panama, Février 1886. Notes: This map was prepared by order of Count Ferdinand de Lesseps for a party of guests to whom the Canal works were shown in February, 1886.  Illustrations and itinerary on verso.",,,,cartographic image,Still image,Maps,Color,"1:200,000",(W 83°03ʹ00ʺ--W 77°09ʹ00ʺ/N 9°50ʹ00ʺ--N 7°00ʹ00ʺ),American Geographical Society Library - Maps,https://wisconsin-uwm.primo.exlibrisgroup.com/permalink/01UWI_ML/13nukll/alma991014167266202124,"1 map : color ; 11 x 41 cm, on sheet 36 x 58 cm",228 A-[1886],French,"American Geographical Society Library, University of Wisconsin-Milwaukee",University of Wisconsin-Milwaukee Libraries,The Board of Regents of the University of Wisconsin System,agsmap030872 (a-b),image/tif; Image/jp2,American Geographical Society Library Digital Map Collection,,,,2024-11-12,2024-11-12,http://cdm17272.contentdm.oclc.org/cdm/ref/collection/agdm/id/35930,35930,35949.cpd,/agdm/image/35949.cpd
20260817_agdm-export_Bbox-Subset.csv,Die Arbeiterverteilung in der deutschen Industrie Ende 1921 / bearbeitet in der Reichsarbeitsverwaltung,,Germany 1923,,,"Syrup, Friedrich, 1881-1945 ; Rühl, Alfred, 1882-1935 ; Germany. Reichsarbeitsverwaltung ;",1923,Berlin : Reichsarbeitsverwaltung,Working class -- Germany -- Maps ; Labor movement -- Germany -- Maps ; Labor -- Germany -- Maps ;,Europe;,Germany,,,,,Germany,"Set includes both ""Karten"" and ""Ergänzungskarten."" Ergänzungskarten are at various scales.  Many maps include insets.  Verso of some maps includes text by Dr. F. Syrup and Prof. Dr. Alfred Rühl.  Karte Nr. 1 Gesamtübersicht der Arbeiter in Betrieben, die der Gewerbeaufsicht unterstehen.",,,,cartographic image,Still image,Maps,Color,"1:2,125,000",(E 5°51ʹ00ʺ--E 15°02ʹ00ʺ/N 55°05ʹ00ʺ--N 47°16ʹ00ʺ),American Geographical Society Library - Maps,https://wisconsin-uwm.primo.exlibrisgroup.com/permalink/01UWI_ML/13nukll/alma991014167267502124,maps : color ; 42 x 52 cm,640 E-1921 [1923],English,"American Geographical Society Library, University of Wisconsin-Milwaukee",University of Wisconsin-Milwaukee Libraries,The Board of Regents of the University of Wisconsin System,agsmap030871 (a-b),image/tif; Image/jp2,American Geographical Society Library Digital Map Collection,,,,2024-11-12,2024-11-12,http://cdm17272.contentdm.oclc.org/cdm/ref/collection/agdm/id/35933,35933,35952.cpd,/agdm/image/35952.cpd
20260817_agdm-export_Bbox-Subset.csv,Congo Belge / James Thiriur ; décor Pierre Margraff,,Congo 1954 2024,,"Thiriar, James, 1889-1965, artist","Margraff, Pierre, 1927- artist ; Belgium. Office du tourisme du Congo belge et du Ruanda-Urundi ;",1954 ; 2023,Bruxelles : L'Office du Tourisme du Congo Belge et du Ruanda-Urundi,"Ethnology -- Congo (Democratic Republic) -- Pictorial maps ; Masks, African -- Pictorial maps ; Belgium -- Colonies -- Africa -- 20th century -- Pictorial maps ; Congo (Democratic Republic) -- 20th century -- Pictorial maps ;",Africa;,Congo,,,,,Congo,"Includes illustrations ""Offert par Cote d'Or le Bon Chocolat avec l'album faunaflor - Congo, avec l'autorisation de l'Office de Renseignements et du Tourisme du Congo - Belge et du Ruanda - Urundi"" -- bottom margin. Acquired through MapVintage etsy store November 2023.",,,,cartographic image,Still image,Maps,Color,,(E 12°02ʹ00ʺ--E 31°18ʹ00ʺ/N 5°23ʹ00ʺ--S 13°27ʹ00ʺ),American Geographical Society Library - Maps,https://wisconsin-uwm.primo.exlibrisgroup.com/permalink/01UWI_ML/13nukll/alma991013776872502124,1 map : color ; 61 x 55 cm,345 M-[1954] [2023],French,"American Geographical Society Library, University of Wisconsin-Milwaukee",University of Wisconsin-Milwaukee Libraries,The Board of Regents of the University of Wisconsin System,agsmap030862,image/tif; Image/jp2,American Geographical Society Library Digital Map Collection,,"Vintage Congolese illustrated map highlights ethnic masks and regions, covering Katanga, Kivu, and Equateur.",,2024-11-12,2026-06-26,http://cdm17272.contentdm.oclc.org/cdm/ref/collection/agdm/id/35934,35934,35929.jp2,/agdm/image/35929.jp2
20260817_agdm-export_Bbox-Subset.csv,"Philips' comparative wall atlas of the British Isles, industrial / Edited by J.F. Unstead & E.G.R. Taylor, etc.",,Great Britain 1912,,,,1912,London : G. Philip & Son,Industries -- Great Britain -- Maps;,Europe;,Great Britain,,,,,Great Britain,"Related titles Other editions : [Philips' Comparative Wall Atlas of the British Isles. Industrial. Scale, 1 : 750,000 (12 miles = 1 inch) ... Edited by J.F. Unstead ... & E.G.R. Taylor, etc]. 1731 Notes ""The London Geographical Institute"" -- lower right.",,,,cartographic image,Still image,Maps,Color,"1:750,000. 12 miles to 1 inch.",(W 10°53ʹ00ʺ--E 2°05ʹ00ʺ/N 60°58ʹ00ʺ--N 49°40ʹ00ʺ),American Geographical Society Library - Maps,https://wisconsin-uwm.primo.exlibrisgroup.com/permalink/01UWI_ML/13nukll/alma991014167265802124,1 map : color ; 104 x 84 cm,621 E-[1912]b,English,"American Geographical Society Library, University of Wisconsin-Milwaukee",University of Wisconsin-Milwaukee Libraries,The Board of Regents of the University of Wisconsin System,agsmap030869,image/tif; Image/jp2,American Geographical Society Library Digital Map Collection,,"A 1912 atlas displays British coal, mineral-rich regions, and major industries—textiles and steel.",,2024-11-12,2026-06-26,http://cdm17272.contentdm.oclc.org/cdm/ref/collection/agdm/id/35935,35935,35931.jp2,/agdm/image/35931.jp2
20260817_agdm-export_Bbox-Subset.csv,"Die forsten und holzungen im Jahre 1900, der Laubwald im Verhältnis zur Gesamtforstfläche, Schematische Karte nach preuss. Provinzen, Bayern rechts u. links d. Rhs. und Staaten / Bearbeitet im Kaiserlichen Statistischen Amt. ; Berliner lithogr. Institut.",,Germany 1903,,Germany. K. statistisches amt.,,1903,Berlin : PuttKammer & Mühlbrecht,Forests and forestry -- Germany -- Maps;,Europe;,Germany,,,,,Germany,"At head of title: Deutsches Reich. Includes abbreviation key. ""Vierteljahrshefte zur statistik des deutschen reichs, ergaenzungsheft zu 1903, II Erg"" -- top margin. ""No. 2"" -- top right.",,,,cartographic image,Still image,Maps,Color,"1:5,000,000",(E 5°51ʹ00ʺ--E 15°02ʹ00ʺ/N 55°05ʹ00ʺ--N 47°16ʹ00ʺ),American Geographical Society Library - Maps,https://wisconsin-uwm.primo.exlibrisgroup.com/permalink/01UWI_ML/13nukll/alma991014167267802124,"1 map : color ; 19 x 24 cm, on sheet 26 x 34 cm",640 E-1900 [1903],German,"American Geographical Society Library, University of Wisconsin-Milwaukee",University of Wisconsin-Milwaukee Libraries,The Board of Regents of the University of Wisconsin System,agsmap030874,image/tif; Image/jp2,American Geographical Society Library Digital Map Collection,,"A 19th-century map shows Germany's forest coverage by region, with proportional leaf areas representing percentage forests.",,2024-11-12,2026-06-26,http://cdm17272.contentdm.oclc.org/cdm/ref/collection/agdm/id/35936,35936,35944.jp2,/agdm/image/35944.jp2
20260817_agdm-export_Bbox-Subset.csv,"Philips' series of comparative wall atlases, British Isles, commercial development / edited by George Philip",,Great Britain 1912,,,,1912,"London : George Philip & Son ;  Chicago : Denoyer-Geppert Company, Sole U.S. Distributors",Great Britain -- Commerce -- Maps.,Europe;,Great Britain,,,,,Great Britain,"Includes inset map. ""The London Geographical Institute"" -- bottom right.",,,,cartographic image,Still image,Maps,Color,"1:1,000,000",(W 10°53ʹ00ʺ--E 2°05ʹ00ʺ/N 60°58ʹ00ʺ--N 49°40ʹ00ʺ),American Geographical Society Library - Maps,https://wisconsin-uwm.primo.exlibrisgroup.com/permalink/01UWI_ML/13nukll/alma991014167266002124,1 map : color ; 104 x 84 cm,621 E-[1912]a,English,"American Geographical Society Library, University of Wisconsin-Milwaukee",University of Wisconsin-Milwaukee Libraries,The Board of Regents of the University of Wisconsin System,agsmap030865,image/tif; Image/jp2,American Geographical Society Library Digital Map Collection,,"A 1912 British Isles map highlights industry, farms, mining, fisheries, and key trade ports.",,2024-11-12,2026-06-26,http://cdm17272.contentdm.oclc.org/cdm/ref/collection/agdm/id/35937,35937,35935.jp2,/agdm/image/35935.jp2
20260817_agdm-export_Bbox-Subset.csv,Helping African development and adding Africa's resources to freedom's cause with Marshall Plan Aid.,,Africa 1948,,United States. Economic Cooperation Administration,,1948,"Washington, D.C. : Economic Cooperation Administration ECA",Africa -- Economic conditions -- Maps ; Land capability for agriculture -- Africa -- Maps ; Mines and mineral resources -- Africa -- Maps ;,Africa,,,,,,Africa,"Includes text. ""GPO 83-345563"" -- bottom right.",,,,cartographic image,Still image,Maps,Color,"1:2,750,000",(W 25°21ʹ00ʺ--E 63°29ʹ00ʺ/N 37°20ʹ00ʺ--S 34°49ʹ00ʺ),American Geographical Society Library - Maps,https://wisconsin-uwm.primo.exlibrisgroup.com/permalink/01UWI_ML/13nukll/alma991014167266802124,1 map : color ; on sheet 28 x 22 cm,300 E-[1948],English,"American Geographical Society Library, University of Wisconsin-Milwaukee",University of Wisconsin-Milwaukee Libraries,The Board of Regents of the University of Wisconsin System,agsmap030876,image/tif; Image/jp2,American Geographical Society Library Digital Map Collection,,"The 1948 Marshall Plan map shows aid projects in Africa, including soil conservation, oil exploration, demonstration farms.",,2024-11-12,2026-06-26,http://cdm17272.contentdm.oclc.org/cdm/ref/collection/agdm/id/35938,35938,35941.jp2,/agdm/image/35941.jp2
20260817_agdm-export_Bbox-Subset.csv,"Philips' comparative wall atlas of the British Isles, agriculture and fishing / Edited by J.F. Unstead & E.G.R. Taylor, etc.",,Great Britain 1912,,,,1912,London : G. Philip & Son,Agriculture -- Great Britain -- Maps ; Fishing -- Great Britain -- Maps ;,Europe;,Great Britain,,,,,Great Britain,"Related titles Other editions : [Philips' Comparative Wall Atlas of the British Isles. Agriculture and Fishing. Scale, 1 : 1,000,000, 16 miles = 1 inch ... Edited by J.F. Unstead ... and E.G.R. Taylor, etc. With Handbook]. 1931 Notes Includes inset map. ""The London Geographical Institute"" -- lower right.",,,,cartographic image,Still image,Maps,Color,"1:1,000,000",(W 10°53ʹ00ʺ--E 2°05ʹ00ʺ/N 60°58ʹ00ʺ--N 49°40ʹ00ʺ),American Geographical Society Library - Maps,https://wisconsin-uwm.primo.exlibrisgroup.com/permalink/01UWI_ML/13nukll/alma991014167266102124,1 map : color ; 104 x 84 cm,621 E-[1912],English,"American Geographical Society Library, University of Wisconsin-Milwaukee",University of Wisconsin-Milwaukee Libraries,The Board of Regents of the University of Wisconsin System,agsmap030864,image/tif; Image/jp2,American Geographical Society Library Digital Map Collection,,"A 1912 map compares British Isles farming areas with fishing zones, displaying crops and main fish locations.",,2024-11-12,2026-06-26,http://cdm17272.contentdm.oclc.org/cdm/ref/collection/agdm/id/35940,35940,35933.jp2,/agdm/image/35933.jp2
20260817_agdm-export_Bbox-Subset.csv,E. Tiessen. Einheitskarten Nr 1. Kartoffelernte 1913 / Leitung: Prof. Paul Langhans.,,Germany 1918,,,,1918,Gotha : Justus Perthes,Potatoes -- Germany -- Maps,Europe,Germany,,,,,Germany,"""Petermanns Geogr. Mitteilungen Jahrgang 1918 Tafel 1"" -- top margin.",,,,cartographic image,Still image,Maps,Color,"1:2,750,000",(E 5°51ʹ00ʺ--E 15°02ʹ00ʺ/N 55°05ʹ00ʺ--N 47°16ʹ00ʺ),American Geographical Society Library - Maps,https://wisconsin-uwm.primo.exlibrisgroup.com/permalink/01UWI_ML/13nukll/alma991014167267602124,1 map ; 33 x 49 cm,640 E-1918,English,"American Geographical Society Library, University of Wisconsin-Milwaukee",University of Wisconsin-Milwaukee Libraries,The Board of Regents of the University of Wisconsin System,agsmap030875,image/tif; Image/jp2,American Geographical Society Library Digital Map Collection,,A 1913 map shows regional German potato yields using bar indicators.,,2024-11-12,2026-06-26,http://cdm17272.contentdm.oclc.org/cdm/ref/collection/agdm/id/35942,35942,35946.jp2,/agdm/image/35946.jp2
20260817_agdm-export_Bbox-Subset.csv,"Die forsten und holzungen im Jahre 1900, im Verhältnis zur Gesamtlandesfläche, Schematische Karte nach preuss. Provinzen, Bayern rechts u. links d. Rhs. und Staaten / Bearbeitet im Kaiserlichen Statistischen Amt. ; Berliner lithogr. Institut.",,Germany 1903,,Germany. K. statistisches amt.,,1903,Berlin : PuttK̈ammer & Mühlbrecht,Forests and forestry -- Germany -- Maps,Europe;,Germany,,,,,Germany,"At head of title: Deutsches Reich. Includes abbreviation key. ""Vierteljahrshefte zur statistik des deutschen reichs, ergaenzungsheft zu 1903, II Erg"" -- top margin. ""No. 1"" -- top right.",,,,cartographic image,Still image,Maps,Color,"1:5,000,000",(E 5°51ʹ00ʺ--E 15°02ʹ00ʺ/N 55°05ʹ00ʺ--N 47°16ʹ00ʺ),American Geographical Society Library - Maps,https://wisconsin-uwm.primo.exlibrisgroup.com/permalink/01UWI_ML/13nukll/alma991014167267702124,"1 map : color ; 19 x 24 cm, on sheet 26 x 34 cm",640 E-1900 [1903]a,German,"American Geographical Society Library, University of Wisconsin-Milwaukee",University of Wisconsin-Milwaukee Libraries,The Board of Regents of the University of Wisconsin System,agsmap030873,image/tif; Image/jp2,American Geographical Society Library Digital Map Collection,,A 1900 German map shows forest proportions across regions.,,2024-11-12,2026-06-26,http://cdm17272.contentdm.oclc.org/cdm/ref/collection/agdm/id/35948,35948,35945.jp2,/agdm/image/35945.jp2
20260817_agdm-export_Bbox-Subset.csv,Nihon zenzu. tōbu / Miyamoto Sanpei. Vernacular Title: 日本全圖. 東部 / 宮本三平製.,,"Japan, eastern 1877",,"Miyamoto, Sanpei.  宮本三平.",Yuki Masaaki.  結城正明.,1877,Tōkyō : Monbushō,"Japan -- Maps ; Japan -- History -- Meiji period, 1868-1912 -- Maps ;",Asia;,Japan,,,,,Japan,"Gift from D. Bethune McCartee M.D. 1881.  Uses ""Tokyo Datum"" as primary horizontal geodetic system for longitude. Relief shown by hachures. Published by the Japanese Ministry of Education. Engraved in Tokyo by Yuki Masaaki.",,,,cartographic image,Still image,Maps,Color,"1:440,000",(E 136°22ʹ00ʺ--E 146°12ʹ00ʺ/N 45°38ʹ00ʺ--N 34°00ʹ00ʺ),American Geographical Society Library - Maps,https://wisconsin-uwm.primo.exlibrisgroup.com/permalink/01UWI_ML/13nukll/alma991014205472402124,1 map : color ; 231 x 160 cm,470 A-[1877] Eastern,Japanese,"American Geographical Society Library, University of Wisconsin-Milwaukee",University of Wisconsin-Milwaukee Libraries,The Board of Regents of the University of Wisconsin System,agsmap030878,image/tif; Image/jp2,American Geographical Society Library Digital Map Collection,,An 1877 Meiji-era Japanese map divides East and Central Japan into historic regions.,,2024-11-14,2026-06-26,http://cdm17272.contentdm.oclc.org/cdm/ref/collection/agdm/id/35950,35950,35953.jp2,/agdm/image/35953.jp2
20260817_agdm-export_Bbox-Subset.csv,Nihon zenzu. seibu / Miyamoto Sanpei. Vernacular Title: 日本全圖. 西部 / 宮本三平製.,,"Japan, western 1877",,"Miyamoto, Sanpei.  宮本三平.",Yuki Masaaki.  結城正明.,1877,Tōkyō : Monbushō,"Japan -- Maps ; Japan -- History -- Meiji period, 1868-1912 -- Maps ;",Asia;,Japan,,,,,Japan,"Gift from D. Bethune McCartee M.D. 1881. Uses ""Tokyo Datum"" as primary horizontal geodetic system for longitude. Relief shown by hachures. Published by the Japanese Ministry of Education. Engraved in Tokyo by Yuki Masaaki.",,,,cartographic image,Still image,Maps,Color;,"1:440,000",(E 128°29ʹ00ʺ--E 135°09ʹ00ʺ/N 37°36ʹ00ʺ--N 30°06ʹ00ʺ),American Geographical Society Library - Maps,https://wisconsin-uwm.primo.exlibrisgroup.com/permalink/01UWI_ML/13nukll/alma991014051451702124,1 map : color ; 231 x 160 cm,470 A-[1877] Western,Japanese,"American Geographical Society Library, University of Wisconsin-Milwaukee",University of Wisconsin-Milwaukee Libraries,The Board of Regents of the University of Wisconsin System,agsmap030877,image/tif; Image/jp2,American Geographical Society Library Digital Map Collection,,"An 1877 Meiji-era Japanese map, titled Nihon zenzu, shows its political divisions.",,2024-11-14,2026-06-26,http://cdm17272.contentdm.oclc.org/cdm/ref/collection/agdm/id/35951,35951,35955.jp2,/agdm/image/35955.jp2
20260817_agdm-export_Bbox-Subset.csv,Mapa de Nicaragua / Obsequio de la Oficina del Delegado de Carreteras Ministerio de Fomento y Obras Publicas ; Administracion Somoza,,Nicaragua 1946,,Nicaragua. Ministerio de Fomento,,1946,Nicaragua : Nicaragua Ministerio de Fomento,Nicaragua -- Maps ; Roads -- Nicaragua -- Maps ;,North and Central America;,Nicaragua,,,,,Nicaragua,Road and population data tables on verso.,,,,cartographic image,Still image,Maps,B&W;,"1:3,000,000",(W 87°53ʹ00ʺ--W 82°28ʹ00ʺ/N 15°05ʹ00ʺ--N 10°42ʹ00ʺ),American Geographical Society Library - Maps,https://wisconsin-uwm.primo.exlibrisgroup.com/permalink/01UWI_ML/13nukll/alma991013894968002124,1 map ; 25 x 19 cm,226 D-[1946],Spanish,"American Geographical Society Library, University of Wisconsin-Milwaukee",University of Wisconsin-Milwaukee Libraries,The Board of Regents of the University of Wisconsin System,agsmap030882 (a-b),image/tif; Image/jp2,American Geographical Society Library Digital Map Collection,,,,2024-11-21,2024-11-21,http://cdm17272.contentdm.oclc.org/cdm/ref/collection/agdm/id/35963,35963,35973.cpd,/agdm/image/35973.cpd
20260817_agdm-export_Bbox-Subset.csv,Mapa de la República de Nicaragua,,Nicaragua 1947,,General Drafting Company;,Esso Standard Oil S.A. Limited;,1947,"Convent Station, N.J. : General Drafting Company",Roads -- Nicaragua -- Maps ; Roads -- Central America -- Maps;,North and Central America;,Nicaragua,,,,,Nicaragua,"Prepared for Esso Standard Oil S.A. Limited.  Relief shown by hachures and spot heights.  ""1047""--Margin  Includes text, illustrations, and index.  On verso: ""Mapa de la America Central y Panama"" with index, Canal Zone map, map of ""La Carretera Interamericana,"" distance chart and elevation profile.",,,,cartographic image,Still image,Maps,Color;,"1:930,000",(W 88°00ʹ--W 83°00ʹ/N 15°30ʹ--N 10°40ʹ),American Geographical Society Library - Maps,https://wisconsin-uwm.primo.exlibrisgroup.com/permalink/01UWI_ML/13nukll/alma991014204773202124,1 map : color ; 59 x 62 cm,226 D-[1947?] sheet 1-sheet 2,Spanish,"American Geographical Society Library, University of Wisconsin-Milwaukee",University of Wisconsin-Milwaukee Libraries,The Board of Regents of the University of Wisconsin System,agsmap030886 (a-b (s1-s2)),image/tif; Image/jp2,American Geographical Society Library Digital Map Collection,,,,2024-11-21,2024-11-21,http://cdm17272.contentdm.oclc.org/cdm/ref/collection/agdm/id/35970,35970,35980.cpd,/agdm/image/35980.cpd
20260817_agdm-export_Bbox-Subset.csv,"Mapa del estado de Guatemala, republica de Centro America / compilado por disposicion del supremo gobierno por libertad Claudio Urrutia, Ingeniero ; casa editora: L. Friederichsen y Cia ; Grabado e imprenta por los Talleres Geográfico-Litograficos de J. Köhler",,Guatemala 1923,,"Urrutia, Claudio",,1923,Publication: Hamburgo : L. Friederichsen y Cia ; Manufacture: Hamburgo : Talleres Geográfico-Litograficos de J. Köhler ;,Guatemala -- Maps ; Belize -- Maps ; Central America -- Maps ;,North and Central America;,Guatemala,,,,,Guatemala,"Mounted on muslin and fitted with rods.  Relief shown by gradient tints and contours.  Includes tables, diagrams and 2 inset maps : Mapa de la distribucion de los idiomas que se hablan en Guatemala; Mapa del antiguo reina de Guatemala.  Includes Belize and portions of other Central American countries.",,"Alturas de volcanes, cerros, cumbres y lagunas -- Plantas importantes -- Posicion de los principales puntos -- Datos estadisticos y geograficos -- Lluvia cantidad mensual -- Temperatura.",,cartographic image,Still image,Maps,Color;,"1:400,000",(W 92°22ʹ00ʺ--W 88°12ʹ00ʺ/N 17°48ʹ00ʺ--N 13°33ʹ00ʺ),American Geographical Society Library - Maps,https://wisconsin-uwm.primo.exlibrisgroup.com/permalink/01UWI_ML/13nukll/alma991014206273302124,1 map : color ; 127 x 128 cm,221 A-1923,Spanish,"American Geographical Society Library, University of Wisconsin-Milwaukee",University of Wisconsin-Milwaukee Libraries,The Board of Regents of the University of Wisconsin System,agsmap030889 (s1-s2),image/tif; Image/jp2,American Geographical Society Library Digital Map Collection,,,,2024-11-21,2024-11-21,http://cdm17272.contentdm.oclc.org/cdm/ref/collection/agdm/id/35974,35974,35984.cpd,/agdm/image/35984.cpd
20260817_agdm-export_Bbox-Subset.csv,"Mapa de carreteras y telecomunicaciones de la República del Ecuador / [Por] Ministerio de de Obras Públicas y Comunicaciones. Carlos A. Tufiño P., cartógrafo",,Ecuador 1972,,Ecuador. Ministerio de Obras Públicas,"Tufiño, Carlos A.",1972,Quito : Ecuador. Ministerio de Obras Públicas;,Roads -- Ecuador -- Maps ; Telecommunication -- Ecuador -- Maps ;,South America;,Ecuador,,,,,Ecuador,"At head of title: Año del sesquicentenario 1822-1972.  Folded title: República del Ecuador: Mapa de carreteras y telecomunicaciones.  Includes table of ""Distribución demográfica,"" road sign chart, location map, and insets of ""Archipiélago de Colón (Islas Galápagos), Territorio Insular,"" ""Principales volcanes,"" and ""Ubicación de las Islas Galápagos.""  Map of ""Telecomunicaciones principales del Ecuador"" and col. illus. on verso.",,,,cartographic image,Still image,Maps,,"1:2,000,000",(W 92°12ʹ00ʺ--W 75°11ʹ00ʺ/N 1°53ʹ00ʺ--S 5°00ʹ00ʺ),American Geographical Society Library - Maps,https://wisconsin-uwm.primo.exlibrisgroup.com/permalink/01UWI_ML/13nukll/alma9917010743402124,"1 map : color ; 44 x 56 cm, originally folded to 22 x 11 cm",256 A-1972,Spanish,"American Geographical Society Library, University of Wisconsin-Milwaukee",University of Wisconsin-Milwaukee Libraries,The Board of Regents of the University of Wisconsin System,agsmap030891 (a-b),image/tif; Image/jp2,American Geographical Society Library Digital Map Collection,,,,2024-11-21,2024-11-21,http://cdm17272.contentdm.oclc.org/cdm/ref/collection/agdm/id/35977,35977,35991.cpd,/agdm/image/35991.cpd
20260817_agdm-export_Bbox-Subset.csv,"Karta öfver Perú / utgifven af D.E. Larrabure y unánue ; R.E. Baluarte, Kartograf ; Edwardo Higginson counsil of Peru in Southampton ; Philip & Son, Limited ; The London Geographical Institute",,Peru 1903,,"Baluarte, Rafael E.","Larrabure y unánue, D. E. ; George Philip & Son ; London Geographical Institute ;",1903,London : George Philip & Son,Peru -- Maps;,South America;,Peru,,,,,Peru,Gift from Dr. Isaiah Bowman 1928. Shows major methods of communication and transportation.  Relief shown by hachures and spot heights.  Includes inset map.  Prime meridian: Paris.,,,,cartographic image,Still image,Maps,Color;,"1:3,000,000",(W 84°38ʹ00ʺ--W 68°39ʹ00ʺ/S 0°02ʹ00ʺ--S 20°11ʹ00ʺ),American Geographical Society Library - Maps,https://wisconsin-uwm.primo.exlibrisgroup.com/permalink/01UWI_ML/13nukll/alma991014076772202124,1 map : color ; 93 x 74 cm,265 A-1903,Swedish ; Spanish,"American Geographical Society Library, University of Wisconsin-Milwaukee",University of Wisconsin-Milwaukee Libraries,The Board of Regents of the University of Wisconsin System,agsmap030890 (a-b),image/tif; Image/jp2,American Geographical Society Library Digital Map Collection,,,,2024-11-21,2024-11-21,http://cdm17272.contentdm.oclc.org/cdm/ref/collection/agdm/id/35980,35980,35994.cpd,/agdm/image/35994.cpd
20260817_agdm-export_Bbox-Subset.csv,"General karte von den Herzogthümern Schleswig, Holstein und lauenburg, den Fürstenthümern Lübek und Ratzeburg, und den Freien und Hansestädten Hamburg und Lübek / entworfen und herausgegeben vom Hauptmann F. Geerz ; gestochen von F.W. Kliemer und Aug. Mädel",,"Schleswig-Holstein, Germany 1982",,"Geerz, F. ;","Kliemer, F. W. ; Mädel, Aug. ;",1858 ; 1982,Publication: Schleswig-Holstein-Tag : Landesvermessungsamt: Manufacture: Schleswig-Holstein : druck Landesvermessungsamt,Schleswig-Holstein (Germany) -- Maps,Europe;,Germany,Schleswig-Holstein,,,,Schleswig-Holstein,"Relief shown by hachures and spot heights. Depths shown by soundings. Inset: Übersicht der Posten - Course, mit Angabe der Wegeslängen. ""Das Original wurde freundlicherweise von der Schleswig-Holsteinischen Landesbibliothek zur Verfügung gestellt."" Original ""gedruckt von Angerer in Berlin.""",,,,cartographic image,Still image,Maps,Color;,"1:450,000",(E 7°31ʹ00ʺ--E 11°40ʹ00ʺ/N 55°05ʹ00ʺ--N 53°21ʹ00ʺ),American Geographical Society Library - Maps,https://wisconsin-uwm.primo.exlibrisgroup.com/permalink/01UWI_ML/13nukll/alma991014207573402124,1 map : color ; 66 x 49 cm,640-c .S3H6 B-1858 1982,German,"American Geographical Society Library, University of Wisconsin-Milwaukee",University of Wisconsin-Milwaukee Libraries,The Board of Regents of the University of Wisconsin System,agsmap030893,image/tif; Image/jp2,American Geographical Society Library Digital Map Collection,,"A 19th-century map (1858) shows the Schleswig, Holstein, and Lauenburg regions and Area cities including Lübeck, Ratzeburg.",,2024-11-21,2026-06-26,http://cdm17272.contentdm.oclc.org/cdm/ref/collection/agdm/id/35981,35981,35986.jp2,/agdm/image/35986.jp2
20260817_agdm-export_Bbox-Subset.csv,"TACA, Transportes Aereos Centro Americanos, Nicaraguan Division",,Nicaragua 1941,,Transportes Aereos Centroamericanos,Army War College (U.S.),1941,"Washington, D.C. : Engineer Reproduction Plant, U.S. Army, the Army War College",Airways -- Nicaragua -- Maps ; Nicaragua -- Maps ;,North and Central America;,Nicaragua,,,,,Nicaragua,"Base map in Spanish; 1941 data in English.  Relief shown by hachures and spot heights. ""Tegucigalpa, Honduras, C.A. Sept. 1938.""",,,,cartographic image,Still image,Maps,,"1:500,000",(W 87°45'--W 82°16'/N 15°01'--N 10°42'),American Geographical Society Library - Maps,https://wisconsin-uwm.primo.exlibrisgroup.com/permalink/01UWI_ML/13nukll/alma991013894969002124,1 map : color ; 125 x 95 cm,226 D-1941,English,"American Geographical Society Library, University of Wisconsin-Milwaukee",University of Wisconsin-Milwaukee Libraries,The Board of Regents of the University of Wisconsin System,agsmap030887,image/tif; Image/jp2,American Geographical Society Library Digital Map Collection,,"A 1941 Transportes Aereos Centroamericanos airways map of Nicaragua (1:500,000) displays TACA's Nicaraguan flight routes.",,2024-11-21,2026-06-26,http://cdm17272.contentdm.oclc.org/cdm/ref/collection/agdm/id/35982,35982,35960.jp2,/agdm/image/35960.jp2
20260817_agdm-export_Bbox-Subset.csv,Commercial map of Guatemala / by F. Bianconi,,Guatemala 1891,,"Bianconi, F., 1840- cartographer",,1891,Philadelphia : Wm. M. Bradley & Co.,Guatemala -- Administrative and political divisions -- Maps ; Roads -- Guatemala -- Maps;,North and Central America;,Guatemala,,,,,Guatemala,"elief shown by hachures. Prime meridian: Paris. Includes two inset maps and list of Departments. ""77"" -- upper right.",,,,cartographic image,Still image,Maps,Color;,"1:1,200,000",(W 92°50ʹ--W 87°40ʹ/N 17°55ʹ--N 13°40ʹ),American Geographical Society Library - Maps,https://wisconsin-uwm.primo.exlibrisgroup.com/permalink/01UWI_ML/13nukll/alma991014206273002124,1 map : color ; 44 x 52 cm,221 A-1891,English,"American Geographical Society Library, University of Wisconsin-Milwaukee",University of Wisconsin-Milwaukee Libraries,The Board of Regents of the University of Wisconsin System,agsmap030884,image/tif; Image/jp2,American Geographical Society Library Digital Map Collection,,"Guatemala's 1891 commercial map by F. Bianconi displays railways, borders, and major cities.",,2024-11-21,2026-06-26,http://cdm17272.contentdm.oclc.org/cdm/ref/collection/agdm/id/35983,35983,35962.jp2,/agdm/image/35962.jp2
20260817_agdm-export_Bbox-Subset.csv,República del Ecuador / complilado por el Instituto Geográfico Militar,Edicion I.G.M. de 1981.,Ecuador 1981,,Instituto Geográfico Militar (Ecuador),,1981,Quito : Instituto Geográfico Militar,Ecuador -- Maps ; Galapagos Islands -- Maps ;,South America;,Ecuador,,,,,Ecuador,"Relief shown by contours, shading, gradient tints, and spot heights. Depth shown by bathymetric tints and isolines. Insets: Provincia de Galápagos Archipiélago de Colon -- Situación del Archipiélago de Galápagos con relación al territorio continental -- Referencias utilizadas en la compilación -- America del Sur -- Perfil Transversal, Perfil Longitudinal. Includes notes, 3 inset maps, 2 inset profile views.",,"Insets: Provincia de Galápagos Archipiélago de Colon -- Situación del Archipiélago de Galápagos con relación al territorio continental -- Referencias utilizadas en la compilación -- America del Sur -- Perfil Transversal, Perfil Longitudinal.",,cartographic image,Still image,Maps,Color;,"1:1,000,000",(W 81°30ʹ--W 71°30ʹ/N 1°30ʹ--S 6°00ʹ),American Geographical Society Library - Maps,https://wisconsin-uwm.primo.exlibrisgroup.com/permalink/01UWI_ML/13nukll/alma991014108568102124,1 map : color ; 83 x 111 cm,256 A-1981,Spanish,"American Geographical Society Library, University of Wisconsin-Milwaukee",University of Wisconsin-Milwaukee Libraries,The Board of Regents of the University of Wisconsin System,agsmap030892,image/tif; Image/jp2,American Geographical Society Library Digital Map Collection,,"A 1981 military map displays Ecuador, its provinces, topography, and a Galápagos Islands inset.",,2024-11-21,2026-06-26,http://cdm17272.contentdm.oclc.org/cdm/ref/collection/agdm/id/35986,35986,35987.jp2,/agdm/image/35987.jp2
20260817_agdm-export_Bbox-Subset.csv,"Ecuador / Board of Economic Warfare ; drawn in R. and A., OSS.",Provisional edition,Ecuador 1943,,United States. Office of Strategic Services. Research and Analysis Branch;,United States. Board of Economic Warfare ; United States. Office of Strategic Services. Reproduction Branch ;,1943,"Washington, D.C. : O.S.S.",Ecuador -- Maps ; Base maps ; Outline maps ;,South America;,Ecuador,,,,,Ecuador,"Black line print. ""Map no. 2002, 1 March 1943."" ""Unrestricted.""",,,,cartographic image,Still image,Maps,B&W;,"1:1,100,000",(W 81°30ʹ--W 74°30ʹ/N 2°--S 5°30ʹ),American Geographical Society Library - Maps,https://wisconsin-uwm.primo.exlibrisgroup.com/permalink/01UWI_ML/13nukll/alma9920305363402124,"1 map : photocopy ; 80 x 77 cm, on sheet 82 x 88 cm",256 B-1943,English,"American Geographical Society Library, University of Wisconsin-Milwaukee",University of Wisconsin-Milwaukee Libraries,The Board of Regents of the University of Wisconsin System,agsmap030880,image/tif; Image/jp2,American Geographical Society Library Digital Map Collection,,A 1943 outline map of Ecuador displays its major rivers and provincial boundaries for wartime economic study.,,2024-11-21,2026-06-26,http://cdm17272.contentdm.oclc.org/cdm/ref/collection/agdm/id/35987,35987,35961.jp2,/agdm/image/35961.jp2
20260817_agdm-export_Bbox-Subset.csv,"Bodenwerthe des Reislandes (Ta) nach der Katasterveranlagung im 15, meiji (1882)",,Japan 1883,,,,1883,"Washington, D.C. : Bureau of Statistics",Rice -- Japan -- Maps,Asia;,Japan,,,,,Japan,Relief shown by hachures on inset map. In German and Japanese. Includes inset map of Hokkaido.,,,,cartographic image,Still image,Maps,Color;,"1:30,000,000",(E 128°40ʹ00ʺ--E 146°43ʹ00ʺ/N 45°52ʹ00ʺ--N 29°53ʹ00ʺ),American Geographical Society Library - Maps,https://wisconsin-uwm.primo.exlibrisgroup.com/permalink/01UWI_ML/13nukll/alma991014020272002124,1 map : color ; 41 x 42 cm,470 E-[1883?],German ; Japanese,"American Geographical Society Library, University of Wisconsin-Milwaukee",University of Wisconsin-Milwaukee Libraries,The Board of Regents of the University of Wisconsin System,agsmap030894,image/tif; Image/jp2,American Geographical Society Library Digital Map Collection,,An 1882 Japanese map shows rice land values ranked by province based on productivity.,,2024-11-21,2026-06-26,http://cdm17272.contentdm.oclc.org/cdm/ref/collection/agdm/id/35990,35990,35988.jp2,/agdm/image/35988.jp2
20260817_agdm-export_Bbox-Subset.csv,A pictorial map of historic Panama / by Sing Leong,,Panama 1937,,"Leong, Sing",,,"Publication: Corozal, C.Z. : Department Engineer Reproduction Plant;  Manufacture: Corozal, C.Z. : Distributed by Panama Mobile Force and Security Command",Panama -- Maps,North and Central America;,Panama,,,,,Panama,"Other title  Official Army souvenir  Notes  Includes notes and illustrations.  ""A personnel service from Hq. Sixth Air Force.""  Date derived from text: ""Capital investment by United States in Panama Canal as of July 1, 1937 ...""  Text, illustrations and map of Panama Canal on verso.  Source  Library Catalog",,,,cartographic image,Still image,Maps,Color;,,(W 83°03ʹ00ʺ--W 77°09ʹ00ʺ/N 9°50ʹ00ʺ--N 7°00ʹ00ʺ),American Geographical Society Library - Maps,https://wisconsin-uwm.primo.exlibrisgroup.com/permalink/01UWI_ML/13nukll/alma991014151469302124,"1 map : color ; 28 x 42 cm, folded to 12 x 22 cm.",227 M-[1937],,"American Geographical Society Library, University of Wisconsin-Milwaukee",University of Wisconsin-Milwaukee Libraries,The Board of Regents of the University of Wisconsin System,agsmap030899 (a-b),image/tif; Image/jp2,American Geographical Society Library Digital Map Collection,,,,2024-11-26,2024-11-26,http://cdm17272.contentdm.oclc.org/cdm/ref/collection/agdm/id/35993,35993,36014.cpd,/agdm/image/36014.cpd
20260817_agdm-export_Bbox-Subset.csv,"Chinese communist and Japanese positions in China / drawn in the Department of State, Division of Geography and Cartography","February 29, 1944.",China 1944,,United States. Department of State,,1944,"Washington, D.C. : Department of State, Division of Geography and Cartograph","China -- History -- 1937-1945 -- Maps ; Communism -- China -- History -- Maps ; World War, 1939-1945 -- Campaigns -- China -- Maps ; China -- Maps;",Asia;,China,,,,,China,"Includes notes. ""1240D.""",,,,cartographic image,Still image,Maps,Color;,"1:13,000,000",(E 73°29ʹ00ʺ--E 134°46ʹ00ʺ/N 53°33ʹ00ʺ--N 8°39ʹ00ʺ),American Geographical Society Library - Maps,https://wisconsin-uwm.primo.exlibrisgroup.com/permalink/01UWI_ML/13nukll/alma991014204772802124,1 map : color ; 27 x 25 cm,460 B-1944,,"American Geographical Society Library, University of Wisconsin-Milwaukee",University of Wisconsin-Milwaukee Libraries,The Board of Regents of the University of Wisconsin System,agsmap030897,image/tif; Image/jp2,American Geographical Society Library Digital Map Collection,,1944 WWII map showing Chinese Communist and Japanese military positions and key regions.,,2024-11-26,2026-06-26,http://cdm17272.contentdm.oclc.org/cdm/ref/collection/agdm/id/35998,35998,35995.jp2,/agdm/image/35995.jp2
20260817_agdm-export_Bbox-Subset.csv,A connected warrantee township map of Conneaut Township in Erie County,,"Conneaut Township, Erie County, Pennsylvania 1968",,"Pennsylvania. Bureau of Land Records, cartographer",,1968,"Harrisburg, Pa. : Pennsylvania Department of Internal Affairs, Bureau of Land Records","Land grants -- Pennsylvania -- Conneaut (Erie County : Township) -- Maps ; Real property -- Pennsylvania -- Conneaut (Erie County : Township) -- Maps ; Landowners -- Pennsylvania -- Conneaut (Erie County : Township) -- Maps ; Land grants -- Pennsylvania -- Erie County -- Maps ; Real property -- Pennsylvania -- Erie County -- Maps ; Landowners -- Pennsylvania -- Erie County -- Maps ; Conneaut (Erie County, Pa. : Township) -- Maps ; Erie County (Pa.) -- Maps; Cadastral maps;",North and Central America;,United States,Pennsylvania,,Erie County,,Erie County,"Shows original land grants. Information usually shown for each tract of land includes: name of warrantee, name of patentee, number of acres, name of tract, and dates of warrant, survey and patent. Survey and patent numbers also may be given. ""In testimony whereof: I have hereunto set my hand and caused the seal of the said Department to be affixed at Harrisburg, Pennsylvania this twenty-fifth day of January A.D., one thousand nine hundred and sixty-eight."" Includes location map. ""Edp""--In lower right corner of map.",,,,cartographic image,Still image,Maps,,"1:19,800",(W 80°31ʹ09ʺ--W 80°20ʹ53ʺ/N 41°56ʹ25ʺ--N 41°50ʹ58ʺ),American Geographical Society Library - Maps,https://wisconsin-uwm.primo.exlibrisgroup.com/permalink/01UWI_ML/1dmapte/alma9921203723402124,1 map : blueline print ; 106 x 156 cm,873-c .E74 B-1968,English,"American Geographical Society Library, University of Wisconsin-Milwaukee",University of Wisconsin-Milwaukee Libraries,The Board of Regents of the University of Wisconsin System,agsmap030896,image/tif; Image/jp2,American Geographical Society Library Digital Map Collection,,"A 1968 cadastral map details Conneaut Township's parcels, landowners, and Erie County's town line layout.",,2024-11-26,2026-06-26,http://cdm17272.contentdm.oclc.org/cdm/ref/collection/agdm/id/35999,35999,35997.jp2,/agdm/image/35997.jp2
20260817_agdm-export_Bbox-Subset.csv,"A plan of Quebec, metropolis of Canada in North America.",,Québec 1759,,,,1759,London : London Magazine,Fortification -- Québec (Province) -- Québec -- Maps -- Early works to 1800 ; Québec (Québec) -- Maps -- Early works to 1800 ;,North and Central America;,Canada,Québec,,,Québec,Québec,"Relief shown by hachures. Shows fortifications. Oriented with north to the right. Appears in the London Magazine, April 1759, volume 28. Includes index to points of interest.",,,,cartographic image,Still image,Maps,B&W;,,(W 71°32ʹ57ʺ--W 71°08ʹ01ʺ/N 46°58ʹ50ʺ--N 46°43ʹ39ʺ),American Geographical Society Library - Maps,https://wisconsin-uwm.primo.exlibrisgroup.com/permalink/01UWI_ML/13nukll/alma991013546772002124,1 map ; 12 x 15 cm,120-d .Q42 A-[1759],,"American Geographical Society Library, University of Wisconsin-Milwaukee",University of Wisconsin-Milwaukee Libraries,The Board of Regents of the University of Wisconsin System,agsmap030911,image/tif; Image/jp2,American Geographical Society Library Digital Map Collection,,"A 1759 map displays Quebec's fortified city, marking landmarks such as the cathedral, palace, bishop's residence.",,2024-11-26,2026-06-26,http://cdm17272.contentdm.oclc.org/cdm/ref/collection/agdm/id/36001,36001,36007.jp2,/agdm/image/36007.jp2
20260817_agdm-export_Bbox-Subset.csv,"View of Madison the capital of Wisconsin / Taken from the water cure, south side of Lake Menona, 1855",,"Madison, Wisconsin 1855 1974",,"Donnel, S.H. ;","Curriers, C. ; Historic Urban Plans (Firm)",1855 ; 1974,"New York : C. Curriers, lith., 1855 ; Ithaca, N.Y. : Historic Urban Plans, 1974.",Madison (Wis.) -- Maps;,North and Central America;,United States,Wisconsin,,,Madison,Madison,"Facsimile. ""Reproduced ... from a lithograph in the Mariners Museum, Newport News, Virginia.""",,,,cartographic image,Still image,Maps,Color;,,(W 89°34ʹ17ʺ--W 89°14ʹ47ʺ/N 43°10ʹ18ʺ--N 42°59ʹ53ʺ),American Geographical Society Library - Maps,https://wisconsin-uwm.primo.exlibrisgroup.com/permalink/01UWI_ML/13nukll/alma999432453402124,1 view : color ; 28 x 48 cm,893-d .M32 M-1855 1974,,"American Geographical Society Library, University of Wisconsin-Milwaukee",University of Wisconsin-Milwaukee Libraries,The Board of Regents of the University of Wisconsin System,agsmap030903,image/tif; Image/jp2,American Geographical Society Library Digital Map Collection,,"An 1855 illustration shows Madison, Wisconsin's lakefront featuring early buildings and Lake Monona.",,2024-11-26,2026-06-26,http://cdm17272.contentdm.oclc.org/cdm/ref/collection/agdm/id/36002,36002,36000.jp2,/agdm/image/36000.jp2
20260817_agdm-export_Bbox-Subset.csv,"Mogg's illustration of Patterson's roads, a new map of England and Wales, describing all the direct & principal cross roads, boroughs, market towns & villages to which is added the actual distance from one market town to another and separate index shewing the number of members returned to Parliament, market days, postage of letters, and exact admeasurement of each from the metropolis / published by Edwd Mogg.",Augt. 1807.,England and Wales 1807,,"Mogg, Edward",,1807,London : E. Mogg,England -- Maps ; Wales -- Maps ;,Europe;,Great Britain,,,,,Great Britain,"Included with ""A Survey of the roads from London to Brighton, Southampton, Portsmouth, Hastings, Turnbridge Wells, Margata, Ramsgate & Dover, laid down on a scale of one inch to a mile by Edward Mogg.""",,,,cartographic image,Still image,Maps,Color;,"1:1,400,000",(W 6°42ʹ00ʺ--E 2°05ʹ00ʺ/N 55°55ʹ00ʺ--N 49°40ʹ00ʺ),American Geographical Society Library - Maps,https://wisconsin-uwm.primo.exlibrisgroup.com/permalink/01UWI_ML/13nukll/alma991014214272902124,1 map : color ; 53 x 45 cm,622 D-1807,,"American Geographical Society Library, University of Wisconsin-Milwaukee",University of Wisconsin-Milwaukee Libraries,The Board of Regents of the University of Wisconsin System,agsmap030910,image/tif; Image/jp2,American Geographical Society Library Digital Map Collection,,"An 1807 map displays England and Wales with roads, towns, and market distances marked.",,2024-11-26,2026-06-26,http://cdm17272.contentdm.oclc.org/cdm/ref/collection/agdm/id/36005,36005,36005.jp2,/agdm/image/36005.jp2
20260817_agdm-export_Bbox-Subset.csv,"The fabulous Salton Sea : ""Nature's magnificent mistake ... man's masterful plan"" / prepared by the Salton City Chamber of Commerce ; Don Frank & Associates",,"Salton City, California 1958",,Salton City Chamber of Commerce,,1958,"Santa Ana, California : Don Frank & Associates; Salton City, California : Salton City Chamber of Commerce;",Salton Sea (Calif.) -- Maps ; Anza-Borrego Desert State Park (Calif.) -- Maps ;,North and Central America;,United States,California,,,Salton City,Salton City,"Relief shown pictorially. Depth shown by sounding. Includes illustrations. ""SCCM-001.""",,,,cartographic image,Still image,Maps,Color;,,(W 116°12ʹ00ʺ--W 115°22ʹ00ʺ/N 33°42ʹ00ʺ--N 32°48ʹ00ʺ),American Geographical Society Library - Maps,https://wisconsin-uwm.primo.exlibrisgroup.com/permalink/01UWI_ML/13nukll/alma991014151472402124,"1 map : color ; 53 x 41 cm, on sheet 57 x 45 cm",813-c .S2S4 M-[1958],,"American Geographical Society Library, University of Wisconsin-Milwaukee",University of Wisconsin-Milwaukee Libraries,The Board of Regents of the University of Wisconsin System,agsmap030907,image/tif; Image/jp2,American Geographical Society Library Digital Map Collection,,"A 1958 Salton Sea travel poster highlights California routes, Bombay Beach, and Hot Mineral Spa.",,2024-11-26,2026-06-26,http://cdm17272.contentdm.oclc.org/cdm/ref/collection/agdm/id/36007,36007,35998.jp2,/agdm/image/35998.jp2
20260817_agdm-export_Bbox-Subset.csv,Karte von Russland : aus Sohr-Berghaus' Handatlas / entworfen von Prof. Dr. Alois Bludau; bearbeitet von Otto Herkt.,,Russia 1913,,"Bludau, Alois","Herkt, Otto ; Carl Flemming (Firm)",1913,Berlin : Flemming,"Russia, Western -- Maps;",Europe;,Russia,,,,,Russia,"Other title: Flemmings namentreue (idionomatographische) Länderkarten, Blatt 1. Includes inset population map.",,,,cartographic image,Still image,Maps,Color;,"1:4,500,000",(E 10°--E 70°/N 70°--N 38°),American Geographical Society Library - Maps,https://wisconsin-uwm.primo.exlibrisgroup.com/permalink/01UWI_ML/13nukll/alma991014207573202124,1 map : color ; 82 x 69 cm,670 A-1913,German,"American Geographical Society Library, University of Wisconsin-Milwaukee",University of Wisconsin-Milwaukee Libraries,The Board of Regents of the University of Wisconsin System,agsmap029140,image/tif; Image/jp2,American Geographical Society Library Digital Map Collection,,"A 1913 historical map of Europe's Russian Empire displays borders, rivers and transportation networks at 1:4.5 million scale.",,2024-11-26,2026-06-26,http://cdm17272.contentdm.oclc.org/cdm/ref/collection/agdm/id/36008,36008,36003.jp2,/agdm/image/36003.jp2
20260817_agdm-export_Bbox-Subset.csv,"View of the Chicago Harbor and central area / with best wishes for a merry Christmas and a happy New Year, Dorothy and Graham Aldis.",,"Chicago, Illinois 1957",,"Palmatary, J. T. (James T.)","Aldis, Dorothy, 1896-1966 ; Aldis, Graham, -1966 ;",1957,"Lake Forest, Ill. : Dorothy and Graham Aldis",Chicago (Ill.) -- Maps ; Chicago (Ill.) -- Aerial views ;,North and Central America;,United States,Illinois,,,Chicago,Chicago,"Perspective and pictorial map. Facsimile showing downtown part of the Chicago Historical Society's Palamatary view, 'with best wishes for a Merry Christmas and a Happy New Year, Dorothy and Graham Aldis.' Oriented with north to right. Includes text and and partial key to the view. ""1856"" -- at head of title.",,,,cartographic image,Still image,Maps,Color;,,(W 87°56ʹ24ʺ--W 87°31ʹ26ʺ/N 42°01ʹ22ʺ--N 41°38ʹ40ʺ),American Geographical Society Library - Maps,https://wisconsin-uwm.primo.exlibrisgroup.com/permalink/01UWI_ML/13nukll/alma991014151469602124,"1 view : color ; 46 x 46 cm, on sheet 71 x 51 cm, folded to 18 x 17 cm",830-d .C44 M-1856 [1957],,"American Geographical Society Library, University of Wisconsin-Milwaukee",University of Wisconsin-Milwaukee Libraries,The Board of Regents of the University of Wisconsin System,agsmap030909,image/tif; Image/jp2,American Geographical Society Library Digital Map Collection,,An 1856 aerial map depicts Chicago Harbor's expansion linking European grain markets to Atlantic shipping routes.,,2024-11-26,2026-06-26,http://cdm17272.contentdm.oclc.org/cdm/ref/collection/agdm/id/36010,36010,36009.jp2,/agdm/image/36009.jp2
20260817_agdm-export_Bbox-Subset.csv,"Plan of that part of the Isthmus of Panama, eligible for effecting a communication between the Atlantic & Pacific / from observations & surveys performed in the years 1828 & 1829 by J.A. Lloyd ; engraved by J. Gardner.",,Panama 1829,,"Lloyd, J. A. (John Augustus), 1800-1854","Gardner, J. ; Royal Society (Great Britain)",1829,London : Royal Society of London,"Panama, Isthmus of (Panama) -- Maps ; Railroads -- Panama -- Panama, Isthmus of -- Maps ;",North and Central America;,Panama,,,,,Panama,"Also shows proposed railroads. Relief shown by hachures. In upper right margin: Phil. Trans. MDCCCXXIX Plate II. From Philosophical transactions of the Royal Society of London, 1829. Includes inset of ""Plan of the city of Panama.""",,,,cartographic image,Still image,Maps,,"1:150,000",ǂc (W 83°03ʹ00ʺ--W 77°09ʹ00ʺ/N 9°50ʹ00ʺ--N 7°00ʹ00ʺ),American Geographical Society Library - Maps,https://wisconsin-uwm.primo.exlibrisgroup.com/permalink/01UWI_ML/13nukll/alma991014151469502124,1 map ; 44 x 40 cm,228 A-[1829],,"American Geographical Society Library, University of Wisconsin-Milwaukee",University of Wisconsin-Milwaukee Libraries,The Board of Regents of the University of Wisconsin System,agsmap030908,image/tif; Image/jp2,American Geographical Society Library Digital Map Collection,,"An 1829 map by J.A. Lloyd outlines the Panama Isthmus as a proposed Atlantic-Pacific passage, showing routes and forested.",,2024-11-26,2026-06-26,http://cdm17272.contentdm.oclc.org/cdm/ref/collection/agdm/id/36011,36011,36010.jp2,/agdm/image/36010.jp2
20260817_agdm-export_Bbox-Subset.csv,"Plat of Madison, the capital of Wisconsin 1836. / John V. Suydam, distr. surveyor",,"Madison, Wisconsin 1836 1971",,"Suydam, John V.",P. Desobry's Lith. ; Historic Urban Plans (Firm),1836 ; 1971,"New York : P. Desobry's Lith., 1836 ;  Ithaca, N.Y. : Historic Urban Plans, 1971.",Madison (Wis.) -- Maps;,North and Central America;,United States,Wisconsin,,,Madison,Madison,"Facsimile. Oriented with north toward the upper right. ""Reproduced ... from a lithograph in the State Historical Society of Wisconsin."" Cadastral map. Inset: Map of the Four Lake Country.",,,,cartographic image,Still image,Maps,Grayscale;,"1:7,400",(W 89°34ʹ17ʺ--W 89°14ʹ47ʺ/N 43°10ʹ18ʺ--N 42°59ʹ53ʺ),American Geographical Society Library - Maps,https://wisconsin-uwm.primo.exlibrisgroup.com/permalink/01UWI_ML/13nukll/alma999433083402124,1 map ; 51 x 63 cm,893-d .M32 A-1836 1971,,"American Geographical Society Library, University of Wisconsin-Milwaukee",University of Wisconsin-Milwaukee Libraries,The Board of Regents of the University of Wisconsin System,agsmap030902,image/tif; Image/jp2,American Geographical Society Library Digital Map Collection,,"A 1836 land map of Madison, Wisconsin's capital, displays lakefront plots near Fourth and Third Lakes.",,2024-11-26,2026-06-26,http://cdm17272.contentdm.oclc.org/cdm/ref/collection/agdm/id/36012,36012,36001.jp2,/agdm/image/36001.jp2
20260817_agdm-export_Bbox-Subset.csv,Carte des missions Catholiques en Australie : [showing dioceses] / gravé par R. Hausermann,,Australia 1906,,Society for the Propagation of the Faith,"Hausermann, R.",1906,"Lyon, France : Bureaux de l' œvre de la propagation de la foi",Catholic Church -- Dioceses -- Australia -- Maps ; Dioceses -- Australia -- Maps ; Australia -- Maps ;,Australia;,Australia,,,,,Australia,"Map of Australia showing Catholic dioceses and bishops' residences, but not missions, on topographic base. Relief shown by hachures, shading and spot hieghts in metres. ""Supplement au Journal Les Missions Catholiques - 1906""--Top of map. Map also shows coordinates of latitude based on Paris. Includes index to dioceses and inset map of Tasmania.",,,,cartographic image,Still image,Maps,Color;,1:5 000 000,(E 110--⁰--E 155°/S 10°--S 44°),American Geographical Society Library - Maps,https://wisconsin-uwm.primo.exlibrisgroup.com/permalink/01UWI_ML/13nukll/alma9920020813402124,1 map ; color ; 66 x 91 cm,510 C-1906,,"American Geographical Society Library, University of Wisconsin-Milwaukee",University of Wisconsin-Milwaukee Libraries,The Board of Regents of the University of Wisconsin System,agsmap030913,image/tif; Image/jp2,American Geographical Society Library Digital Map Collection,,"A vintage 1906 French Catholic map of Australia showing its ecclesiastical provinces, divisions, and archdiocesan borders.",,2024-11-26,2026-06-26,http://cdm17272.contentdm.oclc.org/cdm/ref/collection/agdm/id/36013,36013,35996.jp2,/agdm/image/35996.jp2
20260817_agdm-export_Bbox-Subset.csv,"Karte der katholischen Dioecesen und deren Missionen in Nordamerika / nach den neuesten geographischen Angaben zusamengestellt und herausgegeben von Dor. Joseph Salzbacher, Domcapitular zu St. Stephan in Wien, 1845.",,United States 1845,,"Salzbacher, Joseph, 1790-1867",,1845,"Wien : In commission bei Wimmer, Schmidt & Leo, 1845 ;  Wien? : Lith. v. Hauplm. Baron Liechtenstern, 1845.",Catholic Church -- United States -- Maps ; Missions -- United States -- Geography -- Maps ;,North and Central America;,United States,,,,,United States,Relief shown by hachures. From author's Meine Reise nach Nord-Amerika im Jahre 1842. Prime meridian: Washington. In lower left margin: ... Steindr. v. H. Engel in Wien. Includes index.,,,,cartographic image,Still image,Maps,Color;,"1:5,000,000",(W 93°02ʹ00ʺ--W 67°11ʹ00ʺ/N 47°17ʹ00ʺ--N 26°17ʹ00ʺ),American Geographical Society Library - Maps,https://wisconsin-uwm.primo.exlibrisgroup.com/permalink/01UWI_ML/13nukll/alma991014151472502124,"1 map : hand colored ; 47 x 52 cm, on sheet 50 x 60 cm",800-c .E2 C-1845,Title in German; place names in English.,"American Geographical Society Library, University of Wisconsin-Milwaukee",University of Wisconsin-Milwaukee Libraries,The Board of Regents of the University of Wisconsin System,agsmap030904,image/tif; Image/jp2,American Geographical Society Library Digital Map Collection,,"An 1845 map shows the U.S. Catholic dioceses and missions, color-coded by region.",,2024-11-26,2026-06-26,http://cdm17272.contentdm.oclc.org/cdm/ref/collection/agdm/id/36014,36014,36011.jp2,/agdm/image/36011.jp2
20260817_agdm-export_Bbox-Subset.csv,Do-Thanh Sai Gon / National Geographic Directorate.,,"Ho Chi Minh City, Vietnam 1959",,Nha địa-dư quốc-gia Việt-nam,,1959,Dalat : National Geographic Directorate,Ho Chi Minh City (Vietnam) -- Maps,Asia;,Vietnam,,,,Ho Chi Minh City,Ho Chi Minh City,"Shows buildings, houses, and points of interest.  Includes inset continuation map and index to streets and buildings.  ""11-59.""",,,,cartographic image,Still image,Maps,Color;,"1:10,000",(E 106°32ʹ05ʺ--E 106°51ʹ17ʺ/N 10°56ʹ33ʺ--N 10°37ʹ21ʺ),American Geographical Society Library - Maps,https://wisconsin-uwm.primo.exlibrisgroup.com/permalink/01UWI_ML/qvknjl/alma9920825253402124,"1 map on 2 sheet : color ; 92 x 117 cm, sheets 106 x 73 cm",443-d .H6 A-1959 sheet 1 - sheet 2,Vietnamese,"American Geographical Society Library, University of Wisconsin-Milwaukee",University of Wisconsin-Milwaukee Libraries,The Board of Regents of the University of Wisconsin System,agsmap023498 (s1-s2),image/tif; Image/jp2,American Geographical Society Library Digital Map Collection,,,,2024-11-27,2024-11-27,http://cdm17272.contentdm.oclc.org/cdm/ref/collection/agdm/id/36018,36018,36024.cpd,/agdm/image/36024.cpd
20260817_agdm-export_Bbox-Subset.csv,"World (Europe) 1:1,000,000 Kirov no 39 / prepared by the Army Map Service, Corps of Engineers, U.S. Army",Edition 4-AMS,"Kirov, Soviet Union 1959",Series 1301,United States. Army Map Service,,1959,"Washington, D.C. : U.S. Army","Kirov (Kaluzhskai︠a︡ oblastʹ, Russia) -- Maps;",Europe;,Russia,,,,,Russia,"Relief shown by gradient tints, contours and spot heights. Includes reliability diagram, index to adjoining sheets, index to boundaries, glossary table and note.",,,,cartographic image,Still image,Maps,Color;,"1:1,000,000",(E 48°--E 54°/N 60°--N 56°),American Geographical Society Library - Maps,,1 map : color,"050-b A-1:1,000,000",English,"American Geographical Society Library, University of Wisconsin-Milwaukee",University of Wisconsin-Milwaukee Libraries,The Board of Regents of the University of Wisconsin System,agsmap023431 (002),image/tif; Image/jp2,American Geographical Society Library Digital Map Collection,,A 1959 European topographic map highlights Russia's Kirov region with military grid markings.,,2024-11-27,2026-06-26,http://cdm17272.contentdm.oclc.org/cdm/ref/collection/agdm/id/36019,36019,36020.jp2,/agdm/image/36020.jp2
20260817_agdm-export_Bbox-Subset.csv,"Eastern Europe 1:250,000 Kirs no 39-3",Edition 2-AMS. 10-63.,"Kirovskai︠a︡ oblastʹ, Russia 1963",Series N501,United States. Army Map Service,,1963,"Washington, D.C. : U.S. Army",Kirovskai︠a︡ oblastʹ (Russia) -- Maps;,Europe,Russia,Kirovskai︠a︡ oblastʹ,,,,Kirovskai︠a︡ oblastʹ,"Relief shown by contours and spot heights. Includes sheet coverage key, glossary term and notes .",,,,cartographic image,Still image,Maps,Color,"1:250,000","58°00ʹN, 50°00ʹE",American Geographical Society Library - Maps,,1 map : color,"671-b A-1:250,000",,"American Geographical Society Library, University of Wisconsin-Milwaukee",University of Wisconsin-Milwaukee Libraries,The Board of Regents of the University of Wisconsin System,agsmap023430 (001),image/tif; Image/jp2,American Geographical Society Library Digital Map Collection,,"The 1963 US Army topographic map covers Eastern Europe's Kirovskai Oblast region at a 1:250,000 scale.",,2024-11-27,2026-06-26,http://cdm17272.contentdm.oclc.org/cdm/ref/collection/agdm/id/36020,36020,36019.jp2,/agdm/image/36019.jp2
20260817_agdm-export_Bbox-Subset.csv,Great Britain principal systems of farming (generalized distribution) / compiled by L. Dudley Stamp and Keith Buchanan for the Association of Agriculture and the National Federation of Young Farmers' Clubs ; and drawn by J.E. & E.W. Fenton for Newman Neame Maps Ltd.,,Great Britain 1953,,"Stamp, L. Dudley (Laurence Dudley), 1898-1966","Buchanan, Keith M. ; Association of Agriculture ; National Federation of Young Farmers' Clubs ; Newman Neame Maps Ltd. ;",1953,Publication: London : Newman Neame Maps ; Manufacture: Place of production not identified : Smith & Young Ltd.,Agricultural systems -- Great Britain -- Maps ; Great Britain -- Maps ;,Europe;,Great Britain,,,,,Great Britain,Shows distribution of 7 types of farming systems and urban areas. Inset: Orkney Islands -- Shetland Islands. Accompanying text: The distribution of systems of farming in Britain : an introduction to and a detailed description of the categories shown on the wall map produced by Newman Neame Maps Ltd. for the Association of Agriculture and the National Federation of Young Farmers' Clubs / by Keith Buchanan. London : Association of Agriculture.,,,,cartographic image,Still image,Maps,Color;,,(W 6°42ʹ00ʺ--E 2°05ʹ00ʺ/N 59°10ʹ00ʺ--N 49°40ʹ00ʺ),American Geographical Society Library - Maps,https://wisconsin-uwm.primo.exlibrisgroup.com/permalink/01UWI_ML/13nukll/alma991014239275302124,1 map : color ; 105 x 66 cm + 1 text (12 pages : illustrations ; 23 cm),621 E-[1953?],English,"American Geographical Society Library, University of Wisconsin-Milwaukee",University of Wisconsin-Milwaukee Libraries,The Board of Regents of the University of Wisconsin System,agsmap030915,image/tif; Image/jp2,American Geographical Society Library Digital Map Collection,,Map from 1953 depicts Britain's farming systems by region.,,2024-12-04,2026-06-26,http://cdm17272.contentdm.oclc.org/cdm/ref/collection/agdm/id/36022,36022,36026.jp2,/agdm/image/36026.jp2
20260817_agdm-export_Bbox-Subset.csv,"Political map of Asia / drawn and engraved to accompany the issue of The Independent, May 4, 1899 ; corrected from the very latest data",,Asia 1899,,,,1899,"New York : The Independent,",Asia -- Maps;,Asia,,,,,,Asia,"Shows British, Russian, French and United States possessions. Relief shown by hachures. ""M. Solem, del."" ""Bradley & Poates, Engrs., N.Y.""",,,,cartographic image,Still image,Maps,Color;,"1:25,000,000",(W 10°--W 170°/N 80°--S 10°),American Geographical Society Library - Maps,https://wisconsin-uwm.primo.exlibrisgroup.com/permalink/01UWI_ML/13nukll/alma9918296453402124,1 map : color ; 27 x 41 cm,400 B-1899,English,"American Geographical Society Library, University of Wisconsin-Milwaukee",University of Wisconsin-Milwaukee Libraries,The Board of Regents of the University of Wisconsin System,agsmap030918,image/tif; Image/jp2,American Geographical Society Library Digital Map Collection,,An 1899 colonial-era map of Asia displays empires' territorial control.,,2024-12-04,2026-06-26,http://cdm17272.contentdm.oclc.org/cdm/ref/collection/agdm/id/36023,36023,36025.jp2,/agdm/image/36025.jp2
20260817_agdm-export_Bbox-Subset.csv,"Carte de la province de Québec, Canada : pour accompagner la brochure intitulée ""La Province de Québec et L'Emigration Européenne"" = Map of the Province of Quebec, Canda to accompany the pamphlet entitled ""The Province of Quebec and European Emigration"" / Département des Terres de la Couronne ; Leggo & Co. Lithographers & C.",Juin 1870.,"Québec Province, Canada 1870",,Québec (Province). Département des terres de la couronne,,1870,Publication: Québec : Département des terres de la couronne ; Manufacture: Montréal : ; Leggo & Co. Lithographers & C.,Québec (Province) -- Maps,North and Central America;,Canada,Québec,,,,Québec,"Other title: Map of the province of Quebec, Canada Notes: Shows railroads and roads. Relief shown by hachures and spot heights. Includes inset map: Carte de la partie orientale de la province de Québec. Prime meridian: Greenwich.",,,,cartographic image,Still image,Maps,Color;,"1:2,000,00",(W 79°45ʹ00ʺ--W 57°06ʹ00ʺ/N 62°34ʹ00ʺ--N 44°59ʹ00ʺ),American Geographical Society Library - Maps,https://wisconsin-uwm.primo.exlibrisgroup.com/permalink/01UWI_ML/13nukll/alma991013635944602124,1 map : color ; 47 x 68 cm,140 D-1870,French,"American Geographical Society Library, University of Wisconsin-Milwaukee",University of Wisconsin-Milwaukee Libraries,The Board of Regents of the University of Wisconsin System,agsmap030916,image/tif; Image/jp2,American Geographical Society Library Digital Map Collection,,"An 1870 Quebec map highlights railway lines, rivers, and land features in a European emigration guide.",,2024-12-04,2026-06-26,http://cdm17272.contentdm.oclc.org/cdm/ref/collection/agdm/id/36025,36025,36028.jp2,/agdm/image/36028.jp2
20260817_agdm-export_Bbox-Subset.csv,El Canal de Panamá desde 1914 = The Panama Canal since 1914.,,Panama Canal 2009,,Mapi,,2009,"Panama City, Panama : Mapi,",Panama Canal (Panama) -- Maps,North and Central America;,Panama,,,,,Panama,"Title and legends in Spanish and English.  Includes 2 inset maps, 2 inset views, profile of the system of locks, text and ill. indexed to map.  Includes tourist information, illustrations, location map and 2 profile views: ""transversal view of the Panama Canal,"" ""Third set of Locks - Frontal view"" on verso.",,,,cartographic image,Still image,Maps,Color;,,W 80°15ʹ00ʺ--W 79°22ʹ00ʺ/N 9°27ʹ00ʺ--N 8°37ʹ00ʺ,American Geographical Society Library - Maps,https://wisconsin-uwm.primo.exlibrisgroup.com/permalink/01UWI_ML/13nukll/alma9920386723402124,1 map : color ; 46 x 62 cm,228 A-2009,English ; Spanish,"American Geographical Society Library, University of Wisconsin-Milwaukee",University of Wisconsin-Milwaukee Libraries,The Board of Regents of the University of Wisconsin System,agsmap030934 (a-b),image/tif; Image/jp2,American Geographical Society Library Digital Map Collection,,,,2024-12-10,2024-12-10,http://cdm17272.contentdm.oclc.org/cdm/ref/collection/agdm/id/36034,36034,36045.cpd,/agdm/image/36045.cpd
20260817_agdm-export_Bbox-Subset.csv,Areas characterized by major forest types in the United States,,United States 1949,,United States Forest Service;,,1949,"Washington : Forest Service,",Forests and forestry -- United States -- Maps ; Forest reserves -- United States -- Maps ;,North and Central America;,United States,,,,,United States,"""From the National survey of forest resources.""",,,,cartographic image,Still image,Maps,Color;,"1:5,000,000.",W 126°26ʹ00ʺ--W 64°21ʹ00ʺ/N 50°31ʹ00ʺ--N 23°34ʹ00ʺ,American Geographical Society Library - Maps,https://wisconsin-uwm.primo.exlibrisgroup.com/permalink/01UWI_ML/13nukll/alma9915312173402124,1 map : color ; 62 x 97 cm,800 E-1949,English,"American Geographical Society Library, University of Wisconsin-Milwaukee",University of Wisconsin-Milwaukee Libraries,The Board of Regents of the University of Wisconsin System,agsmap030920,image/tif; Image/jp2,American Geographical Society Library Digital Map Collection,,This 1949 U.S. forest map color-codes regions by forest types.,,2024-12-10,2026-06-26,http://cdm17272.contentdm.oclc.org/cdm/ref/collection/agdm/id/36038,36038,36036.jp2,/agdm/image/36036.jp2
20260817_agdm-export_Bbox-Subset.csv,"Map of the city of Milwaukee showing completed sewers up to December 31st, 1897 accompanying report of the city engineer for 1897 / Willmanns Bros Litho.",,"Milwaukee, Wisconsin 1897",,Willmanns Bros.,,1897,Milwaukee : Willmanns Bros Litho.,Sewerage -- Wisconsin -- Milwaukee -- Maps ; Milwaukee (Wis.) -- Maps ;,North and Central America;,United States,Wisconsin,,,Milwaukee,Milwaukee,"Shows pipe and brick sewers, intercepting sewers, Milwaukee River Flushing Tunnel and manholes. ""Total length of sewers = 310.298 miles ... .""",,,,cartographic image,Still image,Maps,Color;,,W 88°04ʹ15ʺ--W 87°51ʹ45ʺ/N 43°11ʹ41ʺ--N 42°55ʹ14ʺ,American Geographical Society Library - Maps,https://wisconsin-uwm.primo.exlibrisgroup.com/permalink/01UWI_ML/13nukll/alma991013142330502124,1 map : color ; 86 x 64 cm,893-d .M54 E-1897,English,"American Geographical Society Library, University of Wisconsin-Milwaukee",University of Wisconsin-Milwaukee Libraries,The Board of Regents of the University of Wisconsin System,agsmap030921,image/tif; Image/jp2,American Geographical Society Library Digital Map Collection,,"An 1897 Milwaukee city map illustrates the completed sewer systems by December 31, detailing length and distribution.",,2024-12-10,2026-06-26,http://cdm17272.contentdm.oclc.org/cdm/ref/collection/agdm/id/36039,36039,36042.jp2,/agdm/image/36042.jp2
20260817_agdm-export_Bbox-Subset.csv,"Milwaukee County Parks, beer gardens 2015 : parks, beer gardens & more.",,"Milwaukee County, Wisconsin 2015",,Milwaukee County Parks,,2015,"Milwaukee, Wisconsin : Milwaukee County Parks",Beer -- Wisconsin -- Milwaukee County -- Maps ; Milwaukee County (Wis.) -- Maps ;,North and Central America;,United States,Wisconsin,,Milwaukee,,Milwaukee,"Other title  Milwaukee County Parks, beer gardens & more  Milwaukee County Parks 2015 traveling beer garden  Notes  Panel title.  Includes indexes, schedule of events and advertisements.  Illustrations and advertisements on verso.",,,,cartographic image,Still image,Maps,Color;,,W 88°04ʹ11ʺ--W 87°49ʹ20ʺ/N 43°11ʹ33ʺ--N 42°50ʹ31ʺ,American Geographical Society Library - Maps,https://wisconsin-uwm.primo.exlibrisgroup.com/permalink/01UWI_ML/13nukll/alma991012446105402124,"1 map : color ; 59 x 35 cm, folded to 23 x 11 cm",893-c .M54 A-[2015],,"American Geographical Society Library, University of Wisconsin-Milwaukee",University of Wisconsin-Milwaukee Libraries,The Board of Regents of the University of Wisconsin System,agsmap030936 (a-b),image/tif; Image/jp2,American Geographical Society Library Digital Map Collection,,,,2024-12-17,2024-12-17,http://cdm17272.contentdm.oclc.org/cdm/ref/collection/agdm/id/36047,36047,36054.cpd,/agdm/image/36054.cpd
20260817_agdm-export_Bbox-Subset.csv,Höhen- und Tiefen-Übersicht von Afrika / entworfen v. H. Habenicht ; gez. v. C. Barich,3. Auflage.,Africa 1892,,"Habenicht, Hermann, 1844-1917",,1892,Gotha : Justus Perthes,Africa -- Maps;,Africa,,,,,,Africa,"Relief shown by gradient tints and spot heights. Depths shown by bathymetric tints. AGS Library copy is trimmed from the original sheet that measured 59 x 71 cm. Original included ancillary maps: Ascension. Scale 1:400,000 -- St. Helena. Scale 1:400,000 -- Sokotra und benachbarte Inseln. Scale 1:2,000,000 -- Cap Verde Inseln. Scale 1:2,000,000 - missing from AGS Library copy. ""Justus Perthes' Afrika (10 Blatt). Supplement II"" -- notes on original, missing from AGS Library copy. ""Nov. 1892"" -- note on original, missing from AGS Library copy.",,,,cartographic image,Still image,Maps,Color;,"1:25,000,00",W 25°21ʹ00ʺ--E 63°29ʹ00ʺ/N 37°20ʹ00ʺ--S 34°49ʹ00ʺ,American Geographical Society Library - Maps,https://wisconsin-uwm.primo.exlibrisgroup.com/permalink/01UWI_ML/13nukll/alma9920202643402124,"1 map : color ; 40 x 39 cm, on sheet 46 x 41 cm",300 A-[1892],German,"American Geographical Society Library, University of Wisconsin-Milwaukee",University of Wisconsin-Milwaukee Libraries,The Board of Regents of the University of Wisconsin System,agsmap030938,image/tif; Image/jp2,American Geographical Society Library Digital Map Collection,,Herrmann Habenicht's 1892 Africa map displays elevation and depth via color-coded topographical regions.,,2024-12-17,2026-06-26,http://cdm17272.contentdm.oclc.org/cdm/ref/collection/agdm/id/36049,36049,36048.jp2,/agdm/image/36048.jp2
20260817_agdm-export_Bbox-Subset.csv,"Great Britain's industrial heritage map, 1760-1914",,United Kingdom 2008,,,"Burton, Anthony, 1934- ; Old House Books ;",2008,"Moretonhampstead, Devon, UK : Old House Book",Industries -- Great Britain -- Maps ; Industrial revolution -- Great Britain -- History -- Maps ;,Europe;,United Kingdom,,,,,United Kingdom,,"Shows location of major industries in Great Britain between 1760 and 1914. Relief shown by gradient tints. Includes index of ""important events"" in British industrial history. Accompanied by text: Great Britain's industrial heritage map, 1760-1914 : an introduction / by Anthony Burton. 12 p. ; 16 cm. The Industrial Revolution that began in Britain in the 18th Century was one of the great turning points in world history. Industries previously confined to cottages and small workshops expanded rapidly taking advantage of steam power, greatly improved transport and unstoppable Victorian entrepreneurship. This map revisits an era when British Industry was the finest in the world and shows over 600 locations that became centres of production, manufacture and enterprise.",,,cartographic image,Still image,Maps,Color;,"1:1,000,000",W 14°00ʹ00ʺ--E 2°05ʹ00ʺ/N 61°03ʹ00ʺ--N 49°40ʹ00ʺ,American Geographical Society Library - Maps,https://wisconsin-uwm.primo.exlibrisgroup.com/permalink/01UWI_ML/13nukll/alma9920248243402124,"1 map : color ; 92 x 61 cm, folded in envelope 24 x 18 cm + Booklet (12 pages : 16 cm)",621 B-1760-1914 2008,English,"American Geographical Society Library, University of Wisconsin-Milwaukee",University of Wisconsin-Milwaukee Libraries,The Board of Regents of the University of Wisconsin System,agsmap030952,image/tif; Image/jp2,American Geographical Society Library Digital Map Collection,,Map of Great Britain's 1760-1914 industrial sites shows key development areas and infrastructure by region.,,2025-01-07,2026-06-26,http://cdm17272.contentdm.oclc.org/cdm/ref/collection/agdm/id/36067,36067,36057.jp2,/agdm/image/36057.jp2
20260817_agdm-export_Bbox-Subset.csv,"Industrial and archaeological map of Southern Peru / part of map made by T.A. Corry ; edited by the Commission of Propaganda and Tourism, Cusco Centennial.",[Different edition].,,,"Corry, T.A. ;",Instituto Geográfico Militar (Peru),1934,"Lima, Perú : Servicio Geográfico del Ejército",Peru -- Antiquities -- Maps ; Mines and mineral resources -- Peru -- Maps ; Cattle -- Peru -- Maps ; Textile fabrics -- Peru -- Maps ; Peru -- Maps ;,South America;,Peru,,,,,Peru,"Relief shown by hachures and spot heights. Shows monuments in the city of Cusco, ruins, towns, forts and Inca ruins. Includes illustrations (2 coat of arms). Differs from similar version; lacks symbols for distribution of wool, cattle, woolen mills, cotton mills, and the sites of major mineral deposits and coat of arms are uncolored.",,,,cartographic image,Still image,Maps,Color;,"1:1,000,000",W 74°00ʹ00ʺ--W 69°00ʹ00ʺ/S 13°00ʹ00ʺ--S 18°00ʹ00ʺ,American Geographical Society Library - Maps,https://wisconsin-uwm.primo.exlibrisgroup.com/permalink/01UWI_ML/13nukll/alma991014104569802124,"1 map : color ; 58 x 40 cm, on sheet 72 x 51 cm",265-c .S6 B-1934a,English,"American Geographical Society Library, University of Wisconsin-Milwaukee",University of Wisconsin-Milwaukee Libraries,The Board of Regents of the University of Wisconsin System,agsmap030950,image/tif; Image/jp2,American Geographical Society Library Digital Map Collection,,"T.A. Corry's 1934 map of southern Peru shows mineral deposits, archaeological sites, and textile-producing regions.",,2025-01-07,2026-06-26,http://cdm17272.contentdm.oclc.org/cdm/ref/collection/agdm/id/36068,36068,36056.jp2,/agdm/image/36056.jp2
20260817_agdm-export_Bbox-Subset.csv,Topographical map of Milwaukee Co / Chas. Lapham,,"Milwaukee County, Wisconsin 1875, 196-?",,"Lapham, Charles A., 1857-1935",,1875 ; 196-,"Milwaukee, Wis.? : : Charles Lapham",Milwaukee County (Wis.) -- Maps ; Topographic maps;,North and Central America;,United States,Wisconsin,,Milwaukee county,,Milwaukee county,"Gift of Martin Lange Jr. Relief shown by contours. ""Plate, via.""",,,,cartographic image,Still image,Maps,Color;,"1:190,100",W 88°04ʹ15ʺ--W 87°51ʹ45ʺ/N 43°11ʹ41ʺ--N 42°55ʹ14ʺ,American Geographical Society Library - Maps,https://wisconsin-uwm.primo.exlibrisgroup.com/permalink/01UWI_ML/13nukll/alma9919772113402124,"1 map : photocopy ; 33 x 18 cm, on sheet 43 x 28 cm",893-d .M54 A-[1875?] [196-?],English,"American Geographical Society Library, University of Wisconsin-Milwaukee",University of Wisconsin-Milwaukee Libraries,The Board of Regents of the University of Wisconsin System,agsmap030947,image/tif; Image/jp2,American Geographical Society Library Digital Map Collection,,"An 1875 topographic map depicts Milwaukee County, highlighting Milwaukee and Granville along with nearby terrain.",,2025-01-07,2026-06-26,http://cdm17272.contentdm.oclc.org/cdm/ref/collection/agdm/id/36071,36071,36058.jp2,/agdm/image/36058.jp2
20260817_agdm-export_Bbox-Subset.csv,Map of a part of Wisconsin : showing all the land sold in the Milwaukie land district : May 1846 / Jervis & Edgerton,,"Milwaukee, Wisconsin 1846 1960?",,Jervis & Edgerton,,1846 ; 1960,"Milwaukee, Wis. : Jervis & Edgerton, land agents",Real property -- Wisconsin -- Milwaukee -- Maps ; Milwaukee (Wis.) -- Maps ;,North and Central America;,United States,Wiscosnin,,,Milwaukee,Milwaukee,"Gift of Martin Lange Jr. ""Lith. of G. & W. Endicott, 59 Beekman St., N.Y."" Includes explanations.",,,,cartographic image,Still image,Maps,Color;,,W 88°04ʹ15ʺ--W 87°51ʹ45ʺ/N 43°11ʹ41ʺ--N 42°55ʹ14ʺ,American Geographical Society Library - Maps,https://wisconsin-uwm.primo.exlibrisgroup.com/permalink/01UWI_ML/13nukll/alma9919772083402124,1 map : photocopy ; 42 x 28 cm,893-d .M54 E-1846 [196-?],English,"American Geographical Society Library, University of Wisconsin-Milwaukee",University of Wisconsin-Milwaukee Libraries,The Board of Regents of the University of Wisconsin System,agsmap030946,image/tif; Image/jp2,American Geographical Society Library Digital Map Collection,,Old 1846 Jervis & Edgerton map displays land sales in Wisconsin's Milwaukee district.,,2025-01-07,2026-06-26,http://cdm17272.contentdm.oclc.org/cdm/ref/collection/agdm/id/36074,36074,36060.jp2,/agdm/image/36060.jp2
20260817_agdm-export_Bbox-Subset.csv,"Carte foncière de l'État indépendant du Congo / par A.J. Wauters, rédacteur en chef du ""Mouvement Géographique,"" L. Manduau del.",,Congo 1906,,,"Wauters, A.-J. (Alphonse-Jules), 1845-1916 ; Manduau, Édouard 1855-1937 ;",1906,Bruxelles : Institut National de Géographi,"Congo (Democratic Republic) -- Boundaries -- Maps ; Congo (Democratic Republic) -- Boundaries -- Africa, East -- Maps ; Congo (Democratic Republic) -- Administrative and political divisions -- Maps;",Africa;,Democratic Republic of the Congo,,,,,Democratic Republic of the Congo,"Other title: Mouvement Géographique. Notes: ""Supplément au Mouvement Géographique du 25 Novembre 1906."" Gift from publisher Sep. 25, 1912.",,,,cartographic image,Still image,Maps,Color;,"1:8,000,000",E 12°02ʹ00ʺ--E 31°18ʹ00ʺ/N 5°23ʹ00ʺ--S 13°27ʹ00ʺ,American Geographical Society Library - Maps,https://wisconsin-uwm.primo.exlibrisgroup.com/permalink/01UWI_ML/13nukll/alma991014167267402124,"1 map : color ; 29 x 32 cm, on sheet 45 x 42 cm",345 B-1906,French,"American Geographical Society Library, University of Wisconsin-Milwaukee",University of Wisconsin-Milwaukee Libraries,The Board of Regents of the University of Wisconsin System,agsmap030958,image/tif; Image/jp2,American Geographical Society Library Digital Map Collection,,"A 1906 Congo map illustrates colonial zones, railroads, and border divisions under the Independent State control.",,2025-01-14,2026-06-26,http://cdm17272.contentdm.oclc.org/cdm/ref/collection/agdm/id/36085,36085,36093.jp2,/agdm/image/36093.jp2
20260817_agdm-export_Bbox-Subset.csv,Erdélyi iparvállalatok az 1938 évi adatok alapján = : Industrial concerns of Transylvania (with data of the year 1938) / Magyar Állami Nyomda.,,"Transylvania, Romania 1946",,Magyar Állami Nyomda,Magyar Állami Nyomda (Budapest);,1946,Budapest : Magyar Állami Nyomda,Labor -- Romania -- Transylvania -- Maps ; Industries -- Romania -- Transylvania -- Maps;,Europe;,Romania,,,,,Romania,"Gift from the publisher 1947.  Other title: Industrial concerns of Transylvania (with data of the year 1938) Notes Includes source and notes. ""Source: Indicatorul Industriei Romănes̨ti, 1938, Bucures̨ti. Ministrul Economeie Nat̨ionale."" Shows: Iron and metal, and machinery manufacturing -- Lime, cement amd brick industries -- Timber industries -- Textile, clothing, and leather industries -- Paper industry -- Mining, alcohol, and foodstuff industries -- Chemical industry; Printing and reproducing industry.",,,,cartographic image,Still image,Maps,Color;,"1:1,450,000",E 22°04ʹ00ʺ--E 26°38ʹ00ʺ/N 47°25ʹ00ʺ--N 45°01ʹ00ʺ,American Geographical Society Library - Maps,https://wisconsin-uwm.primo.exlibrisgroup.com/permalink/01UWI_ML/13nukll/alma991012937940102124,1 map : color ; 32 x 47 cm,666-c .T72 E-1946a,In Hungarian and English.,"American Geographical Society Library, University of Wisconsin-Milwaukee",University of Wisconsin-Milwaukee Libraries,The Board of Regents of the University of Wisconsin System,agsmap030960,image/tif; Image/jp2,American Geographical Society Library Digital Map Collection,,"A vintage 1938 map details Transylvania's industrial sectors by county, marking textiles, machinery, and food production.",,2025-01-14,2026-06-26,http://cdm17272.contentdm.oclc.org/cdm/ref/collection/agdm/id/36086,36086,36095.jp2,/agdm/image/36095.jp2
20260817_agdm-export_Bbox-Subset.csv,Erdély bányászati térképe az (áramot eladásra termelö) áramfejlesztö telepek feltüntetésével = Mining map of Transylvania.,,"Transylvania, Romania 1946",,,Magyar állami nyomda (Budapest),1946,Budapest : Magyar Allami Nyomda,Mines and mineral resources -- Romania -- Transylvania -- Maps;,Europe;,Romania,,,,,Romania,"Gift from the publisher, 1947.  Includes list of sources.",,,,cartographic image,Still image,Maps,Color;,"1:1,450,000",E 22°04ʹ00ʺ--E 26°38ʹ00ʺ/N 47°25ʹ00ʺ--N 45°01ʹ00ʺ,American Geographical Society Library - Maps,https://wisconsin-uwm.primo.exlibrisgroup.com/permalink/01UWI_ML/13nukll/alma991012937940202124,1 map : color ; 32 x 47 cm,666-c .T72 E-1946,French,"American Geographical Society Library, University of Wisconsin-Milwaukee",University of Wisconsin-Milwaukee Libraries,The Board of Regents of the University of Wisconsin System,agsmap030959,image/tif; Image/jp2,American Geographical Society Library Digital Map Collection,,"A 1946 detailed map shows Transylvania's mineral resources, mines, and settlements with explanatory symbols.",,2025-01-14,2026-06-26,http://cdm17272.contentdm.oclc.org/cdm/ref/collection/agdm/id/36087,36087,36092.jp2,/agdm/image/36092.jp2
20260817_agdm-export_Bbox-Subset.csv,"Karte der Leinen, -Hanf und Jute-Industrie in Österreich-Ungarn / von Dr. phil. Hermann Leiter.",,Austria 1917,,"Leiter, Hermann, 1882-",Hochschule für Welthandel Wien. Geographisches Institut,1917,"Wien : Stich, Druck und Verlag von Ed. Hölzels geogr. Institut","Textile industry -- Austria -- Maps ; Textile industry -- Czech Republic -- Maps ; Textile industry -- Europe, Central -- Maps ; Textile industry -- Europe, Eastern -- Maps ; Textile industry -- Balkan Peninsula -- Maps ;",Europe;,Austria,,,,,Austria,"Karte des Geographischen Instituts der k.k. Exportakademie. F. Heiderich: Wirtschaftsgeographischer Atlas von Österreich-Ungarn. Includes 3 inset maps: Leinen, -Hanf und Jute-Industrie auf der Nordhälfte der Böhmisch-Mährischen Höhe -- Leinen, -Hanf und Jute-Industrie in NordMähren und Schlesien -- Leinen, -Hanf und Jute-Industrie in Nordostböhmen. Covers Austria, Czech Republic, Slovakia, Hungary, Galicia, Transylvania, Slovenia, Croatia, Serbia and Bosnia and Herzegovina.",,,,cartographic image,Still image,Maps,Color;,"1:1,500,000",E 10°47ʹ00ʺ--E 26°38ʹ00ʺ/N 51°48ʹ00ʺ--N 43°29ʹ00ʺ,American Geographical Society Library - Maps,https://wisconsin-uwm.primo.exlibrisgroup.com/permalink/01UWI_ML/13nukll/alma991013721259902124,1 map : color ; 70 x 93 cm,641 E-[1917],English,"American Geographical Society Library, University of Wisconsin-Milwaukee",University of Wisconsin-Milwaukee Libraries,The Board of Regents of the University of Wisconsin System,agsmap030963,image/tif; Image/jp2,American Geographical Society Library Digital Map Collection,,"A 1917 map highlights centers of linen, hemp, and jute industries in the Austro-Hungarian Empire.",,2025-01-14,2026-06-26,http://cdm17272.contentdm.oclc.org/cdm/ref/collection/agdm/id/36089,36089,36094.jp2,/agdm/image/36094.jp2
20260817_agdm-export_Bbox-Subset.csv,"Index to Israel topographic map 1:25,000 / Survey of Israel.",,Israel 2024,,Israel. Agaf ha-medidot,,2024,Tel Aviv-Yafo : Survey of Israel,Israel -- Maps; Topographic maps;,Asia;,Israel,,,,,Israel,"Title from ILH Internationales Landkartenhaus shelf list. Relief shown by contours, hachures and spot heights. Sheets individually titled and include sheet coverage key and notes. © copyright: 2024. All rights reserved to Survey of Israel, Ministry of Construction and Housing. Sheet distribution differs from previous series; complete country coverage. Shows morphology, detailed hydrology, land use and cover, built-up areas, communication features, administrative boundaries, points of interest, minefield areas.",,01 Kiryat Shmona -- 02 Majdal Shams -- 03 Hatsor Ha-Glilit -- 04 Merom Golan -- 05 Nahariya -- 06 Sasa -- 07 Akko -- 08 Karmi'el -- 09 Tsfat -- 10 Yonatan -- 11 Hefa -- 12 Tsippori -- 13 Tverya -- 14 Ein Gev -- 15 Zikhron Ya'akov -- 16 Umm al-Fahm -- 17 Afula -- 18 Ramat Tsvi -- 19 Bet Yosef -- 20 Hadera -- 21 Baka al-Gharbiya -- 22 Jenin -- 23 Bet She'an -- 24 Shadmot Mehola -- 25 Herzliya -- 26 Tayibe -- 27 Shkhem -- 28 Tmon -- 29 Ro'i -- 30 Tel Aviv-Yafo -- 31 Rosh Ha-'Ayin -- 32 Ari'el -- 33 Ma'ale Efrayim -- 34 Ashdod -- 35 Ramla -- 36 Modi'in-Maccabim-Re'ut -- 37 Giv'at Ze'ev -- 38 Kfar Adummim -- 39 Yeriho -- 40 Ashkelon -- 41 Kiryat-Malakhi -- 42 Beit Shemesh -- 43 Yerushalayim -- 44 Kalya -- 45 Sderot -- 46 Kiryat Gat -- 47 Lakhish -- 48 Hevron -- 49 Pne Hever. 50 Mitspe Shalem -- 51 Pattish -- 52 Rahat -- 53 Metar -- 54 Ma'on -- 55 En-Gedi -- 56 Yated -- 57 Urim -- 58 Hatserim -- 59 Be'er Sheva -- 60 Ar'ara BaNegev -- 61 Arad -- 62 Neve Zohar -- 63 Be'er Milka -- 64 Retamim -- 65 Tlalim -- 66 Yeroham -- 67 Dimona -- 68 HaMakhtesh HaKatan -- 69 En Tamar -- 70 Nitsane Sinay -- 71 Shivta -- 72 Sde Boker -- 73 HaMakhtesh HaGadol -- 74 Ne'ot Ha-Kikkar -- 75 Hatseva -- 76 Har Ayarim -- 77 Makhtesh Ramon -- 78 Mitspe Ramon -- 79 Har Ardon -- 80 En Yahav -- 81 Ma'agorat Lots -- 82 Har Kirton -- 83 Sheluhat Omer -- 84 Tsukim -- 85 Har Saggi -- 86 Be'er Ada -- 87 Paran -- 88 Sheluhat Karkom -- 89 Tsuke Tsihor -- 90 Shittim -- 91 Har Tsnifim -- 92 Neve Harif -- 93 Grofit -- 94 Bikat Sayyarim -- 95 Yotvata -- 96 Be'er Ora -- 97 Elat.,,cartographic image,Still image,Maps,Color;,"1:25,000",E 34°16ʹ00ʺ--E 35°41ʹ00ʺ/N 33°17ʹ00ʺ--N 29°27ʹ00ʺ,American Geographical Society Library - Maps,https://wisconsin-uwm.primo.exlibrisgroup.com/permalink/01UWI_ML/13nukll/alma991014268989102124,7 maps : color ; 70 x 102 cm,"413.2-b A-1:25,000 2024 Index",English,"American Geographical Society Library, University of Wisconsin-Milwaukee",University of Wisconsin-Milwaukee Libraries,The Board of Regents of the University of Wisconsin System,agsmap030964 (001),image/tif; Image/jp2,American Geographical Society Library Digital Map Collection,,"A detailed 1:25,000-scale topographic map of Israel with place names and grid markings.",,2025-01-15,2026-06-26,http://cdm17272.contentdm.oclc.org/cdm/ref/collection/agdm/id/36092,36092,36096.pdf,/agdm/image/36096.pdf
20260817_agdm-export_Bbox-Subset.csv,Map of Alaska / compiled and drawn by Wm. A. Briesemeister from the surveys and maps of the U.S. Geological Survey ... and other official sources ; prepared by the American Geographical Society for the Alaska Road Commission,,Alaska 1923,,"Briesemeister, William A.",American Geographical Society of New York ; United States. Alaska Road Commission ;,1923,"New York, N.Y. : American Geographical Society ; Washington, D.C. : Alaska Road Commission",Alaska -- Maps;,North and Central America;,United States,Alaska,,,,Alaska,Relief shown by contours and spot heights.  Ancillary maps: Southeastern Alaska -- Relation of Alaska to North America and the Orient -- Index map.,,,,cartographic image,Still image,Maps,Color;,"1:1,250,000",W 169⁰--W 139⁰/N 68⁰--N 54⁰,American Geographical Society Library - Maps,https://wisconsin-uwm.primo.exlibrisgroup.com/permalink/01UWI_ML/13nukll/alma9916074703402124,"1 map : color, mounted on cloth ; 122 x 158 cm",810 A-1923,English,"American Geographical Society Library, University of Wisconsin-Milwaukee",University of Wisconsin-Milwaukee Libraries,The Board of Regents of the University of Wisconsin System,agsmap030905,image/tif; Image/jp2,American Geographical Society Library Digital Map Collection,,,,2025-01-22,2025-01-22,http://cdm17272.contentdm.oclc.org/cdm/ref/collection/agdm/id/36096,36096,36109.cpd,/agdm/image/36109.cpd
20260817_agdm-export_Bbox-Subset.csv,Milwaukee County land use and zoning : atlas,,"Milwaukee, Wisconsin 1958",,Milwaukee Metropolitan Study Commission,,,Milwaukee : Commission's Committee on Land Use and Zoning,Zoning -- Wisconsin -- Milwaukee County ; Land use -- Wisconsin -- Milwaukee County ; Milwaukee County (Wis.) -- Maps ;,North and Central America;,United States,Wisconsin,,Milwaukee,,Milwaukee,Prepared by the Commission's Committee on Land Use and Zoning.  Cover title.,,,,cartographic image,Still image,Maps,Color;,,W 88°04ʹ15ʺ--W 87°51ʹ45ʺ/N 43°11ʹ41ʺ--N 42°55ʹ14ʺ,American Geographical Society Library - Maps,https://wisconsin-uwm.primo.exlibrisgroup.com/permalink/01UWI_ML/13nukll/alma9910602893402124,"1 atlas (1 pages, 30 unnumbered pages) : color maps ; 53 cm",(AGS) (FOL) At.893-c .M54 E-1958,English,"American Geographical Society Library, University of Wisconsin-Milwaukee",University of Wisconsin-Milwaukee Libraries,The Board of Regents of the University of Wisconsin System,am003008 through am003022,image/tif; Image/jp2,American Geographical Society Library Digital Map Collection,,,,2025-01-22,2025-01-22,http://cdm17272.contentdm.oclc.org/cdm/ref/collection/agdm/id/36112,36112,36125.cpd,/agdm/image/36125.cpd
20260817_agdm-export_Bbox-Subset.csv,Cuba,Relief edition.,Cuba 1992,,United States. Central Intelligence Agency,,1992,"Washington, D.C. : Central Intelligence Agency",Cuba -- Maps;,North and Central America;,Cuba,,,,,Cuba,"""801755 (R00014) 4-92.""  Shipping list no.: 92-0564-P.  Relief shown by shading and spot heights.  Includes comparative area map and insets of ""Central Havana"" and ""U.S. Naval Base Guantanamo Bay.""  Gazetteer on verso.",,,,cartographic image,Still image,Maps,Color;,"1:1,000,000",W 85°--W 74°/N 25°--N 18°,American Geographical Society Library - Maps,https://wisconsin-uwm.primo.exlibrisgroup.com/permalink/01UWI_ML/13nukll/alma991014270789102124,1 map : color ; 89 x 120 cm,233 A-[1992]a,English,"American Geographical Society Library, University of Wisconsin-Milwaukee",University of Wisconsin-Milwaukee Libraries,The Board of Regents of the University of Wisconsin System,agsmap030961 (a-b),image/tif; Image/jp2,American Geographical Society Library Digital Map Collection,,,,2025-01-22,2025-01-22,http://cdm17272.contentdm.oclc.org/cdm/ref/collection/agdm/id/36122,36122,36135.cpd,/agdm/image/36135.cpd
20260817_agdm-export_Bbox-Subset.csv,"German Empire / by Samuel B. Harding, Ph.D., Indiana University ; drawn by R. Baxter Blair ; published by Denoyer-Geppert Co.",Third edition 1920.,,Harding European history series ; map H20.,"Harding, Samuel Bannister, 1866-1927","Blair, R. Baxter ; Denoyer-Geppert Company ;",1920,Chicago : Denoyer-Geppert Co.,"Prussia (Germany) -- History -- 1815-1870 -- Maps ; Germany -- History -- 1871-1918 -- Maps ; Europe, Central -- History -- 1871-1918 -- Maps ;",Europe;,Germany,,,,,Germany,"Copyright 1916 Denoyer-Geppert Company. Includes inset map ""Central Europe industrial."" ""For explanation, see manual which accompanies this series."" A. The German Empire 1871-1918 -- B. Central Europe population density in 1914.",,,,cartographic image,Still image,Maps,Color;,"1:1,750,000",E 5°19ʹ00ʺ--E 22°00ʹ00ʺ/N 54°42ʹ00ʺ--N 47°08ʹ00ʺ,American Geographical Society Library - Maps,https://wisconsin-uwm.primo.exlibrisgroup.com/permalink/01UWI_ML/13nukll/alma991014269989102124,2 maps on 1 sheet : color ; 81 x 112 cm,640-c .P78 B-1920,English,"American Geographical Society Library, University of Wisconsin-Milwaukee",University of Wisconsin-Milwaukee Libraries,The Board of Regents of the University of Wisconsin System,agsmap030966,image/tif; Image/jp2,American Geographical Society Library Digital Map Collection,,"A 19th-century political map of the 1871-1918 German Empire displays borders, subdivision lines, and population density.",,2025-01-22,2026-06-26,http://cdm17272.contentdm.oclc.org/cdm/ref/collection/agdm/id/36134,36134,36099.jp2,/agdm/image/36099.jp2
20260817_agdm-export_Bbox-Subset.csv,A map of Rhodesia divided into provinces and districts under the administration of the British South Africa Company / Edward Stanford,,Zimbabwe 1903,,Edward Stanford Ltd.,British South Africa Company,1903,London : Edward Stanford,Zimbabwe -- Maps ; Zimbabwe -- Administrative and political divisions -- Maps ;,Africa;,Zimbabwe,,,,,Zimbabwe,"Relief shown by hachures and spot heights.  Includes notes describing land, vegetation and availability of water.  Shows locations of gold reefs and mines.",,,,cartographic image,Still image,Maps,Color;,"1:1,000,000",E 25°30ʹ--E 37°00ʹ/S 16°15ʹ--S 22°45ʹ,American Geographical Society Library - Maps,https://wisconsin-uwm.primo.exlibrisgroup.com/permalink/01UWI_ML/13nukll/alma9917331983402124,"1 map : color, dissected and mounted on linen ; 90 x 128 cm",362 B-1903,English,"American Geographical Society Library, University of Wisconsin-Milwaukee",University of Wisconsin-Milwaukee Libraries,The Board of Regents of the University of Wisconsin System,agsmap030962 (a-b),image/tif; Image/jp2,American Geographical Society Library Digital Map Collection,,,,2025-01-22,2025-01-22,http://cdm17272.contentdm.oclc.org/cdm/ref/collection/agdm/id/36144,36144,36150.cpd,/agdm/image/36150.cpd
20260817_agdm-export_Bbox-Subset.csv,"The Anglo-Egyptian Sudan / Geographical Section, General Staff",,Sudan 1914,GSGS (Series) ; 2692,Great Britain. War Office. General Staff. Geographical Section,,1914,London : G.S.G.S.,Sudan -- Maps ; Sudan -- Administrative and political divisions -- Maps ;,Africa;,Sudan,,,,,Sudan,"Relief shown by form lines and spot heights in feet.  Shows: international and administrative boundaries, railways, roads, tracks, telegraph lines.  ""Loaned by the American Geographical Society to the Peace Conference at Versailles, 1918-1919"" stamped in blue.  Loaned by the American Geographical Society to the Peace Conference at Versailles, 1918-1919.",,,,cartographic image,Still image,Maps,Color;,"1:3,000,000",E 21°--E 39°/N 23°--N 00°,American Geographical Society Library - Maps,https://wisconsin-uwm.primo.exlibrisgroup.com/permalink/01UWI_ML/13nukll/alma9917349773402124,"1 map : color, mounted on linen ; 88 x 65 cm.",317 B-1914,English,"American Geographical Society Library, University of Wisconsin-Milwaukee",University of Wisconsin-Milwaukee Libraries,The Board of Regents of the University of Wisconsin System,agsmap030976 (c2) am014656,image/tif; Image/jp2,American Geographical Society Library Digital Map Collection,,,,2025-01-22,2025-01-22,http://cdm17272.contentdm.oclc.org/cdm/ref/collection/agdm/id/36147,36147,36153.cpd,/agdm/image/36153.cpd
20260817_agdm-export_Bbox-Subset.csv,"Guía de rutas, Tierra del Fuego : Rio Grande, Tolhuin, Ushuaia / Instituto Fueguino de Turismo",,Argentina 2005,,Argentina. Instituto Fueguino de Turismo,,2005,"Ushuaia, Argentina : Instituto Fueguino de Turismo","Tierra del Fuego (Argentina) -- Maps ; Ushuaia (Argentina) -- Maps ; Río Grande (Tierra del Fuego, Argentina) -- Maps ; Tolhuin (Argentina) -- Maps ;",South America;,Argentina,,,,,Argentina,"Relief shown by spot heights.  Panel title.  Includes location map, two inset maps and distance table.  Three ancillary city maps with inset location maps and information directory on verso.",,"Provincia de Tierra del Fuego, Antartida ́e islas del Atla̋ntico sur República Argentina -- Ushuaia -- Río Grande -- Rolhuin.",,cartographic image,Still image,Maps,Color;,,"W 69°03'00""-W 63°20'00""/S 52°39'00""-S 55°25'00""",American Geographical Society Library - Maps,https://wisconsin-uwm.primo.exlibrisgroup.com/permalink/01UWI_ML/13nukll/alma9920549313402124,"1 map : color ; on sheet 78 x 51 cm, folded to 26 x 16 cm",250-c .S6 A-2005,English,"American Geographical Society Library, University of Wisconsin-Milwaukee",University of Wisconsin-Milwaukee Libraries,The Board of Regents of the University of Wisconsin System,agsmap030983 (a-b),image/tif; Image/jp2,American Geographical Society Library Digital Map Collection,,,,2025-01-22,2025-01-22,http://cdm17272.contentdm.oclc.org/cdm/ref/collection/agdm/id/36155,36155,36176.cpd,/agdm/image/36176.cpd
20260817_agdm-export_Bbox-Subset.csv,"Distribution of older Americans in 1970 related to year of maximum county of population / Prepared by Geography Division, in cooperation with Population Division, Bureau ofthe Census.",,United States 1970,United States maps. GE-70 ; no. 2.,United States. Bureau of the Census,,1970,Washington : U.S. Bureau of the Census,Age distribution (Demography) -- United States -- Maps ; Older people -- United States -- Maps ; United States -- Population -- Maps ;,North and Central America;,United States,,,,,United States,"""Albers equal area projection. Includes insets of Hawaii and Alaska. Three color coded figures and three center city maps on verso.  Additional Info: Also available on the Internet through the American Geographical Society Library Digital Map Collection.",,,,cartographic image,Still image,Maps,Color;,"1:19,200,000",E 144°24ʹ00ʺ--W 64°21ʹ00ʺ/N 71°35ʹ00ʺ--S 14°45ʹ00ʺ,American Geographical Society Library - Maps,https://wisconsin-uwm.primo.exlibrisgroup.com/permalink/01UWI_ML/13nukll/alma9916612543402124,1 map : color ; 17 x 26 cm.,800 C-1970,English,"American Geographical Society Library, University of Wisconsin-Milwaukee",University of Wisconsin-Milwaukee Libraries,The Board of Regents of the University of Wisconsin System,agsmap030991 (a-b),image/tif; Image/jp2,American Geographical Society Library Digital Map Collection,,,,2025-01-22,2025-01-22,http://cdm17272.contentdm.oclc.org/cdm/ref/collection/agdm/id/36158,36158,36179.cpd,/agdm/image/36179.cpd
20260817_agdm-export_Bbox-Subset.csv,"Depth to bedrock in Wisconsin. / Compiled by L. C. Trotta and R. D. Cotter, 1973. [Prepared by] Cartographic Laboratory, University of Wisconsin--Madison",,Wisconsin 1973,,"Trotta, L. C. (Lee C.)","Cotter, R. D. (Ralph D.), 1929-; University of Wisconsin--Madison. Cartographic Laboratory ;",1973,"Madison : University of Wisconsin--Extension, Geological and Natural History Survey",Geology -- Wisconsin -- Maps,North and Central America;,United States,Wisconsin,,,,Wisconsin,"Alternate title: Wisconsin. Relief shown by spot heights. Depths of bedrock shown by gradient tints. ""Compiled from: Published and unpublished reports of the Wisconsin Geological and Natural History Survey and the U.S. Geological Survey."" ""Base from U.S. Geological Survey, 1:1,000,000; edition of 1968.""",,,,cartographic image,Still image,Maps,Color;,"1:1,000,000",W 92°53ʹ00ʺ--W 86°14ʹ00ʺ/N 47°18ʹ00ʺ--N 42°29ʹ00ʺ,American Geographical Society Library - Maps,https://wisconsin-uwm.primo.exlibrisgroup.com/permalink/01UWI_ML/13nukll/alma9911119493402124,1 map : color ; 56 x 54 cm,893 G-1973,English,"American Geographical Society Library, University of Wisconsin-Milwaukee",University of Wisconsin-Milwaukee Libraries,The Board of Regents of the University of Wisconsin System,am003004,image/tif; Image/jp2,American Geographical Society Library Digital Map Collection,,A 1973 Wisconsin bedrock depth map displays elevation zones from 0-800 feet in color-coded bands.,,2025-01-22,2026-06-26,http://cdm17272.contentdm.oclc.org/cdm/ref/collection/agdm/id/36163,36163,36162.jp2,/agdm/image/36162.jp2
20260817_agdm-export_Bbox-Subset.csv,Die Deutschen Weinanbaugebiete = The German wine-growing regions / DWI.,,Germany 2003,,Deutsches Wirtschaftsinstitut,,2003,Berlin : Deutsches Wirtschaftsinstitut,Wine districts -- Germany -- Maps ; Vineyards -- Germany -- Maps ; Wine and wine making -- Germany -- Maps ; Grapes -- Varieties -- Germany -- Maps;,Europe;,Germany,,,,,Germany,"Other title German wine-growing regions Notes Shows wine-producing areas and vineyards in Germany. ""Deutsche Weine neu erlegen, German wines light and elegant naturally"" in bottom margin. Includes location map [ca. 1:3,650,000] and tables showing region, grape-varieties, and ground surface cultivated in hectares and percentage. Underneath location map: ""DWI, Grossposter-Übersichtskarte.""",,"Ahr, Mittelrhein, Mosel-Saar-Ruwer [ca. 1:370,000] -- Saale-Unstrut, Sachsen [ca. 1:450,000] -- Franken [ca. 1:370,000] -- Württemberg, Baden [ca. 1:450,000] -- Rheingau, Nahe, Rheinhessen, Hessische Bergstrasse, Pfalz [ca. 1:240,000].",,cartographic image,Still image,Maps,Color;,,E 6⁰00ʹ--E 15⁰00ʹ/N 54⁰30ʹ--N 47⁰15ʹ,American Geographical Society Library - Maps,https://wisconsin-uwm.primo.exlibrisgroup.com/permalink/01UWI_ML/13nukll/alma9916342523402124,5 maps on 1 sheet : color ; sheet 137 x 97 cm,640 A-[2003],German,"American Geographical Society Library, University of Wisconsin-Milwaukee",University of Wisconsin-Milwaukee Libraries,The Board of Regents of the University of Wisconsin System,agsmap030997,image/tif; Image/jp2,American Geographical Society Library Digital Map Collection,,"Map details Germany's wine-growing regions with color-coded areas like Mosel-Saar-Ruwer, Rheingau, and Pfalz, labeled ""Die.",,2025-01-22,2026-06-26,http://cdm17272.contentdm.oclc.org/cdm/ref/collection/agdm/id/36164,36164,36167.jp2,/agdm/image/36167.jp2
20260817_agdm-export_Bbox-Subset.csv,Status of topographic mapping / Geological Survey,,United States 1959,,Geological Survey (U.S.),,1959,"Washington, D.C. : U.S. Geological Survey",United States -- Maps -- Indexes ; United States -- Surveys -- Maps ; Topographic maps;,North and Central America;,United States,,,,,United States,"Sheet of the National Atlas of the United States."" ""Base map and subject data compiled by United States Geological Survey."" ""January 1959."" ""M R-5811.""",,,,cartographic image,Still image,Maps,Color;,"1:5,000,000",E 144°24ʹ00ʺ--W 64°21ʹ00ʺ/N 71°35ʹ00ʺ--S 14°45ʹ00ʺ,American Geographical Society Library - Maps,https://wisconsin-uwm.primo.exlibrisgroup.com/permalink/01UWI_ML/13nukll/alma9915364413402124,1 map : color ; 60 x 97 cm,800 J-1959d,English,"American Geographical Society Library, University of Wisconsin-Milwaukee",University of Wisconsin-Milwaukee Libraries,The Board of Regents of the University of Wisconsin System,agsmap030992,image/tif; Image/jp2,American Geographical Society Library Digital Map Collection,,A 1959 U.S. map illustrates topographic survey coverage via color coding.,,2025-01-22,2026-06-26,http://cdm17272.contentdm.oclc.org/cdm/ref/collection/agdm/id/36167,36167,36165.jp2,/agdm/image/36165.jp2
20260817_agdm-export_Bbox-Subset.csv,"Original vegetation cover of Wisconsin / compiled [1832-1866] from U.S. General Land Office notes by Robert W. Finley, professor of geography emeritus, University of Wisconsin Extension, University of Wisconsin Center System, 1976 ; map designed and prepared by Cartographic Laboratory, University of Wisconsin--Madison",,Wisconsin 1976,,"Finley, Robert William, 1911-","North Central Forest Experiment Station (Saint Paul, Minn.) ; University of Wisconsin--Madison. Cartographic Laboratory ;",1976,"St. Paul, Minn. : North Central Forest Experiment Station, Forest Service, U.S. Dept. of Agriculture",Phytogeography -- Wisconsin -- Maps ; Phytogeography -- Wisconsin -- History -- 19th century -- Maps ; Wisconsin -- History -- 19th century -- Maps;,North and Central America;,United States,Wisconsin,,,,Wisconsin,Text on verso.,,,,cartographic image,Still image,Maps,Color;,"1:500,000",W 92⁰54ʹ--W 86⁰45ʹ/N 47⁰07ʹ--N 42⁰30ʹ,American Geographical Society Library - Maps,https://wisconsin-uwm.primo.exlibrisgroup.com/permalink/01UWI_ML/13nukll/alma997969193402124,1 map : color ; 111 x 100 cm,893 E-1866 1978,English,"American Geographical Society Library, University of Wisconsin-Milwaukee",University of Wisconsin-Milwaukee Libraries,The Board of Regents of the University of Wisconsin System,am003005,image/tif; Image/jp2,American Geographical Society Library Digital Map Collection,,"This 1976 map of Wisconsin displays original pre-settlement vegetation and forest cover, based on historic U.S. Land Office.",,2025-01-22,2026-06-26,http://cdm17272.contentdm.oclc.org/cdm/ref/collection/agdm/id/36171,36171,36164.jp2,/agdm/image/36164.jp2
20260817_agdm-export_Bbox-Subset.csv,Figure 4 - land use [Jamaica],,Jamaica 1963,,,,1963,Place of publication not identified : publisher not identified,Jamaica -- Maps ;  Land capability for agriculture -- Jamaica -- Maps,North and Central America;,Jamaica,,,,,Jamaica,"Includes 2 diagrams. Annotated: ""Gift through Focus (B. Floyd)"" and ""Final map.""",,,,cartographic image,Still image,Maps,B&W;,"1:1,000,000",W 78°34ʹ00ʺ--W 75°45ʹ00ʺ/N 18°43ʹ00ʺ--N 16°35ʹ00ʺ,American Geographical Society Library - Maps,https://wisconsin-uwm.primo.exlibrisgroup.com/permalink/01UWI_ML/13nukll/alma991014108565602124,1 map ; 21 x 33 cm,237 E-[1963?],English,"American Geographical Society Library, University of Wisconsin-Milwaukee",University of Wisconsin-Milwaukee Libraries,The Board of Regents of the University of Wisconsin System,agsmap030980,image/tif; Image/jp2,American Geographical Society Library Digital Map Collection,,"Map dated January 1969 illustrates Jamaica's sugar, banana, and cattle farming regions and farm size distribution via pie.",,2025-01-22,2026-06-26,http://cdm17272.contentdm.oclc.org/cdm/ref/collection/agdm/id/36177,36177,36170.jp2,/agdm/image/36170.jp2
20260817_agdm-export_Bbox-Subset.csv,"Bedrock geology of Wisconsin / University of Wisconsin-Extension, Geological and Natural History Survey ; M.E. Ostrom, Director and State Geologist",Revised 1995.,Wisconsin 1995,,Wisconsin Geological and Natural History Survey,,1995,"Madison, Wis. : Wisconsin Geological and Natural History Survey",Geology -- Wisconsin -- Maps.,North and Central America;,United States,Wisconsin,,,,Wisconsin,"""April 1981."" ""Geologic history of Wisconsin's bedrock"" on verso.",,,,cartographic image,Still image,Maps,Color;,"1:2,700,000",W 92°53ʹ00ʺ--W 86°14ʹ00ʺ/N 47°18ʹ00ʺ--N 42°29ʹ00ʺ,American Geographical Society Library - Maps,https://wisconsin-uwm.primo.exlibrisgroup.com/permalink/01UWI_ML/13nukll/alma9912824813402124,1 map : color ; 20 x 27 cm,893 G-1995,English,"American Geographical Society Library, University of Wisconsin-Milwaukee",University of Wisconsin-Milwaukee Libraries,The Board of Regents of the University of Wisconsin System,am003002,image/tif; Image/jp2,American Geographical Society Library Digital Map Collection,,Wisconsin bedrock geology map displays rock formations by age and type with dating and glacial coverage.,,2025-01-22,2026-06-26,http://cdm17272.contentdm.oclc.org/cdm/ref/collection/agdm/id/36178,36178,36156.jp2,/agdm/image/36156.jp2
20260817_agdm-export_Bbox-Subset.csv,[Zürich],,"Zurich, Switzerland 1909",,Kartographische Anstalt Hofer & Co. AG,,1909,Zurich : Hofer & Co.,Zurich (Switzerland) -- Maps,Europe;,Switzerland,,,,Zurich,Zurich,"North oriented to the right.  Includes indexes to points of interest.  On verso: regional map, distance diagram, carriage schedule and view from east to west.",,,,cartographic image,Still image,Maps,Color;,"1:10,000",E 8°26ʹ52ʺ--E 8°37ʹ31ʺ/N 47°26ʹ04ʺ--N 47°19ʹ12ʺ,American Geographical Society Library - Maps,https://wisconsin-uwm.primo.exlibrisgroup.com/permalink/01UWI_ML/13nukll/alma991014270788902124,1 map : color ; 33 x 45 cm,638-d .Z87 D-1909,German,"American Geographical Society Library, University of Wisconsin-Milwaukee",University of Wisconsin-Milwaukee Libraries,The Board of Regents of the University of Wisconsin System,am003071 am003072,image/tif; Image/jp2,American Geographical Society Library Digital Map Collection,,,,2025-01-23,2025-01-23,http://cdm17272.contentdm.oclc.org/cdm/ref/collection/agdm/id/36186,36186,36193.cpd,/agdm/image/36193.cpd
20260817_agdm-export_Bbox-Subset.csv,"Carte de L'Isthme de Panama / dressée d'après les documents de Garella, Totten,, Wagner, les Cartes Hydrographiques Anglaises et Franc̨aises et les derniers travaux de M. Mrs. Wyse et Reclus Lieutenants de Vau. assistés de M. Mrs. les Ingrs. Sosa, Lacharme etc. echelle de 1:200.000 1879 ; gravé par Erhard ; imp. Erhard",,Panama Canal 1879,,,Erhard (Firm),1879,Paris : Impr. A. Quantin,"Panama, Isthmus of (Panama) -- Maps ; Canals, Interoceanic ; Wyse, Lucien N. B. (Lucien Napoléon Bonaparte), 1845-1909 ; Reclus, Armand, 1843-1927 ;",North and Central America;,Panama,,,,,Panama,"""Tracé propose par M. Mrs. Wyse et reclus et adopte par le congres International du canal interocéanique"" -- across top margin in red.  Relief shown by spot heights and shading.  Includes notes and geological profile view.  From: A travers l'isthme de Panama tracé interocéanique / de L.-N.B. Wyse et A. Reclus, 1879.",,,,cartographic image,Still image,Maps,Color;,"1:200,000",W 80°06ʹ23ʺ--W 79°20ʹ44ʺ/N 9°26ʹ04ʺ--N 8°42ʹ37ʺ,American Geographical Society Library - Maps,https://wisconsin-uwm.primo.exlibrisgroup.com/permalink/01UWI_ML/13nukll/alma991012527929402124,"1 map : color ; 38 x 39 cm, on sheet 53 x 42 cm",227 D-1879,French,"American Geographical Society Library, University of Wisconsin-Milwaukee",University of Wisconsin-Milwaukee Libraries,The Board of Regents of the University of Wisconsin System,,image/tif; Image/jp2,American Geographical Society Library Digital Map Collection,,,,2025-01-23,2025-01-23,http://cdm17272.contentdm.oclc.org/cdm/ref/collection/agdm/id/36190,36190,36197.cpd,/agdm/image/36197.cpd
20260817_agdm-export_Bbox-Subset.csv,"Soil regions of Wisconsin / F.W. Madison, H.F. Gundlach",,Wisconsin 1993,,"Madison, Frederick William, 1937-","Gundlach, Howard F. ; Hole, Francis Doan, 1913- ; Wisconsin Geological and Natural History Survey ;",1993,"Madison, Wis. : University of Wisconsin-Extension, Wisconsin Geological and Natural History Survey",Soils -- Wisconsin -- Maps,North and Central America;,United States,Wisconsin,,,,Wisconsin,"Related Work Hole, Francis Doan, 1913- Soils of Wisconsin.  Notes ""Adapted from Hole, F.D., et al., 1968, Soils of Wisconsin. Wisconsin Geological and Natural History Survey, scale 1:710,000."" Text and illustrations on verso, continued onto recto.",,,,cartographic image,Still image,Maps,,"1:3,168,000",W 92°53ʹ00ʺ--W 86°14ʹ00ʺ/N 47°18ʹ00ʺ--N 42°29ʹ00ʺ,American Geographical Society Library - Maps,https://wisconsin-uwm.primo.exlibrisgroup.com/permalink/01UWI_ML/13nukll/alma9912824803402124,1 map : color ; 21 x 27 cm,893 G-1993,English,"American Geographical Society Library, University of Wisconsin-Milwaukee",University of Wisconsin-Milwaukee Libraries,The Board of Regents of the University of Wisconsin System,am003006,image/tif; Image/jp2,American Geographical Society Library Digital Map Collection,,"Wisconsin's 1993 soil map uses color to display the state's diverse forest, prairie, sandy, and clayey soil regions.",,2025-01-23,2026-06-26,http://cdm17272.contentdm.oclc.org/cdm/ref/collection/agdm/id/36191,36191,36185.jp2,/agdm/image/36185.jp2
20260817_agdm-export_Bbox-Subset.csv,Plan von Zürich,25 Auflage,"Zurich, Switzerland 1912",,,,1912,Zürich : Art. Institut Orell Füssli,Zurich (Switzerland) -- Maps,Europe;,Switzerland,,,,Zurich,Zurich,"Includes indexes. Advertisements, illustrations and text on verso.",,,,cartographic image,Still image,Maps,Color;,"1:12,000",E 8°26ʹ52ʺ--E 8°37ʹ31ʺ/N 47°26ʹ04ʺ--N 47°19ʹ12ʺ,American Geographical Society Library - Maps,https://wisconsin-uwm.primo.exlibrisgroup.com/permalink/01UWI_ML/13nukll/alma991014270789002124,1 maps : color ; 35 x 51 cm,638-d .Z87 A-[1912],German,"American Geographical Society Library, University of Wisconsin-Milwaukee",University of Wisconsin-Milwaukee Libraries,The Board of Regents of the University of Wisconsin System,am003068,image/tif; Image/jp2,American Geographical Society Library Digital Map Collection,,"This 1912 Zurich zoning map highlights industrial, residential districts and rail networks.",,2025-01-23,2026-06-26,http://cdm17272.contentdm.oclc.org/cdm/ref/collection/agdm/id/36192,36192,36183.jp2,/agdm/image/36183.jp2
20260817_agdm-export_Bbox-Subset.csv,Street map of Milwaukee,1977 edition.,"Milwaukee, Wisconsin 1977",,H.M. Gousha Company,,1977,"Falls Church, Va. : American Automobile Association",Milwaukee (Wis.) -- Maps ; Milwaukee Metropolitan Area (Wis.) -- Maps ;,North and Central America;,United States,Wisconsin,,,Milwaukee,Milwaukee,,,,,cartographic image,Still image,Maps,Color;,"1:44,986",W 92°53ʹ00ʺ--W 86°14ʹ00ʺ/N 47°18ʹ00ʺ--N 42°29ʹ00ʺ,American Geographical Society Library - Maps,https://wisconsin-uwm.primo.exlibrisgroup.com/permalink/01UWI_ML/13nukll/alma9915667973402124,"1 map : color ; 75 x 43 cm, folded to 23 x 10 cm",893-d .M54 D-1977,English,"American Geographical Society Library, University of Wisconsin-Milwaukee",University of Wisconsin-Milwaukee Libraries,The Board of Regents of the University of Wisconsin System,am003007,image/tif; Image/jp2,American Geographical Society Library Digital Map Collection,,"A vintage 1977 Milwaukee street map highlights neighborhoods, highways, and the Wisconsin border with precise gridlines.",,2025-01-23,2026-06-26,http://cdm17272.contentdm.oclc.org/cdm/ref/collection/agdm/id/36193,36193,36184.jp2,/agdm/image/36184.jp2
20260817_agdm-export_Bbox-Subset.csv,"Soil and lay of the land map of Menominee County / Michigan Department of Conservation, Land Economic Survey",,"Menominee County, Michigan 1925",,Michigan. Land Economic Survey,A. Hoen & Co.;,1925,"Lansing, Mich. : Michigan Dept. of Conservation",Soils -- Michigan -- Menominee County -- Maps ; Slopes (Physical geography) -- Michigan -- Menominee County -- Maps ; Agriculture -- Michigan -- Menominee County -- Maps; Menominee County (Mich.) -- Maps;,North and Central America;,United States,Michigan,,,,Michigan,"Shows soil types with letter codes rather than colors. ""Field work in cooperation with Michigan State College Experiement Station..."" ""A. Hoen & Co. lith. Baltimore, Md.""",,,,cartographic image,Still image,Maps,Color;,"1:63,360",(W 87°53ʹ00ʺ--W 87°15ʹ00ʺ/N 45°59ʹ00ʺ--N 45°05ʹ00ʺ),American Geographical Society Library - Maps,https://wisconsin-uwm.primo.exlibrisgroup.com/permalink/01UWI_ML/13nukll/alma9915536393402124,1 map : color ; 157 x 79 cm,843-c .M46 G-1925a,English,"American Geographical Society Library, University of Wisconsin-Milwaukee",University of Wisconsin-Milwaukee Libraries,The Board of Regents of the University of Wisconsin System,agsmap031074 (s1-s2),image/tif; Image/jp2,American Geographical Society Library Digital Map Collection,,,,2025-03-11,2025-04-14,http://cdm17272.contentdm.oclc.org/cdm/ref/collection/agdm/id/36358,36358,36373.cpd,/agdm/image/36373.cpd
20260817_agdm-export_Bbox-Subset.csv,Map of Canada east or lower Canada : compiled from Government plans original documents and observations,,Ontario 1855,,"Maclear & Co., cartographer, publisher",,1855,Toronto Canada : Maclear & Co.,Canada -- Maps;,North and Central America;,Canada,,,,,Canada,"ncludes inset: Continuation of townships on the Ottawa. Shows boundaries, railroads, canals, and roads. Originally published in: Canada, physical, economic, and social / A. Lillie (Tornonto : Maclear, 1855).",,,,cartographic image,Still image,Maps,B&W;,"1:1,520,640",W 75°53ʹ00ʺ--W 64°08ʹ00ʺ/N 50°00ʹ00ʺ--N 43°54ʹ00ʺ,American Geographical Society Library - Maps,https://wisconsin-uwm.primo.exlibrisgroup.com/permalink/01UWI_ML/13nukll/alma991013544769102124,1 map ; 44 x 57 cm,120-c .S2L3 A-1855a,English,"American Geographical Society Library, University of Wisconsin-Milwaukee",University of Wisconsin-Milwaukee Libraries,The Board of Regents of the University of Wisconsin System,agsmap031069,image/tif; Image/jp2,American Geographical Society Library Digital Map Collection,,A detailed 1855 map of Lower Canada (now Quebec) highlights the regions along the Gulf of St. Lawrence and St. Lawrence.,,2025-03-11,2026-06-26,http://cdm17272.contentdm.oclc.org/cdm/ref/collection/agdm/id/36361,36361,36364.jp2,/agdm/image/36364.jp2
20260817_agdm-export_Bbox-Subset.csv,"Major Land Resource Area (MLRA) soil survey regions USDA--NRCS Soils Division / U.S. Department of Agriculture, Natural Resources Conservation Service",,United States 1995,,United States. Natural Resources Conservation Service,National Cartography and Geographic Information Systems Center (U.S.),1995,"Fort Worth, TX : USDA, NRCS, National Cartography & GIS Center",Soil surveys -- United States -- Maps;,North and Central America;,United States,,,,,United States,"""September 1995 1008161."" Includes source materials note and insets of Alaska, Hawaii, and Puerto Rico.",,,,cartographic image,Still image,Maps,Color;,,(W 126°26ʹ00ʺ--W 64°21ʹ00ʺ/N 50°04ʹ00ʺ--N 23°54ʹ00ʺ),American Geographical Society Library - Maps,https://wisconsin-uwm.primo.exlibrisgroup.com/permalink/01UWI_ML/13nukll/alma9914052653402124,1 map : color ; 24 x 40 cm,800 G-1995b,English,"American Geographical Society Library, University of Wisconsin-Milwaukee",University of Wisconsin-Milwaukee Libraries,The Board of Regents of the University of Wisconsin System,agsmap031070,image/tif; Image/jp2,American Geographical Society Library Digital Map Collection,,The USDA displays soil regions across states for conservation planning in its Major Land Resource Area map.,,2025-03-11,2026-06-26,http://cdm17272.contentdm.oclc.org/cdm/ref/collection/agdm/id/36362,36362,36360.jp2,/agdm/image/36360.jp2
20260817_agdm-export_Bbox-Subset.csv,The battle fronts of Europe / Stanford's Geographl. Estabt.,,United States 1917,,Edward Stanford Ltd. cartographer,,1917,"Publication London : Stanford's Geographl. Estabt., 1917 or 1918 Manufacture London : Roberts & Leete Ltd, 1917 or 1918","Comparative maps ; World War, 1914-1918 -- Europe -- Maps ; United States -- Maps ;",North and Central America;,United States,,,,,United States,"Summary ""In this map [the battle fronts] are shown drawn to scale upon a map of the United States. It will be seen that the total battle front amounts to 2,195 miles--a distance only 95 miles less than that from Chicago to San Francisco, while the battle front in the West, where Germany has massed her heaviest forces, is nearly half the distance from New York to Chicago."" Notes Shows the area between the European western and eastern fronts overlaid over a map of the United States. Includes text.",,,,cartographic image,Still image,Maps,Color;,"1:16,220,000",(W 126°26ʹ00ʺ--W 64°21ʹ00ʺ/N 50°04ʹ00ʺ--N 23°54ʹ00ʺ),American Geographical Society Library - Maps,https://wisconsin-uwm.primo.exlibrisgroup.com/permalink/01UWI_ML/13nukll/alma991012631291102124,1 map : color ; 19 x 30 cm,600 B-[1917],English,"American Geographical Society Library, University of Wisconsin-Milwaukee",University of Wisconsin-Milwaukee Libraries,The Board of Regents of the University of Wisconsin System,agsmap031072,image/tif; Image/jp2,American Geographical Society Library Digital Map Collection,,A map overlay shows World War I's European battle fronts scaled to span from Chicago to San Francisco with key cities.,,2025-03-11,2026-06-26,http://cdm17272.contentdm.oclc.org/cdm/ref/collection/agdm/id/36363,36363,36363.jp2,/agdm/image/36363.jp2
20260817_agdm-export_Bbox-Subset.csv,"Map of Canada west, or upper Canada / compiled from government plans, original documents, and personal observation",,Ontario 1855,,"Maclear & Co., issuing body, publisher","Lillie, Adam",1855,"Toronto, Canada : Published by Maclear & Co.","Ontario, Southern -- Maps ; Counties -- Ontario, Southern -- Maps ; Roads -- Ontario, Southern -- Maps ; Railroads -- Ontario, Southern -- Maps ; Canada -- Maps ;",North and Central America;,Canada,Ontario,,,,Ontario,"Shows county boundaries, railroads, canals, plank and gravelled roads, and other roads. Originally folded to 17 x 10 cm. Includes illustration of the seal of Canada at top center of the map. Lillie, A. Toronto : Maclear & Co., 1855. Originally published as part of: Canada, physical, economic, and social,",,,,cartographic image,Still image,Maps,B&W;,"1:1,000,000",W 83°32ʹ00ʺ--W 71°57ʹ00ʺ/N 47°37ʹ00ʺ--N 40°47ʹ00ʺ,American Geographical Society Library - Maps,https://wisconsin-uwm.primo.exlibrisgroup.com/permalink/01UWI_ML/13nukll/alma991013544770002124,1 map ; 43 x 57 cm,120-c .E2 B-1855,English,"American Geographical Society Library, University of Wisconsin-Milwaukee",University of Wisconsin-Milwaukee Libraries,The Board of Regents of the University of Wisconsin System,agsmap031065,image/tif; Image/jp2,American Geographical Society Library Digital Map Collection,,"An 1855 map from Maclear & Co. displays Upper Canada's (Ontario's) counties, roads, Preference Lake, Toronto, and key towns.",,2025-03-11,2026-06-26,http://cdm17272.contentdm.oclc.org/cdm/ref/collection/agdm/id/36365,36365,36365.jp2,/agdm/image/36365.jp2
20260817_agdm-export_Bbox-Subset.csv,"A new map of the Province of Lower Canada : describing all the seigneuries, townships, grants of land &c. / compiled from plans deposited in the Patent Office Quebec ; by Samuel Holland, Esq., Surveyor General ; Allen & Wilson, sculp.",,Canada 1802,,"Holland, Samuel, 1728-1801","Faden, William, 1750-1836",1802,London : Willm. Faden,"Canada, Eastern -- Maps; Canada -- Maps ;",North and Central America;,Canada,,,,,Canada,"Bathymetry shown by soundings. Meridian west of London. "" ... to which is added a plan of the rivers Scoudiac and Magagaudavic surveyed in 1796, 97 and 98 by order of the Commissioners, appointed to ascertain the true river St. Croix intended by the Treaty of Peace in 1783, between His Britannic Majesty, and the United States of America. Also shows portions of New Brunswick, New York, Maine and New Hampshire.",,,,cartographic image,Still image,Maps,Color;,"1:750,00",(W 74°45ʹ--W 64°25ʹ/N 48°40ʹ--N 44°40ʹ),American Geographical Society Library - Maps,https://wisconsin-uwm.primo.exlibrisgroup.com/permalink/01UWI_ML/13nukll/alma991013635944702124,"1 map : hand colored, mounted on linen ; 58 x 86 cm, on sheet 61 x 91 cm",120-c .E2 A-1802,English,"American Geographical Society Library, University of Wisconsin-Milwaukee",University of Wisconsin-Milwaukee Libraries,The Board of Regents of the University of Wisconsin System,agsmap031079,image/tif; Image/jp2,American Geographical Society Library Digital Map Collection,,"A vintage 1802 map of Lower Canada illustrates its feudal townships, seigneuries, and granted riverfront lands.",,2025-03-11,2026-06-26,http://cdm17272.contentdm.oclc.org/cdm/ref/collection/agdm/id/36367,36367,36362.jp2,/agdm/image/36362.jp2
20260817_agdm-export_Bbox-Subset.csv,"The crowded coast : population trends, 1970-2000",,United States 2004,,United States. National Ocean Service. Special Projects,,2004,"Silver Spring, Md. : U.S. Dept. of Commerce, National Oceanic and Atmospheric Administration, National Ocean Service, Management and Budget Office, Special Projects, 2004",Population geography -- United States ; Coasts -- United States ; United States -- Population -- Maps ;,North and Central America;,United States,,,,,United States,"""September 2004."" Includes text, col. ill., two ancillary maps, inset of Hawaii, and tables.",,,,cartographic image,Still image,Maps,Color;,,(W 126°26ʹ00ʺ--W 64°21ʹ00ʺ/N 50°04ʹ00ʺ--N 23°54ʹ00ʺ),American Geographical Society Library - Maps,https://wisconsin-uwm.primo.exlibrisgroup.com/permalink/01UWI_ML/13nukll/alma9918751233402124,1 map : color ; 54 x 92 cm,800 C-2000z [2004],English,"American Geographical Society Library, University of Wisconsin-Milwaukee",University of Wisconsin-Milwaukee Libraries,The Board of Regents of the University of Wisconsin System,agsmap031073,image/tif; Image/jp2,American Geographical Society Library Digital Map Collection,,"A U.S. map shows coastal counties' population growth from 1970 to 2000, emphasizing dense growth near shorelines.",,2025-03-11,2026-06-26,http://cdm17272.contentdm.oclc.org/cdm/ref/collection/agdm/id/36369,36369,36368.jp2,/agdm/image/36368.jp2
20260817_agdm-export_Bbox-Subset.csv,"The heart of Cleveland, Ohio. Forest City. Cleveland, Ohio. 1928 / (Copyright) by Arthur B. Suchy ; The Du Bois Press, Rochester, N.Y.",,"Cleveland, Ohio 1928",,"Suchy, ARthur B. ;",,1928,"Rochester, N.Y. : The Du Bois Press",Pictorial maps -- 20th century ; Ohio -- Maps -- 20th century ; Cleveland (Ohio) -- Maps -- 20th century ;,North and Central America;,United States,Ohio,,,Cleveland,Cleveland,"Cover to the color pictorial map, folded into original decorative envelope, 20.5x19, with title: The heart of Cleveland, Ohio. Forest City. Cleveland 1796. Detailed map, shows city blocks, landmark buildings, steam ship, roads, railroads, rivers and mountains. Includes inset vignettes of Gen. Moses Cleaveland, the founder of Cleveland, Ohio, and description to each buildings and landmark, with the hamlet of Bockhampton, Hardy's birthplace, marked just to the east of the town and Weymouth to the south. The map is decorated with a orange, blue and brown compass. Includes directory to pints of interest, text and notes. ""Scale street layout 13 1/2 inches to 1 mile. buildings, figures and the rest have no scale.""",,,,cartographic image,Still image,Maps,Color;,"1:4,693",(W 81°52ʹ44ʺ--W 81°31ʹ57ʺ/N 41°36ʹ15ʺ--N 41°23ʹ26ʺ),American Geographical Society Library - Maps,https://wisconsin-uwm.primo.exlibrisgroup.com/permalink/01UWI_ML/13nukll/alma991014327265702124,1 map : color ; 58 x 91 cm,870-d .C53 M-1928,English,"American Geographical Society Library, University of Wisconsin-Milwaukee",University of Wisconsin-Milwaukee Libraries,The Board of Regents of the University of Wisconsin System,agsmap031083,image/tif; Image/jp2,American Geographical Society Library Digital Map Collection,,"A 1928 map of Cleveland shows downtown, riverfront districts, and their bridges, streets, parks, and industrial sites.",,2025-03-25,2026-06-26,http://cdm17272.contentdm.oclc.org/cdm/ref/collection/agdm/id/36393,36393,36397.jp2,/agdm/image/36397.jp2
20260817_agdm-export_Bbox-Subset.csv,"Minnesota, the gopher state",,Minnesota 1941,,"Aitchison, R. T. (Robert T.), 1887-1964",Mentholatum Company,1941,"Wilmington, Del. : Mentholatum Co. : R.T. Aitchiso",Minnesota -- Maps ; Minnesota -- History -- Maps ; Pictorial maps,North and Central America;,United States,Minnesota,,,,Minnesota,"ictorial map, with 5 columns of historical text. Shows historical towns, cities over 3,500, trading posts, missions, Indian Agencies, Indian villages, portages, forts, trails, military roads, and other locations of historical interest. Copyright R.T. Aitchison.",,,,cartographic image,Still image,Maps,Color;,"1:1,609,344",(W 97°14ʹ00ʺ--W 89°29ʹ00ʺ/N 49°23ʹ00ʺ--N 43°29ʹ00ʺ),American Geographical Society Library - Maps,https://wisconsin-uwm.primo.exlibrisgroup.com/permalink/01UWI_ML/13nukll/alma991014327265602124,"1 map : color ; 55 x 40 cm, on sheet 57 x 45 cm",844 M-1941,English,"American Geographical Society Library, University of Wisconsin-Milwaukee",University of Wisconsin-Milwaukee Libraries,The Board of Regents of the University of Wisconsin System,agsmap031084,image/tif; Image/jp2,American Geographical Society Library Digital Map Collection,,"This vintage 1941 map depicts 19th-century Minnesota regions, landmarks, and pioneer life in The Gopher State.",,2025-03-25,2026-06-26,http://cdm17272.contentdm.oclc.org/cdm/ref/collection/agdm/id/36394,36394,36398.jp2,/agdm/image/36398.jp2
20260817_agdm-export_Bbox-Subset.csv,"Turkey / Geographical Section, General Staff, no. 4292, War Office, 1942",First Edition / AMS 1.,Turkey 1943,,"Great Britain. War Office. General Staff. Geographical Section, cartographer",,1943,"Washington, D.C. : Army Map Service, U.S. Army",Turkey -- Maps; Military m aps;,Asia;,Turkey,,,,,Turkey,"Relief shown by contours and spot heights. ""3-43."" Former security restriction in upper margin: For use by War and Navy Department Agencies only. Not for sale or distribution. Map originally produced in 1942 by U.K. War Office G.S.G.S.; reissued in 1943 by U.S. Army Map Service. Includes blank elevation diagram in right-side margin. ""100187."" ""5/42/G.S.G.S.""",,,,cartographic image,Still image,Maps,Color;,"1:4,121,000",E 25°--E 46°/N 43°--N 35°,American Geographical Society Library - Maps,https://wisconsin-uwm.primo.exlibrisgroup.com/permalink/01UWI_ML/qvknjl/alma991014328158602124,1 map : color ; 21 x 44 cm,410 A-1943a,English,"American Geographical Society Library, University of Wisconsin-Milwaukee",University of Wisconsin-Milwaukee Libraries,The Board of Regents of the University of Wisconsin System,agsmap031085,image/tif; Image/jp2,American Geographical Society Library Digital Map Collection,,"1942 military map shows Turkey with cities, borders, rivers, and railroads.",,2025-03-27,2026-06-26,http://cdm17272.contentdm.oclc.org/cdm/ref/collection/agdm/id/36395,36395,36399.jp2,/agdm/image/36399.jp2
20260817_agdm-export_Bbox-Subset.csv,Map of the Wisconsin land district : correctly delineating the ranges east and west of the 4th principal meridian line ... / compiled from actual surveys and official documents by Stephen Taylor.,,"Wisconsin, southeast 1838",,"Taylor, Stephen, 1805-1877",,1838,Philadelphia : P.S. Duval Lith.,Wisconsin -- Maps;,North and Central America;,United States,Wisconsin,,,,Wisconsin,"Shows southwest corner of state. Shows township and range lines, prairies, Indian reservations, lead mines and reservations for miners and smelters. Includes inset maps: Plan of Wisconsin City -- Sketch of the public surveys in Wisconsin and Iowa Territories.",,,,cartographic image,Still image,Maps,Color;,"1:132,000",W 91°59ʹ00ʺ--W 88°31ʹ00ʺ/N 44°18ʹ00ʺ--N 42°29ʹ00ʺ,American Geographical Society Library - Maps,https://wisconsin-uwm.primo.exlibrisgroup.com/permalink/01UWI_ML/13nukll/alma991014051770602124,1 map : hand color ; 82 x 108 cm,Rare OV 893-c .S6W4 A-1838,English,"American Geographical Society Library, University of Wisconsin-Milwaukee",University of Wisconsin-Milwaukee Libraries,The Board of Regents of the University of Wisconsin System,agsmap031114,image/tif; Image/jp2,American Geographical Society Library Digital Map Collection,,An 1838 Wisconsin land-district map displays surveyed ranges and grid lines east and west of the 4th Principal Meridian.,,2025-05-07,2026-06-26,http://cdm17272.contentdm.oclc.org/cdm/ref/collection/agdm/id/36442,36442,36446.jp2,/agdm/image/36446.jp2
20260817_agdm-export_Bbox-Subset.csv,Mombasa-Victoria (Uganda) railway / lithd. at the Intell. Div. War Office.,,Kenya 1909,I.D.W.O. (Series) ; no. 1413.,Great Britain. War Office. Intelligence Division.,,1909,"London : Intelligence Division, War Office",Railroads -- Kenya -- Maps ; Kenya -- Maps ;,Africa,Kenya,,,,,Kenya,"Relief shown by spot heights. ""Revised May 1902; Revised June 1903; Steamer route added April 1909."" ""Loaned by the American Geographical Society ... to the Peace Conference at Versailles, 1918-1919"" -- stamped in blue in bottom margin.",,,,cartographic image,Still image,Maps,Color;,"1:1,584,000",E 32°--E 40°/S 0°--S 4°,American Geographical Society Library - Maps,https://wisconsin-uwm.primo.exlibrisgroup.com/permalink/01UWI_ML/13nukll/alma9920692383402124,"1 map : color, mounted on cloth ; 39 x 66 cm.",353-c .M65 D-1909,English,"American Geographical Society Library, University of Wisconsin-Milwaukee",University of Wisconsin-Milwaukee Libraries,The Board of Regents of the University of Wisconsin System,agsmap031119,image/tif; Image/jp2,American Geographical Society Library Digital Map Collection,,A 1909 British War Office rail map shows the Mombasa-Victoria Uganda Railway's route through Kenya.,,2025-05-13,2026-06-26,http://cdm17272.contentdm.oclc.org/cdm/ref/collection/agdm/id/36452,36452,36452.jp2,/agdm/image/36452.jp2
20260817_agdm-export_Bbox-Subset.csv,"A general chart of the island of Newfoundland with the rocks & soundings / Drawn from surveys taken by order of the Right Honourable the Lords Commissioners of the Admiralty by James Cook and Michael Lane, surveyors, and others. By Thomas Jefferys, geographer to the King",,Newfoundland and Labrador 1775,,"Jefferys, Thomas, -1771","Cook, James, 1728-1779, surveyor ; Lane, Michael, active 1768-1784, surveyor ; Jefferys, Thomas, -1771, publisher ; Robert Sayer and John Bennett (Firm), printer;",1775,"London : Publish'd according to Act ofr Parliament. 10th. May 1775. By Thomas Jefferys Geographer to the King ; Printed for Robt. Sayer & Jno. Bennett, No. 63 in Fleet Street, 1775.","Nautical charts -- Newfoundland and Labrador -- Early works to 1800 ; Newfoundland, Island of (N.L.) -- Maps -- Early works to 1800 ; Saint Lawrence, Gulf of -- Maps -- Early works to 1800 ;",North and Central America;,Canada,Newfoundland and Labrador,,,,Newfoundland and Labrador,"Notes Map of the entire coast of Newfoundland. Shows harbors, bays, and inlets, rocks, shoals, banks, soundings, islands, the type bottom, relief, and numerous early place-names. The land area is blank except for rivers, lakes, and some mountains, and an Indian path is shown along the coast of Newfoundland opposite the Straits of Belle Isle. Relief shown pictorially. Depths shown by soundings. Traversed with rhumb lines. Prime meridian: London. At foot: ""Longitude West from London."" From the author's The American atlas. London: R. Sayer & J. Bennett, 1775. Separately published? Also published in The North-American pilot for Newfoundland, Labradore, the Gulf and River St. Lawrence... v. 1. London : R. Sayer & J. Bennett, 1775; and The North American atlas. London, W. Faden, 1777. Four copies. Copy 1, Newfoundland and ocean colored in. Copy 2, Newfoundland outlined in yellow and green. Copy 3, Newfoundland outlined in brown. Copy 4, only Labrador coast outlined. Library copy: Newfoundland, Labradore and the ocean colored in; also outlined in color. Additional Info Kenshaw, K.A. Early Printed Maps of Canada, vol. II, entry 539 Phillips, P.E. List of Maps of America in Library of Congress, vol. 1, p. 475 Skelton, R.A. Marine surveys of James Cook in North America, 1758-1768, entry 13, I.",,,,cartographic image,Still image,Maps,Color;,"1:1,280,000",W 60°10ʹ--W 51°10ʹ/N 52°--N 46°40ʹ,American Geographical Society Library - Maps,https://wisconsin-uwm.primo.exlibrisgroup.com/permalink/01UWI_ML/13nukll/alma991013666070902124,"1 map : hand-colored ; 55 x 56 cm, on sheet 54 x 72 cm",133 B-1775,English,"American Geographical Society Library, University of Wisconsin-Milwaukee",University of Wisconsin-Milwaukee Libraries,The Board of Regents of the University of Wisconsin System,agsmap031124,image/tif; Image/jp2,American Geographical Society Library Digital Map Collection,,"A 1775 nautical chart by Thomas Jefferys maps Newfoundland's coastlines, bays, and depths.",,2025-05-16,2026-06-26,http://cdm17272.contentdm.oclc.org/cdm/ref/collection/agdm/id/36476,36476,36477.jp2,/agdm/image/36477.jp2
20260817_agdm-export_Bbox-Subset.csv,"A new map of the only useful and frequented part of New Found Land / by Thos. Kitchin, geogr.",,Newfoundland and Labrador 1762,,"Kitchin, Thomas, 1719-1784",,1762,London : Thomas Kitchin,Newfoundland and Labrador -- Maps -- Early works to 1800 ; Early maps ;,North and Central America;,Canada,Newfoundland and Labrador,,,,Newfoundland and Labrador,Other title London magazine. Notes Relief shown pictorially. In upper margin: For the London Mag.,,,,cartographic image,Still image,Maps,B&W;,"1:2,800,000",W 61°00ʹ--W 52°30ʹ/N 50°40ʹ--N 46°30ʹ,American Geographical Society Library - Maps,https://wisconsin-uwm.primo.exlibrisgroup.com/permalink/01UWI_ML/13nukll/alma991013666070702124,1 map ; 17 x 24 cm,133 B-[1762],English,"American Geographical Society Library, University of Wisconsin-Milwaukee",University of Wisconsin-Milwaukee Libraries,The Board of Regents of the University of Wisconsin System,agsmap031122,image/tif; Image/jp2,American Geographical Society Library Digital Map Collection,,"Seventeenth-century British map of Newfoundland, titled New Found Land by Thomas Kitchin, highlights geography.",,2025-05-16,2026-06-26,http://cdm17272.contentdm.oclc.org/cdm/ref/collection/agdm/id/36479,36479,36481.jp2,/agdm/image/36481.jp2
20260817_agdm-export_Bbox-Subset.csv,"Philips' large scale strategical war map of Europe -- Balkan area / George Philip & Son, edited by George Philip",,Balkan Peninsula 1917,,George Philip & Son,"Philip, George, 1870-1937",1917,London : George Philip & Son,"World War, 1914-1918 -- Balkan Peninsula -- Maps ; Balkan Peninsula -- Maps ;",Europe;,Greece ; Bulgaria ; Serbia ; Turkey ; Hungary,,Balkan Peninsula,,,Balkan Peninsula,"Relief shown by shading and spot heights. Loaned by the American Geographical Society to the Peace Conference at Versailles, 1918-1919.",,,,cartographic image,Still image,Maps,Color;,"1:1,750,000",E 17⁰00ʹ--E 31⁰00ʹ/N 51⁰00ʹ--N 39⁰30ʹ,American Geographical Society Library - Maps,https://wisconsin-uwm.primo.exlibrisgroup.com/permalink/01UWI_ML/13nukll/alma9916324433402124,"1 map : color, mounted on cloth ; 113 x 88 cm",660 B-[1917?],English,"American Geographical Society Library, University of Wisconsin-Milwaukee",University of Wisconsin-Milwaukee Libraries,The Board of Regents of the University of Wisconsin System,agsmap031120,image/tif; Image/jp2,American Geographical Society Library Digital Map Collection,,World War I strategic map highlights railway lines in the Balkans and parts of Europe.,,2025-05-16,2026-06-26,http://cdm17272.contentdm.oclc.org/cdm/ref/collection/agdm/id/36480,36480,36476.jp2,/agdm/image/36476.jp2
20260817_agdm-export_Bbox-Subset.csv,[Nunavut] / Canadian Geographic,,Nunavut 1999,,,Canadian Geographic Enterprises,1999,"Vanier, Ont. : Canadian Geographic Enterprises",Nunavut -- Maps;,North and Central America;,Canada,Nunavut,,,,Nunavut,"In Inuktitut. Selected place names also in English. Also shows land cover.  Relief shown by shading.  Includes notes and location map.  Text in Inuktitut, map of Iqaluit, comparative area map, 3 weather graphs, and color illustrations on verso.  Differs from other version; lacks English subtitle and text; nearly all text in Inuktitut characters.",,,,cartographic image,Still image,Maps,Color;,"1:8,000,000",W 125°--W 60°/N 85°--N 51°,American Geographical Society Library - Maps,https://wisconsin-uwm.primo.exlibrisgroup.com/permalink/01UWI_ML/13nukll/alma9920556063402124,"1 map : color ; 55 x 39 cm, folded to 28 x 20 cm",173 A-1999a,Inuktitut ; English,"American Geographical Society Library, University of Wisconsin-Milwaukee",University of Wisconsin-Milwaukee Libraries,The Board of Regents of the University of Wisconsin System,agsmap031131,image/tif; Image/jp2,American Geographical Society Library Digital Map Collection,,,,2025-06-04,2025-06-04,http://cdm17272.contentdm.oclc.org/cdm/ref/collection/agdm/id/36493,36493,36499.cpd,/agdm/image/36499.cpd
20260817_agdm-export_Bbox-Subset.csv,"Asia vulgo minor, dicta antiqua et nova : cum insulis adjacentibus / auctore I.A. Cramer S.T.P. ; A. Findlay, incidit",,Turkey 1832,,"Cramer, J. A. (John Anthony), 1793-1848",,1832,Oxford : Joseph Parker,Turkey -- Historical geography -- Maps ; Turkey -- Maps ;,Asia;,Turkey,,,,,Turkey,Relief shown by hachures. Dissected into 21 sections.,,,,cartographic image,Still image,Maps,Color;,"1:1,550,000",E 25°--E 41°/N 42°--N 34°,American Geographical Society Library - Maps,https://wisconsin-uwm.primo.exlibrisgroup.com/permalink/01UWI_ML/13nukll/alma991014050373302124,"1 map : hand colored, dissected and mounted on cloth ; 58 x 94 cm, folded in cardboard container 22 x 15 cm",410 A-1832,Latin,"American Geographical Society Library, University of Wisconsin-Milwaukee",University of Wisconsin-Milwaukee Libraries,The Board of Regents of the University of Wisconsin System,agsmap031132,image/tif; Image/jp2,American Geographical Society Library Digital Map Collection,,The 1832 map 'Asia vulgo minor dicta antiqua et nova' shows Turkey and nearby historical regions. (124 characters).,,2025-06-04,2026-06-26,http://cdm17272.contentdm.oclc.org/cdm/ref/collection/agdm/id/36495,36495,36496.jp2,/agdm/image/36496.jp2
20260817_agdm-export_Bbox-Subset.csv,"Korea 1:250,000 AMS L552",AMS L552.,Korea 1950-1969,,United States. Army Map Service,,1950 ; 1969,Washington : U.S. Army Map Service,Korea -- Maps; Topographic maps,Asia;,Korea,,,,,Korea,"Issued in quadrangles 1⁰ of latitude by 1 1/2-2⁰ of longitude. Complete in 22 sheets; set includes various issues of some sheets. ""Transverse Mercator projection."" Relief indicated variously by contours, shading, and spot heights. ""Names romanized in accordance with the McCune-Reischauer system."" Most names given also in oriental characters. Most sheets include ""Glossary"" and ""Location diagram,"" partly on versos. Some sheets have city maps on versos. Accompanied by index map on sheet 27 x 41 cm.",,"Tae-Huksan-Do NI 51-8 1963 -- Taehuksan-Do NI 51-8 1954 -- Kwangju NI 52-1 1955 -- Kwangju NI 52-1 1952 -- Kwangju NI 52-1 1950 -- Chonju NI 52-2 -1959 -- Chonju NI 52-2 1955 -- Chonju NI 52-2 1952 -- Chonju NI 52-2 1950 -- Pusan NI 52-3 1963 -- Pusan NI 52-3 1961 -- Pusan NI 52-3 1955 -- Pusan NI 52-3 1952 -- Pusan NI 52-3 1950 -- Mokp'o NI 52-5 1961 -- Mokp'o NI 52-5 1955 -- Mokp'o NI 52-5 1950 -- Yosu NI 52-6 1961 -- Yosu NI 52-6 1954 -- Yosu NI 52-6 1952 -- Yosu NI 52-6 1950 -- Cheju-Do NI 52-9 1963 -- Cheju-do NI 52-9 1954 -- Cheju-do NI 52-9 1950 -- P'yongyang NJ 51-4 1965 -- P'yongyang NJ 51-4 1965 -- P'yongyang NJ 51-4 1955 -- P'yongyang NJ 51-4 1950 -- Ta-Lien NJ 51-5 1958 -- Chinnampo'o NJ 51-8 1969 -- Chinnamp'o NJ 51-8 1955 -- Chinnamp'o NJ 51-8 1952 -- Chinnamp'o NJ 51-8 1952 -- Chinnamp'o NJ 51-8 1950 -- Ongjin NJ 51-12 1955 -- Ongjin NJ 51-12 1950 -- Index to maps of Korea 1:250,000 AMS series L552 1954.",,cartographic image,Still image,Maps,Color;,"1:250,000",E 124°22ʹ00ʺ--E 132°08ʹ00ʺ/N 43°03ʹ00ʺ--N 32°54ʹ00ʺ,American Geographical Society Library - Maps,https://wisconsin-uwm.primo.exlibrisgroup.com/permalink/01UWI_ML/13nukll/alma9918711153402124,maps : color ; 47 x 71 cm or smaller,"469-b A-1:250,000",Korea,"American Geographical Society Library, University of Wisconsin-Milwaukee",University of Wisconsin-Milwaukee Libraries,The Board of Regents of the University of Wisconsin System,agsmap031142 (001-035),image/tif; Image/jp2,American Geographical Society Library Digital Map Collection,,,,2025-06-13,2025-06-13,http://cdm17272.contentdm.oclc.org/cdm/ref/collection/agdm/id/36554,36554,36558.cpd,/agdm/image/36558.cpd
20260817_agdm-export_Bbox-Subset.csv,[Map showing many battlefields of the Indian Wars and Trail of the Little Big Horn and Yellowstone Expedition of 1876] / by W.C. Brown and Charles King.,,"United States, northwestern 1929",,"Brown, W. C. (William Carey), 1854-1939","King, Charles, 1844-1933 ; Raynolds, W. F. (William Franklin), 1820-1894 ; Maynadier, H. E. (Henry Eveleth), 1830-1868 ;  Gillespie, G. L. ; Keuffel & Esser Co. ;",1929,"New York, N.Y.? : K & E Co.,",Indians of North America -- Wars -- 1866-1895 -- Maps ; Northwestern States -- Maps ; Great Plains -- History -- Maps ; United States -- Discovery and exploration -- Maps ;,North and Central America;,United States,,,,,United States,"Other title Title of base map: Map of the Yellowstone and Missouri Rivers and their tributaries explored by Capt. W.F. Raynolds and 1st Lieut. H.E. Maynadier, 1859-60, revised and enlarged by Major G.I. Gillespie, 1876. Title in lower left margin: Western sheet, Map of the Yellowstone and Missouri rivers. Notes Blue line print. Easternmost longitude misprinted as 96⁰. Map appears to be a proof copy for W.C. Brown. Publication title not yet printed in upper left corner; correction pasted over portion of map that includes Camp Robinson. Embossed in lower margin: K&E Co., Columbia trade mark, Germany. ""This map is useful in general as covering the main theater of war with the Sioux, Cheyennes, and other tribes in the 60s and 70s and shows the physical features as then known ... it should be explained that while considerable time and effort has been spent in making [the sites of the Indian engagements] they are known in many cases to be far from correct ... The difficulties attending the making of these locations have been due not only to inaccuracies of the map itself, but the names of many of the physical features ... have at some time in the past 70 years been changed ..."" W.C. Brown, Brig. Gen. U.S.A. Retired. Includes: March of the Big Horn and Yellowstone Expedition, Aug. 4-Oct. 24, 1876, under Brig. Gen. George Crook.",,,,cartographic image,Still image,Maps,Color;,"1:1,200,000",W 114⁰--W 98⁰/N 48⁰--N 41⁰,American Geographical Society Library - Maps,https://wisconsin-uwm.primo.exlibrisgroup.com/permalink/01UWI_ML/13nukll/alma9915609863402124,,800-c .N6W4 B-[1929?],English,"American Geographical Society Library, University of Wisconsin-Milwaukee",University of Wisconsin-Milwaukee Libraries,The Board of Regents of the University of Wisconsin System,agsmap031153,image/tif; Image/jp2,American Geographical Society Library Digital Map Collection,,A vintage 1866-1895 map shows key Indian Wars battlefields along the Yellowstone and Missouri Rivers.,,2025-06-24,2026-06-26,http://cdm17272.contentdm.oclc.org/cdm/ref/collection/agdm/id/36573,36573,36574.jp2,/agdm/image/36574.jp2
20260817_agdm-export_Bbox-Subset.csv,"Batangas / lithographed in the Reproduction Branch, OSS.",,Philippines 1945,"R & A, OSS ; no. A-3466",United States. Office of Strategic Services. Research and Analysis Branch,,1945,"Washington, D.C. : Reproduction Branch, OSS,",Batangas (Philippines : Province) -- Maps ; Roads -- Philippines -- Batangas (Province) -- Maps ;,Asia;,Philippines;,Batangas,,,,Batangas,"At bottom left: No. A, 3446--R & A, OSS; 2 Feb. 1945. Base from: ""Census of the Philippines, 1939,"" Volume 1, Manila, 1940. Gift from Office of Strategic Services Apr 24 1945.",,,,cartographic image,Still image,Maps,Color;,"1:261,000",E 114°06ʹ00ʺ--E 126°48ʹ00ʺ/N 21°19ʹ00ʺ--N 4°23ʹ00ʺ,American Geographical Society Library - Maps,https://wisconsin-uwm.primo.exlibrisgroup.com/permalink/01UWI_ML/13nukll/alma9920458003402124,1 map : color ; 49 x 38 cm,457-c .B38 D-1945,English,"American Geographical Society Library, University of Wisconsin-Milwaukee",University of Wisconsin-Milwaukee Libraries,The Board of Regents of the University of Wisconsin System,agsmap031150,image/tif; Image/jp2,American Geographical Society Library Digital Map Collection,,Old 1945 OSS map traces Batangas and its roads and city limits in the Philippines.,,2025-06-24,2026-06-26,http://cdm17272.contentdm.oclc.org/cdm/ref/collection/agdm/id/36575,36575,36576.jp2,/agdm/image/36576.jp2
20260817_agdm-export_Bbox-Subset.csv,"Map of Louisiana representing the several land districts / prepared to accompany the Surveyor general's annual report. Wm. J. McCulloh, Sur., Gen.","Oct. 1st, 1855.",Louisiana 1855,,"McCulloh, William J.",United States. Congress 1855-1856). Senate;,1855,"Donaldsonville, La. : Surveyor General's Office",Louisiana -- Maps;,North and Central America;,United States,Louisiana,,,,Louisiana,"(Sen. Ex. Doc. No. 1. 34th Cong. 1st Sess.). Divided into ranges and townships. Includes ""References"" shows symbols used on map. Map removed from AGSL's copy of: ""Message from the President of the United States to the two houses of Congress at the commencement of the first session of the thirty-fourth congress, part IV, Illustrations belonging to reports accompanying the message, 1856.""",,,,cartographic image,Still image,Maps,B&W;,"1:1,267,200",W 94⁰03ʹ--W 88⁰49ʹ/N 33⁰01ʹ--N 28⁰55ʹ,American Geographical Society Library - Maps,https://wisconsin-uwm.primo.exlibrisgroup.com/permalink/01UWI_ML/1dmapte/alma9919579583402124,"1 map ; 39 x 41 cm, on sheet 46 x 47 cm",835 B-1855,English,"American Geographical Society Library, University of Wisconsin-Milwaukee",University of Wisconsin-Milwaukee Libraries,The Board of Regents of the University of Wisconsin System,agsmap031147,image/tif; Image/jp2,American Geographical Society Library Digital Map Collection,,An 1855 hand-drawn map by Surveyor General William J. McCulloh shows Louisiana's land districts.,,2025-06-30,2026-06-26,http://cdm17272.contentdm.oclc.org/cdm/ref/collection/agdm/id/36603,36603,36584.jp2,/agdm/image/36584.jp2
20260817_agdm-export_Bbox-Subset.csv,Mapa de los estados unidos de Méjico / segun lo organizado y definido por las varias actas del Congreso de dicha república y construido por las mejores autoridades ; lo publican J. Disturnell,Revised edition.,Mexico 1847 1935,Department of State map series ; no. 5.  Department of State publication ; no. 803.,"Disturnell, John, 1801-1877",,1935,"Publication Washington, D.C. : Dept. of State, 1935. Manufacture Baltimore : A. Hoen & Co.",Mexico -- Maps ; West (U.S.) -- Maps ; Historical maps -- Mexico ;,North and Central America;,Mexico,,,,,Mexico,"Relief shown by hachures and spot heights. Nueva York : J. Disturnell, 1847. Original published: ""Reproduced in 1935 to accompany ʻTreaties and other international acts of the United States of America, ʼ Volume 5. See Document 129."" ""The earliest of five or more 1847 editions. The copy added to the Treaty of Guadalupe Hidalgo of February 2, 1848, in the archives of the Department of State."" Prime meridian: Washington. Includes table of distances, table of statistics, ""Profile of the route between Mexico and Vera Cruz,"" and ""Profile of the route b[e]tween Mexico and Acapulco."" Insets: Carta de los caminos &c. desde Vera Cruz y Alvarado a Méjico -- Map showing the battle grounds of the 8th and 9th May 1846. By J.H. Eaton -- Chart of the bay of Vera Cruz. Drawn by order of V. Admiral Baudin.",,,,cartographic image,Still image,Maps,Color;,"1:4,500,000",W 125°--W 76°/N 44°--N 14°,American Geographical Society Library - Maps,https://wisconsin-uwm.primo.exlibrisgroup.com/permalink/01UWI_ML/1dmapte/alma991014422776302124,1 map : color ; 75 x 102 cm,210 B-1847 1935,Spanish,"American Geographical Society Library, University of Wisconsin-Milwaukee",University of Wisconsin-Milwaukee Libraries,The Board of Regents of the University of Wisconsin System,agsmap031145,image/tif; Image/jp2,American Geographical Society Library Digital Map Collection,,"A 1935 vintage map details Mexico and the southwestern U.S. within state borders, marking major terrain.",,2025-06-30,2026-06-26,http://cdm17272.contentdm.oclc.org/cdm/ref/collection/agdm/id/36606,36606,36586.jp2,/agdm/image/36586.jp2
20260817_agdm-export_Bbox-Subset.csv,"Sketch of the public surveys in Wisconsin and territory of Minnesota / Surveyor General's Office, Dubuque, October 21st 1854, Warner Lewis, Surr. Genl.",United States Congressional Serial Set edition. Senate edition.,Wisconsin 1854,"Senate executive document (United States. Congress. Senate) ; 33rd Congress, 2nd session, no. 1/18.","United States. Surveyor General of Wisconsin and Iowa, cartographer","Lewis, Warner, 1805-1888 ; United States. General Land Office ; United States. Congress 1854-1855). Senate ;",1854,"Washington, D.C. : United States Senate",Wisconsin -- Surveys -- Maps ; Minnesota -- Surveys -- Maps ; Wisconsin -- Maps ; Minnesota -- Maps ;,North and Central America;,United States,Wisconsin,,,,Wisconsin,"Summary Map of Wisconsin and part of eastern Minnesota, showing survey status of Public Land Survey System townships. Also shows Indian reservations and water features. Is Part Of Complemented by (expression): United States. General Land Office. Report of the Commissioner of the General Land Office Other title (No. 1.), sketch of the public surveys in Wisconsin and territory of Minnesota. Notes: Map detached from a collection of maps and illustrations issued as a Senate executive document (Serial Set 748 S.exdoc.1/18), accompanying a General Land Office report that was also issued as a Senate executive document (Serial Set 746 S.exdoc.1/6): Report of the Commissioner of the General Land Office. Washington, D.C. : [United States Senate], 1854. At head of title: (No. 1) Stamped on verso: ""Office of the Secretary of the Senate U.S."" Differs from other similar maps: date statement differs, lacks Senate statement in top right margin and Minnesotat territory outside western neat line.",,,,cartographic image,Still image,Maps,B&W;,"1:1,140,480",W 94°24ʹ59ʺ--W 86°47ʹ26ʺ/N 47°07ʹ14ʺ--N 42°29ʹ30ʺ,American Geographical Society Library - Maps,https://wisconsin-uwm.primo.exlibrisgroup.com/permalink/01UWI_ML/1dmapte/alma991014422776902124,1 map ; 45 x 53 cm.,893 B-[1854]a,English,"American Geographical Society Library, University of Wisconsin-Milwaukee",University of Wisconsin-Milwaukee Libraries,The Board of Regents of the University of Wisconsin System,agsmap031148,image/tif; Image/jp2,American Geographical Society Library Digital Map Collection,,A survey map from 1854 displays Wisconsin and adjacent Minnesota with township and range divisions.,,2025-06-30,2026-06-26,http://cdm17272.contentdm.oclc.org/cdm/ref/collection/agdm/id/36607,36607,36585.jp2,/agdm/image/36585.jp2
20260817_agdm-export_Bbox-Subset.csv,Carta general de la República Mexicana / formada y corregida con presencia de los ultimos datos y el auxilio de las autoridades mas competentes. Impa. litoga. de Debray,,Mexico 1873,,,,1873,México : Debray,Mexico -- Maps;,North and Central America;,Mexico,,,,,Mexico,"Relief shown by hachures. Includes 4 inset maps, 2 profile views, mountain comparison illustration, river comparison illustration, mileage table and population table.",,,,cartographic image,Still image,Maps,Color;,"1:3,000,000",W 118°35ʹ00ʺ--W 86°29ʹ00ʺ/N 32°43ʹ00ʺ--N 14°23ʹ00ʺ,American Geographical Society Library - Maps,https://wisconsin-uwm.primo.exlibrisgroup.com/permalink/01UWI_ML/1dmapte/alma991013577872402124,1 map : color ; 80 x 119 cm,210 A-1873,Spanish,"American Geographical Society Library, University of Wisconsin-Milwaukee",University of Wisconsin-Milwaukee Libraries,The Board of Regents of the University of Wisconsin System,agsmap031144,image/tif; Image/jp2,American Geographical Society Library Digital Map Collection,,Old 1873 map of Mexico titled Carta General de la República Mexicana displays its borders and main regions.,,2025-06-30,2026-06-26,http://cdm17272.contentdm.oclc.org/cdm/ref/collection/agdm/id/36608,36608,36587.jp2,/agdm/image/36587.jp2
20260817_agdm-export_Bbox-Subset.csv,"A people's map of Lawrence, Massachusetts / art director/designer Neil Horsky ; illustrator Kathryn Delaney ; coordinator/writer Joseph Nevins ; consultants Dexter Arnold, Jim Beauchesne, Garrett Dash Nelson, Kathy Flynn, Robert Forrant, Susan Grabski, Amita Kiley, Liza Zayas",,"Lawrence, Massachusetts 1912 2022",,,"Horsky, Neil ;  Delaney, Kathryn ; Nevins, Joseph ;",2022,Boston : Boston Book,"Textile Workers' Strike, Lawrence, Mass., 1912 ; Lawrence (Mass.) -- History ; Lawrence (Mass.) -- Maps;",North and Central America;,United States,Massachusetts,,,Lawrence,Lawrence,"Includes text, illustrations, and descriptive key to places. ""This map, completed in August 2022, grows out of a larger project associated with ""A people's guide to Greater Boston"" (University of California Press, 2020) by Joseph Nevins, Suren Moodliar, and Eleni Macrakis."" ""Financial support provided by: Mass Humanities, Norman B. Leventhal Map & Education Center at the Boston Public Library, Merrimack Valley Central Labor Council.""",,,,cartographic image,Still image,Maps,Color;,"1:7,000",W 71°11ʹ23ʺ--W 71°07ʹ47ʺ/N 42°43ʹ12ʺ--N 42°41ʹ24ʺ,American Geographical Society Library - Maps,,1 map : color ; 60 x 90 cm,842-d .L38 B-1912 2022,English,"American Geographical Society Library, University of Wisconsin-Milwaukee",University of Wisconsin-Milwaukee Libraries,The Board of Regents of the University of Wisconsin System,agsmap031175,image/tif; Image/jp2,American Geographical Society Library Digital Map Collection,,"A vintage map highlights Lawrence, Massachusetts sites tied to the 1912 Bread and Roses textile strike.",,2025-07-11,2026-06-26,http://cdm17272.contentdm.oclc.org/cdm/ref/collection/agdm/id/36655,36655,36659.jp2,/agdm/image/36659.jp2
20260817_agdm-export_Bbox-Subset.csv,"Plan of Santa Fé, New Mexico / surveyed and drawn by J. F. Gilmer, 1st Lieut. U.S. Corps of Engineers",,,,"Gilmer, J. F., 1818-1883",Historic Urban Plans (Firm),1971,"Ithaca, N.Y. : Historic Urban Plans",Manuscript maps -- Facsimiles ; Santa Fe (N.M.) -- Maps ; Santa Fe (N.M.) -- History -- Maps ;,North and Central America;,United States,New Mexico,,,,New Mexico,"Facsim. of manuscript. Relief shown by hachures. ""Reproduced ... from a manuscript in National Archives.""",,,,cartographic image,Still image,Maps,Color;,"1:3,225",W 105⁰56ʹ14ʺ--W 105⁰56ʹ14ʺ/N 35⁰41ʹ13ʺ--N 35⁰41ʹ13ʺ,American Geographical Society Library - Maps,https://wisconsin-uwm.primo.exlibrisgroup.com/permalink/01UWI_ML/13nukll/alma999440323402124,1 map : color ; 52 x 66 cm,861-d .S2F4 A-[1846] 1971,English,"American Geographical Society Library, University of Wisconsin-Milwaukee",University of Wisconsin-Milwaukee Libraries,The Board of Regents of the University of Wisconsin System,agsmap031186,image/tif; Image/jp2,American Geographical Society Library Digital Map Collection,,"An 1849 U.S. Corps of Engineers map depicts Santa Fe, New Mexico's plats, streets, and surrounding terrain.",,2025-07-17,2026-06-26,http://cdm17272.contentdm.oclc.org/cdm/ref/collection/agdm/id/36663,36663,36663.jp2,/agdm/image/36663.jp2
20260817_agdm-export_Bbox-Subset.csv,"Map of the island of Santo Domingo / compiled from the large official map published in 1858 by order of the president of the Dominican Republic under the supervision of M. Mendes, an officer in the French Corps of Engineers, and Knight of the Imperial Order of the Legion of Honor.",,Dominican Republic 1871,,,"Mendes, M. ; Gedney, J. F., lithographer ;",1871,Washn. : Lith. by J.F. Gedney,Dominican Republic -- Maps,North and Central America;,Dominican Republic,,,,,Dominican Republic,"Gift from National Archive 1954.  Relief shown by hachures. Sen. Ex. Doc. no. 17, 41, 3.",,,,cartographic image,Still image,Maps,B&W;,"1:1,382,400",W 74°30ʹ--W 68°19ʹ/N 20°15ʹ--N 17°30ʹ,American Geographical Society Library - Maps,https://wisconsin-uwm.primo.exlibrisgroup.com/permalink/01UWI_ML/13nukll/alma991013866167002124,1 map ; 20 x 42 cm,234 A-[1871],English,"American Geographical Society Library, University of Wisconsin-Milwaukee",University of Wisconsin-Milwaukee Libraries,The Board of Regents of the University of Wisconsin System,agsmap031179,image/tif; Image/jp2,American Geographical Society Library Digital Map Collection,,"An 1871 map of Santo Domingo island highlights regions, cities, and key geography for the Dominican Republic.",,2025-07-17,2026-06-26,http://cdm17272.contentdm.oclc.org/cdm/ref/collection/agdm/id/36668,36668,36661.jp2,/agdm/image/36661.jp2
20260817_agdm-export_Bbox-Subset.csv,"New Mexico State water plan, water resource developments",,New Mexico 1972,,,,1972,"Washington, D.C.? : publisher not identified",Water resources development -- New Mexico -- Maps ; Hydrology -- New Mexico -- Maps ;,North and Central America;,United States,New Mexico,,,,New Mexico,"Other title Water resource developments, 1972 Notes ""Base prepared by Bureau of Reclamation, 1966."" ""*GPO 782-630.""",,,,cartographic image,Still image,Maps,,"1:1,600,000",W 109°--W 103°/N 37°--N 31°,American Geographical Society Library - Maps,https://wisconsin-uwm.primo.exlibrisgroup.com/permalink/01UWI_ML/13nukll/alma991012442632302124,1 map : color ; 45 x 38 cm,861 H-1972,English,"American Geographical Society Library, University of Wisconsin-Milwaukee",University of Wisconsin-Milwaukee Libraries,The Board of Regents of the University of Wisconsin System,agsmap031185,image/tif; Image/jp2,American Geographical Society Library Digital Map Collection,,"New map from the 1972 New Mexico State Water Plan labels river basins, reservoirs, and planned projects.",,2025-07-17,2026-06-26,http://cdm17272.contentdm.oclc.org/cdm/ref/collection/agdm/id/36671,36671,36668.jp2,/agdm/image/36668.jp2
20260817_agdm-export_Bbox-Subset.csv,Haute Savoie = Hochsavoyen / J. Frey ; Institut géograph. de Kümmerly & Frey ; Société e'Edition de Cartes Geographiques.,,"Haute-Savoie, France 1914",,,"Frey, J. ; Kümmerly + Frey.",1914,"Berne : Institut géograph. de Kümmerly & Frey,",Haute-Savoie (France) -- Maps,Europe;,France,Haute-Savoie,,,,Haute-Savoie,"Relief shown by contours, spot heights and shading. Depths shown by soundings and isolines.",,,,cartographic image,Still image,Maps,Color;,"1:150,000",E 5°48ʹ00ʺ--E 7°02ʹ00ʺ/N 46°27ʹ00ʺ--N 45°40ʹ00,American Geographical Society Library - Maps,https://wisconsin-uwm.primo.exlibrisgroup.com/permalink/01UWI_ML/13nukll/alma991014464671602124,1 map : color ; 83 x 67 cm,630-c .H3S2 A-[1914],French ; German,"American Geographical Society Library, University of Wisconsin-Milwaukee",University of Wisconsin-Milwaukee Libraries,The Board of Regents of the University of Wisconsin System,agsmap031187,image/tif; Image/jp2,American Geographical Society Library Digital Map Collection,,"A 1914 1:150,000-scale topographical map of Haute-Savoie and Hochsavoyen shows regions with detailed elevations.",,2025-07-18,2026-06-26,http://cdm17272.contentdm.oclc.org/cdm/ref/collection/agdm/id/36673,36673,36677.jp2,/agdm/image/36677.jp2
20260817_agdm-export_Bbox-Subset.csv,"A people's map of Lowell, Massachusetts / art director, designer Neil Horsky ; illustrator Kathryn Delaney ; coordinators, writers Robert Forrant, Joseph Nevins ; consultants Maria Aybar, Garrett Dash Nelson, Maritza Grooms, Gordon Halm, Richard Howe, Sue Kim, Sheila Kirschbaum, Fred Sperounis, Christoph Strobel.",,"Lowell, Massachusetts 2025",,,"Horsky, Neil, designer, cartographer; Delaney, Kathryn, artist ; Nevins, Joseph, author ; Forrant, Robert, 1947- author;",2025,Boston : Boston Books,Lowell (Mass.) -- History ;  Lowell (Mass.) -- Maps;,North and Central America;,United States,Massachusetts,,,Lowell,Lowell,"Includes text, illustrations, and descriptive key to places of interest. ""This map, completed in May 2025, grows out of 'A people's guide to Greater Boston' (University of California Press, 2020) by Joseph Nevins, Suren Moodliar, and Eleni Macrakis."" ""Financial support provided by: Norman B. Leventhal Map & Education Center at the Boston Public Library, Merrimack Valley Central Labor Council, UMass Lowell History Department.",,,,cartographic image,Still image,Maps,Color;,"1:8,750","W 071°22'21""--W 071°16'40""/N 42°39'33""--N 42°37'05""",American Geographical Society Library - Maps,https://wisconsin-uwm.primo.exlibrisgroup.com/permalink/01UWI_ML/13nukll/alma991014464664202124,1 map : color ; 62 x 92 cm,842-d .L68 B-2025,English,"American Geographical Society Library, University of Wisconsin-Milwaukee",University of Wisconsin-Milwaukee Libraries,The Board of Regents of the University of Wisconsin System,agsmap031191,image/tif; Image/jp2,American Geographical Society Library Digital Map Collection,,"A historical map of Lowell, Massachusetts, shows key labor, cultural, and industrial landmarks with notes.",,2025-07-28,2026-06-26,http://cdm17272.contentdm.oclc.org/cdm/ref/collection/agdm/id/36674,36674,36680.jp2,/agdm/image/36680.jp2
20260817_agdm-export_Bbox-Subset.csv,"Sector Antartico Chileno, desde el meridiano 53° W. hasta el 90° W. / por la Armada de Chile.",,Chile and AntarcticA 1964,,"Chile, Armada ;",,1964,"Valparaiso : Armada de Chile,",Territorio Antártico Chileno -- Maps ;  Antarctica -- Maps ; Antarctic Peninsula (Antarctica) -- Maps ; Tierra del Fuego (Argentina and Chile) -- Maps ;,South America; Antarctica;,Chile,,,,,Chile,"Relief shown by hachures and spot heights. Depths shown by soundings and isolines. Includes list of base and shelter locations with dates established ""No. 12"" -- lower right.",,,,cartographic image,Still image,Maps,Color;,"1:5,000,000",W 124°29ʹ00ʺ--W 12°52ʹ00ʺ/S 48°44ʹ00ʺ--S 84°46ʹ00ʺ,American Geographical Society Library - Maps,https://wisconsin-uwm.primo.exlibrisgroup.com/permalink/01UWI_ML/13nukll/alma991014464073202124,1 map : color ; 89 x 81 cm,Nautical Charts ; Chile chart 12 [1964],Spanish,"American Geographical Society Library, University of Wisconsin-Milwaukee",University of Wisconsin-Milwaukee Libraries,The Board of Regents of the University of Wisconsin System,agsmap031189,image/tif; Image/jp2,American Geographical Society Library Digital Map Collection,,"Map of Chile's Antarctic claims between 53°W and 90°W, featuring the Antarctic Peninsula and southern territorial waters.",,2025-07-28,2026-06-26,http://cdm17272.contentdm.oclc.org/cdm/ref/collection/agdm/id/36677,36677,36679.jp2,/agdm/image/36679.jp2
20260817_agdm-export_Bbox-Subset.csv,G. Freytags Karte von Persien / Kartogr. Anstalt G. Freytag & Berndt,,Iran 1916,,Kartographische Anstalt Freytag und Berndt,,1916,Wien : Kartogr. Anstalt G. Freytag & Berndt,Iran -- Maps;,Asia,Iran,,,,,Iran,"Shows Russian and British spheres of interest (Interessensphäre). Relief shown by shading and spot heights. ""Zu Prof. J.G. Rothaug: Zur Aufteilung Persiens."" -- top left margin. ""Kartogr. u. Schulgeogr. Zeitschrift, 1916, Tafel 7."" -- upper right margin.",,,,cartographic image,Still image,Maps,Color;,"1:5,000,000",E 44°01ʹ00ʺ--E 63°19ʹ00ʺ/N 39°46ʹ00ʺ--N 24°50ʹ00ʺ,American Geographical Society Library - Maps,https://wisconsin-uwm.primo.exlibrisgroup.com/permalink/01UWI_ML/13nukll/alma991014464663402124,1 map : color ; on sheet 40 x 45 cm,423 A-[1916],German,"American Geographical Society Library, University of Wisconsin-Milwaukee",University of Wisconsin-Milwaukee Libraries,The Board of Regents of the University of Wisconsin System,agsmap031196,image/tif; Image/jp2,American Geographical Society Library Digital Map Collection,,"A 1916 historical map highlights Iran's provinces, cities, and key geographic features, including the Caspian and Arabian.",,2025-07-28,2026-06-26,http://cdm17272.contentdm.oclc.org/cdm/ref/collection/agdm/id/36682,36682,36684.jp2,/agdm/image/36684.jp2
20260817_agdm-export_Bbox-Subset.csv,Iran. : Administrative divisions.,February 1960,Iran 1960,,Muʼassasah-i Jughrāfiyāʼī va Kārtūgrāfī-i Saḥāb,,1960,"Tehran, Iran : Sahab Geographic & Drafting Institute",Iran -- Maps;,Asia,Iran,,,,,Iran,Includes inset map.,,,,cartographic image,Still image,Maps,B&W;,"1:2,000,000",E 44°01ʹ00ʺ--E 63°19ʹ00ʺ/N 39°46ʹ00ʺ--N 24°50ʹ00ʺ,American Geographical Society Library - Maps,https://wisconsin-uwm.primo.exlibrisgroup.com/permalink/01UWI_ML/13nukll/alma991014464663302124,1 map ; 86 x 99 cm,423 B-1960,Englsih,"American Geographical Society Library, University of Wisconsin-Milwaukee",University of Wisconsin-Milwaukee Libraries,The Board of Regents of the University of Wisconsin System,agsmap031197,image/tif; Image/jp2,American Geographical Society Library Digital Map Collection,,"A 1960 map of Iran's provinces bordered by the USSR, Afghanistan, Turkey, Iraq, the Gulf of Oman, and the Caspian Sea.",,2025-07-28,2026-06-26,http://cdm17272.contentdm.oclc.org/cdm/ref/collection/agdm/id/36683,36683,36685.jp2,/agdm/image/36685.jp2
20260817_agdm-export_Bbox-Subset.csv,"Rehe, Chahaer, Suiyuan san sheng quan tu / Su Jia Rong bian zhi = A map of Jehol, Chahar, and Suiyuan : these three provinces are all lying outside the Great Wall-formerlyknown as Inner Mongolia / by Mr. Soo Chia Yuang",,"Inner Mongolia, China 1938","Su, Jiarong, cartographer ;  蘇甲榮, cartographer;",,"Su, Jiarong, cartographer ; Ri xin yu di xue she ; 蘇甲榮, cartographer ; 日新輿地學社 ;",1938,Shanghai : Ri xin yu di xue she,Inner Mongolia (China) -- Maps ; China -- Maps ;,Asia,China,,,,,China,"Vernacular Title  熱河 察哈爾 綏遠 三省全圖 / A map of Jehol, Chahar, and Suiyuan : these three provinces are all lying outside the Great Wall-formerly known as Inner Mongolia / by Mr. Soo Chia Yuang. 蘇甲榮編製 .  Other title  Map of Jehol, Chahar, and Suiyuan : these three provinces are all lying outside the Great Wall-formerly known as Inner Mongolia. Shows cities, towns, villages, administrative offices, roads, railways, mountains, antiqutes, boundaries provincial and boundaries counties in Inner Mongolia in the 1930's.  Relief shown by spot heights.  Includes index.  Map of ""Zui xin shi yong Zhonghua quan tu / Su Jiarong bian zhi"" (scale 1:5,320,000 ; 51 x 67 cm) and three insets: ""Shanghai fu jin tu"", ""Beiping fu jin tu"" and ""Guangzhou fu jin tu"" on verso.",,,,cartographic image,Still image,Maps,Color;,"1:2,100,000 ; 1:5,320,000",E 104°--E123°/N 46°--N 38°,American Geographical Society Library - Maps,https://wisconsin-uwm.primo.exlibrisgroup.com/permalink/01UWI_ML/13nukll/alma991014464662302124,1 map : color ; 48 x 71 cm + 1 index of English. Names (10 pages ; 21 cm),460-c .J43 A-[1938?],Chinese ; Englsih,"American Geographical Society Library, University of Wisconsin-Milwaukee",University of Wisconsin-Milwaukee Libraries,The Board of Regents of the University of Wisconsin System,agsmap031208 (a-b),image/tif; Image/jp2,American Geographical Society Library Digital Map Collection,,,,2025-07-29,2025-07-29,http://cdm17272.contentdm.oclc.org/cdm/ref/collection/agdm/id/36689,36689,36702.cpd,/agdm/image/36702.cpd
20260817_agdm-export_Bbox-Subset.csv,"Perse : carte physique, politique et économique / dressée par E. Girard, géographe-éditeur",,Iran 1933,,"Girard, E. (Geographer)",Maison Forest,1933,Paris : Maison Forest,Iran -- Maps ;,Asia,Iran,,,,,Iran,"Originally published as a 1-sheet wall map.  Relief shown by shading on main map, gradient tints on the inset map.  Includes inset physical map of Iran.",,,,cartographic image,Still image,Maps,Color;,"1:1,940,000",E 44°--E 64°/N 40°--N 24°,American Geographical Society Library - Maps,https://wisconsin-uwm.primo.exlibrisgroup.com/permalink/01UWI_ML/13nukll/alma991014464662902124,"1 map on 2 sheets : color ; 91 x 108 cm, sheets 100 x 63 cm",423 B-[1933?],French,"American Geographical Society Library, University of Wisconsin-Milwaukee",University of Wisconsin-Milwaukee Libraries,The Board of Regents of the University of Wisconsin System,agsmap031201 (s1-s2),image/tif; Image/jp2,American Geographical Society Library Digital Map Collection,,,,2025-07-29,2025-07-29,http://cdm17272.contentdm.oclc.org/cdm/ref/collection/agdm/id/36693,36693,36706.cpd,/agdm/image/36706.cpd
20260817_agdm-export_Bbox-Subset.csv,[General map of Iran] / Sahab Geographic & Drafting Institute.,,Iran 1970,,Muʼassasah-i Jughrāfiyāʼī va Kārtūgrāfī-i Saḥāb,,1970,Tehran : Sahab Geografic & Drafting Institute,Iran -- Maps;,Asia,Iran,,,,,Iran,Title provided by cataloger. Includes population table and 1 inset map. Map no. 139.,,,,cartographic image,Still image,Maps,Color;,"1:2,000,000",E 44°01ʹ00ʺ--E 63°19ʹ00ʺ/N 39°46ʹ00ʺ--N 24°50ʹ00ʺ,American Geographical Society Library - Maps,https://wisconsin-uwm.primo.exlibrisgroup.com/permalink/01UWI_ML/13nukll/alma991014464663102124,1 map : color ; 85 x 90 cm,423 B-[1970],In Persian with limited English,"American Geographical Society Library, University of Wisconsin-Milwaukee",University of Wisconsin-Milwaukee Libraries,The Board of Regents of the University of Wisconsin System,agsmap031199,image/tif; Image/jp2,American Geographical Society Library Digital Map Collection,,"[1970 Iran provincial map with political borders and color-coded elevation regions at 1:2,000,000 scale.].",,2025-07-29,2026-06-26,http://cdm17272.contentdm.oclc.org/cdm/ref/collection/agdm/id/36701,36701,36697.jp2,/agdm/image/36697.jp2
20260817_agdm-export_Bbox-Subset.csv,"Iran political map / Plan Organization, National Cartographic Centr",,Iran 1967,,Sāzmān-i Naqshahʹbardārī-i Kishvar ;  سازمان نقشه‌ردارى کشور ;,,1967,"Tehran : Plan Organization, National Cartographic Centre",Iran -- Maps ; Iran -- Administrative and political divisions -- Maps ;,Asia,Iran,,,,,Iran,Relief shown by shading. Shows administrative divisions. Relief shown by shading. Includes distances chart.,,,,cartographic image,Still image,Maps,Color;,"1:2,500,000",E 44°--E 64°/N 40°--N 24°,American Geographical Society Library - Maps,https://wisconsin-uwm.primo.exlibrisgroup.com/permalink/01UWI_ML/13nukll/alma991014464663002124,1 map : color ; 71 x 76 cm,423 B-1967,English ; Persian,"American Geographical Society Library, University of Wisconsin-Milwaukee",University of Wisconsin-Milwaukee Libraries,The Board of Regents of the University of Wisconsin System,agsmap031200,image/tif; Image/jp2,American Geographical Society Library Digital Map Collection,,"A 1967 political map of Iran highlights its Caspian, Gulf borders and neighboring nations—such as Iraq, Afghanistan.",,2025-07-29,2026-06-26,http://cdm17272.contentdm.oclc.org/cdm/ref/collection/agdm/id/36702,36702,36698.jp2,/agdm/image/36698.jp2
20260817_agdm-export_Bbox-Subset.csv,Plano de la Ciudad de Mexico y delegaciones / editado por la Guía Roji.,,"Mexico City, Mexico 1955",,"Roji, J. Palacios, cartographer",,1955,México : Guía Roji,Mexico City (Mexico) -- Maps ; Streets -- Mexico -- Mexico City ;,North and Central America;,Mexico,,,,Mexico City,Mexico City,"Received from C.B.H. 1955.  ""Marca registrada av 10 de Mayo 27. [signed] J. Palacios Roji.""  Includes indexes and inset map of Tlalpam.  Two indexed ancillary maps on verso: Plano del Distrito Federal -- Limite del primer cuadro.",,,,cartographic image,Still image,Maps,Color,"1:40,000",W 99°16ʹ31ʺ--W 99°04ʹ17ʺ/N 19°30ʹ25ʺ--N 19°18ʹ20ʺ,American Geographical Society Library - Maps,https://wisconsin-uwm.primo.exlibrisgroup.com/permalink/01UWI_ML/13nukll/alma991014466072702124,1 map : color ; 62 x 53 cm,210-d .M4C5 D-1955,Spanish,"American Geographical Society Library, University of Wisconsin-Milwaukee",University of Wisconsin-Milwaukee Libraries,The Board of Regents of the University of Wisconsin System,agsmap031215 (a-b),image/tif; Image/jp2,American Geographical Society Library Digital Map Collection,,,,2025-08-06,2025-08-06,http://cdm17272.contentdm.oclc.org/cdm/ref/collection/agdm/id/36708,36708,36716.cpd,/agdm/image/36716.cpd
20260817_agdm-export_Bbox-Subset.csv,Venezuela suya.,,Venezuela 1974,,,,1974,Caracas? : publisher not identified,Venezuela -- Maps ; Pictorial maps ; Tourist maps;,South America;,Venezuela,,,,,Venezuela,"Other title  Folded title: Venezuela; mapa turístico = Tourist map = Carte touristique = Fremdenverkehrs Karte  Notes  Pictorial map.  Maps of ""Cities with direct air service to Venezuela,"" ""Cities which provide cruises to Venezuela,"" ""Venezuela's national airlines,"" ""Political map of Venezuela,"" and ""Venezuela, cum parte Australi, Novæ Andalusiæ,"" distance charts, illus., and text on verso.",,,,cartographic image,Still image,Maps,Color;,,W 73°21ʹ00ʺ--W 59°46ʹ00ʺ/N 15°54ʹ00ʺ--N 0°38ʹ00ʺ,American Geographical Society Library - Maps,https://wisconsin-uwm.primo.exlibrisgroup.com/permalink/01UWI_ML/13nukll/alma9917010773402124,"1 map : b color  ; 63 x 71 cm, originally folded to 22 x 12 cm",267 M-[1974?],Spanish,"American Geographical Society Library, University of Wisconsin-Milwaukee",University of Wisconsin-Milwaukee Libraries,The Board of Regents of the University of Wisconsin System,agsmap031219 (a-b),image/tif; Image/jp2,American Geographical Society Library Digital Map Collection,,,,2025-08-12,2025-08-12,http://cdm17272.contentdm.oclc.org/cdm/ref/collection/agdm/id/36719,36719,36732.cpd,/agdm/image/36732.cpd
20260817_agdm-export_Bbox-Subset.csv,Plano de la Ciudad de Mexico y delegaciones / editado por la Guía Roji,,"Mexico City, Mexico 1955",,"Roji, J. Palacios, cartographer",,1955,"México : Guía Roji,",Mexico City (Mexico) -- Maps ; Streets -- Mexico -- Mexico City;,North and Central America;,Mexico,,,,Mexico City,Mexico City,"""Marca registrada av 10 de Mayo 27. [signed] J. Palacios Roji.""  Includes indexes and inset map of Tlalpam.  Two indexed ancillary maps on verso: Plano del Distrito Federal -- Limite del primer cuadro.",,,,cartographic image,Still image,Maps,Color;,"1:40,000",W 99°16ʹ31ʺ--W 99°04ʹ17ʺ/N 19°30ʹ25ʺ--N 19°18ʹ20ʺ,American Geographical Society Library - Maps,https://wisconsin-uwm.primo.exlibrisgroup.com/permalink/01UWI_ML/13nukll/alma991014466072702124,1 map : color ; 62 x 53 cm,210-d .M4C5 D-1955,Spanish,"American Geographical Society Library, University of Wisconsin-Milwaukee",University of Wisconsin-Milwaukee Libraries,The Board of Regents of the University of Wisconsin System,agsmap031215 (a-b),image/tif; Image/jp2,American Geographical Society Library Digital Map Collection,,,,2025-08-12,2025-08-12,http://cdm17272.contentdm.oclc.org/cdm/ref/collection/agdm/id/36722,36722,36735.cpd,/agdm/image/36735.cpd
20260817_agdm-export_Bbox-Subset.csv,Grönland med nærmeste Omgivelser 1881 / Commissionen for Grönlands geologiske og geografiske Undersögelse,,Greenland 1881,,,Denmark. Kommissionen for videnskabelige undersøgelser i Grønland,1881,"Kjøbenhavn : A.E. Aamodt's lith. Institut,",Greenland -- Maps;,North and Central America;,Denmark,,,,,Denmark,Other title Meddelelser om Grönland.,,,,cartographic image,Still image,Maps,Color;,"1:5,000,000","W 90°00'00""-E 10°00'00""/N 85°00'00""-N 60°00'00""",American Geographical Society Library - Maps,https://wisconsin-uwm.primo.exlibrisgroup.com/permalink/01UWI_ML/13nukll/alma9920328113402124,1 map : color ; 45 x 38 cm,110 A-1881,Danish,"American Geographical Society Library, University of Wisconsin-Milwaukee",University of Wisconsin-Milwaukee Libraries,The Board of Regents of the University of Wisconsin System,agsmap031220,image/tif; Image/jp2,American Geographical Society Library Digital Map Collection,,An 1881 map displays Greenland and nearby regions.,,2025-08-12,2026-06-26,http://cdm17272.contentdm.oclc.org/cdm/ref/collection/agdm/id/36723,36723,36721.jp2,/agdm/image/36721.jp2
20260817_agdm-export_Bbox-Subset.csv,Nuevo plano de la ciudad de Buenos Aires y parte del partido de Avellaneda / dibujado por Ernesto Escalante,,"Buenos Aires, Argentina 1912",,"Escalante, Ernesto",,1912,Place of publication not identified : Propiedad del editor,Buenos Aires (Argentina) -- Maps ; Land use -- Argentina -- Buenos Aires -- Maps ;,South America;,Argentina,,,,Buenos Aires,Buenos Aires,"Shows streets names, built-up areas, markets, parks, railways, etc.",,,,cartographic image,Still image,Maps,Color;,"1:32,000",W 58°31ʹ53ʺ--W 58°20ʹ06ʺ/S 34°31ʹ35ʺ--S 34°42ʹ20ʺ,American Geographical Society Library - Maps,https://wisconsin-uwm.primo.exlibrisgroup.com/permalink/01UWI_ML/13nukll/alma991014466072802124,1 map : color ; 61 x 64 cm,251-d .B8A3 D-1912,Spanish,"American Geographical Society Library, University of Wisconsin-Milwaukee",University of Wisconsin-Milwaukee Libraries,The Board of Regents of the University of Wisconsin System,,image/tif; Image/jp2,American Geographical Society Library Digital Map Collection,,Ernestino Escalante's 1912 Nuevo plano map displays Buenos Aires city layout with adjacent Avellaneda divisions.,,2025-08-12,2026-06-26,http://cdm17272.contentdm.oclc.org/cdm/ref/collection/agdm/id/36724,36724,36727.jp2,/agdm/image/36727.jp2
20260817_agdm-export_Bbox-Subset.csv,"Plano oficial de la ciudad de México. : Edición especial para el Consejo Superior de Gobierno del Distrito Federal, con motivo de la reunión del X Congreso Geológico Internacional, septiembre de 1906",Edición especial.,"Mexico City, Mexico 1906",,Distrito Federal (Mexico). Consejo Superior de Gobierno,"Compañía Litográfica y Tipográfica, S.A.",1906,"Mexico, DF : Departamento del Distrito Federal",Mexico City (Mexico) -- Maps,North and Central America;,Mexico,,,,Mexico City,Mexico City,"In lower margin: Propiedad de la Compañía Litográfica y Tipográfica, S.A.",,,,cartographic image,Still image,Maps,Color;,"1:10,000",W 99°21ʹ53ʺ--W 98°56ʹ25ʺ/N 19°35ʹ33ʺ--N 19°02ʹ55ʺ,American Geographical Society Library - Maps,https://wisconsin-uwm.primo.exlibrisgroup.com/permalink/01UWI_ML/13nukll/alma9917427303402124,1 map : color ; 77 x 103 cm folded to 21 x 17 cm,210-d .M4C5 D-1906,Spanish,"American Geographical Society Library, University of Wisconsin-Milwaukee",University of Wisconsin-Milwaukee Libraries,The Board of Regents of the University of Wisconsin System,agsmap031216,image/tif; Image/jp2,American Geographical Society Library Digital Map Collection,,"Mexico City's vintage 1906 official map highlights streets, neighborhoods, and districts for a geologic conference.",,2025-08-12,2026-06-26,http://cdm17272.contentdm.oclc.org/cdm/ref/collection/agdm/id/36725,36725,36723.jp2,/agdm/image/36723.jp2
20260817_agdm-export_Bbox-Subset.csv,Greenland,,Greenland 1929,,"Reitzel, Carl Andreas, 1789-1853",,1929,Copenhagen : C.A. Reitzel,Greenland -- Maps;,North and Central America;,Denmark,,,,,Denmark,"Relief shown by spot heights. ""Calculated by M. Vahl an ddelineated by V. Pedersen"" -- lower left. ""Chr. Cato. Kobenhavn"" -- lower right. Keyed to index; no index present.",,,,cartographic image,Still image,Maps,Color;,"1:4,000,000",W 74°07ʹ00ʺ--W 10°01ʹ00ʺ/N 83°52ʹ00ʺ--N 59°30ʹ00ʺ,American Geographical Society Library - Maps,https://wisconsin-uwm.primo.exlibrisgroup.com/permalink/01UWI_ML/13nukll/alma9920327573402124,1 map : color ; 70 x 39 cm,110 A-1929,English,"American Geographical Society Library, University of Wisconsin-Milwaukee",University of Wisconsin-Milwaukee Libraries,The Board of Regents of the University of Wisconsin System,agsmap031221,image/tif; Image/jp2,American Geographical Society Library Digital Map Collection,,A 1929 equirectangular map shows Greenland's coastline and island regions. Displayed in historical style.,,2025-08-12,2026-06-26,http://cdm17272.contentdm.oclc.org/cdm/ref/collection/agdm/id/36726,36726,36725.jp2,/agdm/image/36725.jp2
20260817_agdm-export_Bbox-Subset.csv,[Map of Seoul in Korean],,"Seoul, Korea 1968",,,,1968,"Seoul, Korea : Eulyoo Publishing Co.",Seoul (Korea) -- Maps;,Asia;,Korea (South),,,,Seoul,Seoul,Title derived by cataloger. Relief shown by contours and spot heights. Includes 1 inset map and indexes.,,,,cartographic image,Still image,Maps,Color;,"1:37,500",37°33ʹ59ʺN 126°59ʹ59ʺE,American Geographical Society Library - Maps,https://wisconsin-uwm.primo.exlibrisgroup.com/permalink/01UWI_ML/13nukll/alma991014466071102124,1 map : color ; 75 x 99 cm,469.5-d .S46 A-1968,Chinese ; Korean,"American Geographical Society Library, University of Wisconsin-Milwaukee",University of Wisconsin-Milwaukee Libraries,The Board of Regents of the University of Wisconsin System,agsmap031217,image/tif; Image/jp2,American Geographical Society Library Digital Map Collection,,"A 1968 Seoul map highlights neighborhoods, rivers, and streets at 1:37,500 scale.",,2025-08-12,2026-06-26,http://cdm17272.contentdm.oclc.org/cdm/ref/collection/agdm/id/36727,36727,36728.jp2,/agdm/image/36728.jp2
20260817_agdm-export_Bbox-Subset.csv,"Grönland, 1:5,000,000 / Geodaetisk institut, Danmark",,Greenland 1937,,,Geodætisk institut (Denmark),1937,Köbenhavn : Geodaetisk institut,Greenland -- Maps;,North and Central America;,Denmark,,,,,Denmark,Relief indicated by contours and spot heights; depths shown by contours.,,,,cartographic image,Still image,Maps,Color;,"1:5,000,000",W 74°07ʹ00ʺ--W 10°01ʹ00ʺ/N 83°52ʹ00ʺ--N 59°30ʹ00ʺ,American Geographical Society Library - Maps,https://wisconsin-uwm.primo.exlibrisgroup.com/permalink/01UWI_ML/13nukll/alma9920304603402124,1 map : color ; 57 x 51 cm,110 A-1937,Danish,"American Geographical Society Library, University of Wisconsin-Milwaukee",University of Wisconsin-Milwaukee Libraries,The Board of Regents of the University of Wisconsin System,agsmap031223,image/tif; Image/jp2,American Geographical Society Library Digital Map Collection,,"1937 map of Greenland displays administrative boundaries with a 1:5,000,000 geographic scale titled.",,2025-08-12,2026-06-26,http://cdm17272.contentdm.oclc.org/cdm/ref/collection/agdm/id/36728,36728,36722.jp2,/agdm/image/36722.jp2
20260817_agdm-export_Bbox-Subset.csv,"Grönland, 1:5,000,000 / Geodaetisk institut, Danmark",,Greenland 1933,,,Geodætisk institut (Denmark),1933,Köbenhavn : Geodaetisk institut,Greenland -- Maps; Topographic maps;,North and Central America;,Denmark,,,,,Denmark,Relief indicated by contours and spot heights; depths shown by isolines.,,,,cartographic image,Still image,Maps,Color;,"1:5,000,000",W 74°07ʹ00ʺ--W 10°01ʹ00ʺ/N 83°52ʹ00ʺ--N 59°30ʹ00ʺ,American Geographical Society Library - Maps,https://wisconsin-uwm.primo.exlibrisgroup.com/permalink/01UWI_ML/13nukll/alma9920304723402124,1 map : color ; 57 x 45 cm,110 A-1933,Danish,"American Geographical Society Library, University of Wisconsin-Milwaukee",University of Wisconsin-Milwaukee Libraries,The Board of Regents of the University of Wisconsin System,agsmap031222,image/tif; Image/jp2,American Geographical Society Library Digital Map Collection,,"A 1933 Greenland map displays coastal areas, key landmarks, and includes a 1:5,000,000 scale.",,2025-08-12,2026-06-26,http://cdm17272.contentdm.oclc.org/cdm/ref/collection/agdm/id/36729,36729,36729.jp2,/agdm/image/36729.jp2
20260817_agdm-export_Bbox-Subset.csv,"Plano de la Ciudad de Buenos Aires y sus alrededores / publicado por la Oficina Cartográfica ""Ludwig"" ; dibujado por A. Cannizzaro y L. Winter",,"Buenos Aires, Argentina 1948",,Oficina Cartográfica Ludwig,,1948,"Piso, Buenos Aires : Oficina Cartográfica ""Ludwig""",Buenos Aires (Argentina) -- Maps.,South America;,Argentina,,,,Buenos Aires,Buenos Aires,Other title Nuevo plano de la ciudad de Buenos Aires y sus alrededores 1948 Notes Oriented with north toward the right. Accompanied by index sheet folded in cover.,,,,cartographic image,Still image,Maps,Color;,"1:25,000",W 58°31ʹ53ʺ--W 58°20ʹ06ʺ/S 34°31ʹ35ʺ--S 34°42ʹ20ʺ,American Geographical Society Library - Maps,https://wisconsin-uwm.primo.exlibrisgroup.com/permalink/01UWI_ML/13nukll/alma991014466072902124,"1 map : color ; 69 x 77 cm, folded in cover 19 x 13 cm",251-d .B8A3 B-[1948],Spanish,"American Geographical Society Library, University of Wisconsin-Milwaukee",University of Wisconsin-Milwaukee Libraries,The Board of Regents of the University of Wisconsin System,agsmap031213,image/tif; Image/jp2,American Geographical Society Library Digital Map Collection,,"A 1948 vintage map of Buenos Aires and its outskirts displays streets, neighborhoods, and public areas.",,2025-08-12,2026-06-26,http://cdm17272.contentdm.oclc.org/cdm/ref/collection/agdm/id/36730,36730,36724.jp2,/agdm/image/36724.jp2
20260817_agdm-export_Bbox-Subset.csv,"[Jehol Province, Manchuria]",,"Jehol Province, Manchuria, China 1928 1936",,,,1928; 1936,China : Chinese Government,Postal service -- China -- Manchuria -- Maps ; Manchuria (China) -- Maps ;,Asia;,China,,Manchuria,,,Manchuria,"Title provided by cataloger. Appears to be the lower right inset of a larger postal map based on neat lines and coordinate lines. Does not resemble maps found in standard Chinese postal atlases. ""Corrected to 30th November 1921"" -- lower left. Annotated in black pen showing travel distance and route updates and with handwritten note: ""Distances are in Chinese Li or 3Li = 1 English mile on this Chinese Government Postal map issued about 1928. This map presents almost all names as bespoken in the Jehol Report by Emil S. Fischer. If retraced not to state Chinese govt. map as Jehol Provinces is no longer controled by China."" Annotations determined to be dated 1936 by staff processing map into the AGS of NY collection. Latitude and longitude on lower right lines indicate map of 1:500,000 scale. Lines on the left and top of this inset indicate scale of 1:1,500,000. ""Rec'd from J.K. Wright Jun 25 1940"" -- upper left.",,,,cartographic image,Still image,Maps,Color;,"1:1,500,000.",E 113°00ʹ00ʺ--E 122°00ʹ00ʺ/N 44°00ʹ00ʺ--N 36°00ʹ00ʺ,American Geographical Society Library - Maps,https://wisconsin-uwm.primo.exlibrisgroup.com/permalink/01UWI_ML/13nukll/alma991014488381702124,1 map : color ; on sheet 60 x 51 cm,460-c .J43 D-[1928?] [1936],Chinese ; English,"American Geographical Society Library, University of Wisconsin-Milwaukee",University of Wisconsin-Milwaukee Libraries,The Board of Regents of the University of Wisconsin System,agsmap031209,image/tif; Image/jp2,American Geographical Society Library Digital Map Collection,,"A vintage 1928 postal map of Jehol Province, Manchuria, shows borders and major cities like Peking and Tientsin.",,2025-08-12,2026-06-26,http://cdm17272.contentdm.oclc.org/cdm/ref/collection/agdm/id/36731,36731,36726.jp2,/agdm/image/36726.jp2
20260817_agdm-export_Bbox-Subset.csv,"Quaternary map of Greenland / by the Geological Survey of Greenland. Compiled by A. Weidick, with assistance from A. Escher. C[opyright] Kümmerly & Frey",,Greenland 1972,,Grønlands geologiske undersøgelse,"Weidick, Anker ; Escher, Arthur ; Kümmerly + Frey ;",1972,Copenhagen : Grønlands geologiske undersøgelse,Greenland -- Maps; Geology -- Greenland -- Maps;,North and Central America;,Denmark,,,,,Denmark,Relief and depths shown by contours.  Legend in English and Danish.,,,,cartographic image,Still image,Maps,Color;,"1:2,500,000",W 74°07ʹ00ʺ--W 10°01ʹ00ʺ/N 83°52ʹ00ʺ--N 59°30ʹ00ʺ,American Geographical Society Library - Maps,https://wisconsin-uwm.primo.exlibrisgroup.com/permalink/01UWI_ML/13nukll/alma997334653402124,1 map : color ; 112 x 81 cm,110 G-1972,Danish ; English,"American Geographical Society Library, University of Wisconsin-Milwaukee",University of Wisconsin-Milwaukee Libraries,The Board of Regents of the University of Wisconsin System,agsmap031230,image/tif; Image/jp2,American Geographical Society Library Digital Map Collection,,,,2025-08-12,2025-08-12,http://cdm17272.contentdm.oclc.org/cdm/ref/collection/agdm/id/36735,36735,36749.cpd,/agdm/image/36749.cpd
20260817_agdm-export_Bbox-Subset.csv,Grønland / J. Humlum,,Greenland 1959,Gyldendals vægkort ; nr. 1,"Gyldendalske boghandel, Nordisk forlag","Humlum, Johannes, 1911-",1959,"Copenhagen Denmark : Gyldendal,",Greenland -- Maps ; Greenland -- Population -- Maps ;,North and Central America;,Denmark,,,,,Denmark,"Relief shown by contours. Depths shown by bathymetric tints.  Shows population of towns, stations, and other selected sites by dots; shows conditions of sea and coasts for ships and sailing.",,,,cartographic image,Still image,Maps,Color;,"1:2,200,000",W 74°07ʹ00ʺ--W 10°01ʹ00ʺ/N 83°52ʹ00ʺ--N 59°30ʹ00ʺ,American Geographical Society Library - Maps,https://wisconsin-uwm.primo.exlibrisgroup.com/permalink/01UWI_ML/13nukll/alma9920795143402124,1 map : color ; 131 x 99 cm,110 A-[1959],Danish,"American Geographical Society Library, University of Wisconsin-Milwaukee",University of Wisconsin-Milwaukee Libraries,The Board of Regents of the University of Wisconsin System,agsmap031226,image/tif; Image/jp2,American Geographical Society Library Digital Map Collection,,,,2025-08-12,2025-08-12,http://cdm17272.contentdm.oclc.org/cdm/ref/collection/agdm/id/36739,36739,36753.cpd,/agdm/image/36753.cpd
20260817_agdm-export_Bbox-Subset.csv,Tectonic/geological map of Greenland / by the Geological Survey of Greenland,,Greenland 1970,,Grønlands geologiske undersøgelse,Kümmerly + Frey,1970,Berne : Kümmerly & Frey,Greenland -- Maps; Geology -- Greenland -- Maps;,North and Central America;,Denmark,,,,,Denmark,Relief shown by contours. Depth shown by isolines.,,,,cartographic image,Still image,Maps,Color;,"1:2,500,000",W 74°07ʹ00ʺ--W 10°01ʹ00ʺ/N 83°52ʹ00ʺ--N 59°30ʹ00ʺ,American Geographical Society Library - Maps,https://wisconsin-uwm.primo.exlibrisgroup.com/permalink/01UWI_ML/13nukll/alma9920327393402124,1 map : color ; 112 x 81 cm,110 G-1970,English,"American Geographical Society Library, University of Wisconsin-Milwaukee",University of Wisconsin-Milwaukee Libraries,The Board of Regents of the University of Wisconsin System,agsmap031231,image/tif; Image/jp2,American Geographical Society Library Digital Map Collection,,,,2025-08-12,2025-08-12,http://cdm17272.contentdm.oclc.org/cdm/ref/collection/agdm/id/36743,36743,36757.cpd,/agdm/image/36757.cpd
20260817_agdm-export_Bbox-Subset.csv,"Grønland, 1:2,000,000. / Udført i samarbejde med Kobenhavns Universitets Geografiske Institut.",,Greenland 1969,,Geodætisk institut (Denmark),Københavns universitet. Geografisk institut,1969,København : Geodætisk institut,Greenland -- Maps;,North and Central America;,Denmark,,,,,Denmark,"Relief shown by gradient tints, shading and spot heights. Depths shown by gradient tints and soundings.  Includes inset.",,,,cartographic image,Still image,Maps,Color;,"1:2,000,000.",W 74°07ʹ00ʺ--W 10°01ʹ00ʺ/N 83°52ʹ00ʺ--N 59°30ʹ00ʺ,American Geographical Society Library - Maps,https://wisconsin-uwm.primo.exlibrisgroup.com/permalink/01UWI_ML/13nukll/alma9920304493402124,"1 map : color ; 152 x 112 cm, on 2 sheets 86 x 125 cm",110 A-1969,Danish,"American Geographical Society Library, University of Wisconsin-Milwaukee",University of Wisconsin-Milwaukee Libraries,The Board of Regents of the University of Wisconsin System,agsmap031228 (001-002),image/tif; Image/jp2,American Geographical Society Library Digital Map Collection,,,,2025-08-12,2025-08-12,http://cdm17272.contentdm.oclc.org/cdm/ref/collection/agdm/id/36747,36747,36761.cpd,/agdm/image/36761.cpd
20260817_agdm-export_Bbox-Subset.csv,Venezuela viewed from the North-Northeast / Richard Edes Harrison,,Venezuela 1939,,"Harrison, Richard Edes",,1939,"New York, New York : Time Inc","Venezuela -- Maps; Map orientation, non-standard ; Upside-down maps ;",South America;,Venezuela,,,,,Venezuela,"Relief shown by gradient tints, shading and spot heights.  Includes location map, 3 inset maps, notes and illustrations.  Inset maps: Population -- States -- Physiography.  Issued as a foldout supplement to Fortune magazine.  Text and b&w illustrations on verso.",,,,cartographic image,Still image,Maps,Color;,,W 73°21ʹ00ʺ--W 59°46ʹ00ʺ/N 15°54ʹ00ʺ--N 0°38ʹ00ʺ,American Geographical Society Library - Maps,https://wisconsin-uwm.primo.exlibrisgroup.com/permalink/01UWI_ML/1dmapte/alma991014488380902124,1 map : color ; 36 x 57 cm,267 M-[1939],English,"American Geographical Society Library, University of Wisconsin-Milwaukee",University of Wisconsin-Milwaukee Libraries,The Board of Regents of the University of Wisconsin System,agsmap031234 (a-b),image/tif; Image/jp2,American Geographical Society Library Digital Map Collection,,,,2025-08-12,2025-08-12,http://cdm17272.contentdm.oclc.org/cdm/ref/collection/agdm/id/36750,36750,36764.cpd,/agdm/image/36764.cpd
20260817_agdm-export_Bbox-Subset.csv,"Greenland basal topography : BedMachine v3 1:3 500 000 / map design by C.N. Williams and P.T. Fretwell ; map compilation by P.T. Fretwell and C.N. Williams, October 2017",,Greenland 2017,"BAS thematic map series ; MAP2 2017 ;  British Antarctic Survey [series] ; thematic map 2, October 2017 ;","Williams, Christopher N., cartographer","Fretwell, P. T. (Peter Thomas), cartographer ; British Antarctic Survey, publisher ; University of Bristol, distributor ; University of California, Irvine, distributor;",2017,"Publication  Cambridge, UK : Published by the British Antarctic Survey  Manufacture  England : Printed by Dennis Maps.",Landforms -- Greenland -- Maps ; Landforms -- Iceland -- Maps ; Continental shelf -- Greenland -- Maps ; Continental shelf -- Iceland -- Maps ; Ice sheets -- Greenland -- Maps ; Greenland -- Aerial views ; Iceland -- Aerial views ;,North and Central America;,Denmark,,,,,Denmark,"Other title  Title in sheet margin at upper right: Greenland basal topography : BedMachine v3  Notes  Shows relief and landforms beneath the Greenland icecap (including the surrounding continental shelf).  Relief shown by shading and gradient tints; depths shown by gradient tints.  Title from cover.  ""© British Antarctic Survey, Natural Environment Research Council, 2017.""  Includes notes and logotypes of supporting organizations.  Ancillary maps in right-hand margin: Greenland ice thickness -- Land classification mask -- Data sources used.  Text, notes, obique aerial view of Greenland/Iceland landforns (oriented with north to the upper right), 2 small oblique aerial views of local areas, 4 cross-sections of subglacial topography, map showing cross-section location lines, color illustrations, and logotypes of supporting organizations on verso.  Two specimen maps on cover.  At foot of cover title panel: University of Bristol -- UCI University of California, Irvine.",,,,cartographic image,Still image,Maps,Color;,"1:3,500,000",W 110°--E 25°/N 87°--N 54°,American Geographical Society Library - Maps,https://wisconsin-uwm.primo.exlibrisgroup.com/permalink/01UWI_ML/13nukll/alma991013517672602124,"1 map : color ; 87 x 61 cm, folded in cover 23 x 14 cm.",110 A-2017,English,"American Geographical Society Library, University of Wisconsin-Milwaukee",University of Wisconsin-Milwaukee Libraries,The Board of Regents of the University of Wisconsin System,agsmap031229,image/tif; Image/jp2,American Geographical Society Library Digital Map Collection,,,,2025-08-12,2025-08-12,http://cdm17272.contentdm.oclc.org/cdm/ref/collection/agdm/id/36753,36753,36767.cpd,/agdm/image/36767.cpd
20260817_agdm-export_Bbox-Subset.csv,Mapa agro-pecuario / Dr. Walter Dupouy ; Creole Petroleum Corporacion,15 de junio de 1949.,Venezuela 1949,,Creole Petroleum Corporation,"Dupouy, Walter, 1906-1978 ;",1949,"Caracas : Creole Petroleum Corporacion,",Agriculture -- Venezuela -- Maps ; Land use -- Venezuela -- Maps ; Manuscript maps ;,South America;,Venezuela,,,,,Venezuela,"Gift of C.B. Hitchcock Aug. 14, 1951. Manuscript map. Handwritten note in top margin: Gift of C.B. Hitchcock Aug. 14, 1951 copied from a Creole Petroleum Co. Publication.",,,,cartographic image,Still image,Maps,Color;,"1:4,000,000",W 73°21ʹ00ʺ--W 59°46ʹ00ʺ/N 15°54ʹ00ʺ--N 0°38ʹ00ʺ,American Geographical Society Library - Maps,https://wisconsin-uwm.primo.exlibrisgroup.com/permalink/01UWI_ML/13nukll/alma991014488381002124,"1 map : manuscript, color ; 38 x 43 cm",267 E-1949,English,"American Geographical Society Library, University of Wisconsin-Milwaukee",University of Wisconsin-Milwaukee Libraries,The Board of Regents of the University of Wisconsin System,agsmap031239,image/tif; Image/jp2,American Geographical Society Library Digital Map Collection,,"A 1949 Venezuela map by Dr. Walter Dupouy highlights red farmlands and categorizes forest, cattle, and low-yield zones.",,2025-08-12,2026-06-26,http://cdm17272.contentdm.oclc.org/cdm/ref/collection/agdm/id/36754,36754,36738.jp2,/agdm/image/36738.jp2
20260817_agdm-export_Bbox-Subset.csv,"Mapa de los Estados Unidos de Venezuela, petroliferous basins / Creole Petroleum Corp.",,Venezuela 1946,,Creole Petroleum Corporation,,1946,Caracas : Creole Petroleum Corp.,Petroleum -- Geology -- Venezuela -- Maps ; Natural gas -- Geology -- Venezuela -- Maps ; Sedimentary basins -- Venezuela -- Maps ;,South America,Venezuela,,,,,Venezuela,Relief shown by hachures.,,,,cartographic image,Still image,Maps,Color;,"1:4,000,000",W 73°21ʹ00ʺ--W 59°46ʹ00ʺ/N 15°54ʹ00ʺ--N 0°38ʹ00ʺ,American Geographical Society Library - Maps,https://wisconsin-uwm.primo.exlibrisgroup.com/permalink/01UWI_ML/13nukll/alma991014488381202124,1 map : color ; 20 x 25 cm,267 E-[1946?],Spanish,"American Geographical Society Library, University of Wisconsin-Milwaukee",University of Wisconsin-Milwaukee Libraries,The Board of Regents of the University of Wisconsin System,,image/tif; Image/jp2,American Geographical Society Library Digital Map Collection,,1946 Creole Petroleum map of Venezuela's Orinoco and Maracaibo Basin with oil production data and sites.,,2025-08-12,2026-06-26,http://cdm17272.contentdm.oclc.org/cdm/ref/collection/agdm/id/36755,36755,36743.jp2,/agdm/image/36743.jp2
20260817_agdm-export_Bbox-Subset.csv,Géographie glaciaire du Groenland = Ice-geography of Greenland / Revisee au 31 janvier 1955 par paul-Emile Victor,Révisée.,Greenland 1955,,"Victor, Paul-Émile",Geoætisk Institut (Denmark) Editions ; Éditions Blondel La Rougery ;,1955,Paris : Blondel la Rougery,Greenland -- Maps;,North and Central America;,Denmark,,,,,Denmark,"Other title Ice-geography of Greenland Notes Relief shown by contours. ""D'après la carte au 1:5000000 du Geodætisk Institut ..."" Shows ""distribution and names of ice free land masses and limit of the maritim [sic] and continental climates.""",,,,cartographic image,Still image,Maps,Color;,"1:5,000,000",W 104°--W 12°/N 88°--N 60°,American Geographical Society Library - Maps,https://wisconsin-uwm.primo.exlibrisgroup.com/permalink/01UWI_ML/13nukll/alma9920304563402124,1 map : color ; 58 x 50 cm each,110 A-1955,French ; English,"American Geographical Society Library, University of Wisconsin-Milwaukee",University of Wisconsin-Milwaukee Libraries,The Board of Regents of the University of Wisconsin System,agsmap031225,image/tif; Image/jp2,American Geographical Society Library Digital Map Collection,,Paul-Émile Victor's 1955 Greenland map displays ice-free areas and climatic zones under the ice sheet.,,2025-08-12,2026-06-26,http://cdm17272.contentdm.oclc.org/cdm/ref/collection/agdm/id/36756,36756,36737.jp2,/agdm/image/36737.jp2
20260817_agdm-export_Bbox-Subset.csv,"The Appendix guide to the first Thule expedition, 1912 / map by Kevin Cannon",,Greenland 2013,,"Cannon, Kevin;",,2013,"Austin, Texas : The Appendix","Thule Expedition (1st : 1912) -- Maps ; Greenland -- Discovery and exploration -- Maps ; Arctic regions -- Discovery and exploration -- Maps ; Greenland -- Maps ; Freuchen, Peter, 1886-1957 ; Rasmussen, Knud, 1879-1933;",North and Central America;,Denmark,,,,,Denmark,"Other title Greenland Title from website www.kevincannon.org/cartography: A ""carto-biography"" illustrating Peter Freuchen's amazing adventure crossing northern Greenland in 1912 Notes Relief shown pictorially. Includes illustrations, text and location map. ""Map by Kevin Cannon ©2013."" ""The Appendix was a quarterly journal of experimental and narrative history, soliciting articles from historians, writers, and artists committed to good storytelling, with an eye for the strange and a suspicion of both jargon and traditional narratives. The Appendix published eight quarterly issues in two volumes, and between journal articles and blog posts published work from over 150 contributors."" -- theappendix.net/about",,,,cartographic image,Still image,Maps,Color;,,W 74°07ʹ00ʺ--W 10°01ʹ00ʺ/N 83°52ʹ00ʺ--N 59°30ʹ00ʺ,American Geographical Society Library - Maps,https://wisconsin-uwm.primo.exlibrisgroup.com/permalink/01UWI_ML/13nukll/alma991012631228302124,1 map : color ; on sheet 36 x 28 cm,110 B-1912 2013,English,"American Geographical Society Library, University of Wisconsin-Milwaukee",University of Wisconsin-Milwaukee Libraries,The Board of Regents of the University of Wisconsin System,agsmap031232,image/tif; Image/jp2,American Geographical Society Library Digital Map Collection,,"Antique 1912 expedition map of Greenland shows routes, key sites, and notes on explorers Freuchen and Rasmussen.",,2025-08-12,2026-06-26,http://cdm17272.contentdm.oclc.org/cdm/ref/collection/agdm/id/36757,36757,36736.jp2,/agdm/image/36736.jp2
20260817_agdm-export_Bbox-Subset.csv,Mapa de los Estados Unidos de Venezuela mineral resources / Creole Petroleum Corp.,,Venezuela 1946,,Creole Petroleum Corporation,,1946,Caracas : Creole Petroleum Corp.,Mines and mineral resources -- Venezuela -- Maps.,South America,Venezuela,,,,,Venezuela,Relief shown by hachures.,,,,cartographic image,Still image,Maps,Color;,"1:4,000,000",W 73°21ʹ00ʺ--W 59°46ʹ00ʺ/N 15°54ʹ00ʺ--N 0°38ʹ00ʺ,American Geographical Society Library - Maps,https://wisconsin-uwm.primo.exlibrisgroup.com/permalink/01UWI_ML/13nukll/alma991014488381102124,1 map : color ; 20 x 25 cm,267 E-[1946?]a,Spanish,"American Geographical Society Library, University of Wisconsin-Milwaukee",University of Wisconsin-Milwaukee Libraries,The Board of Regents of the University of Wisconsin System,agsmap031237,image/tif; Image/jp2,American Geographical Society Library Digital Map Collection,,"Map from 1946 showing Venezuela's mineral resources like oil, coal, magnesite, and gold deposits.",,2025-08-12,2026-06-26,http://cdm17272.contentdm.oclc.org/cdm/ref/collection/agdm/id/36759,36759,36742.jp2,/agdm/image/36742.jp2
20260817_agdm-export_Bbox-Subset.csv,"Grönland, 1:5,000,000 = Greenland / prepared for ""The Birds of Greenland"" by the Geodetic Institute and Finn Salomonsen",,Greenland 1951,,Geodætisk institut (Denmark),,1951,Kobenhaun : Geodætisk institu,Greenland -- Maps;,North and Central America;,Denmark,,,,,Denmark,"Relief shown by contours, spot heights. Depths shown by isolines.",,,,cartographic image,Still image,Maps,Color;,"1:5,000,000",W 72°--W 12°/N 84°--N 60°,American Geographical Society Library - Maps,https://wisconsin-uwm.primo.exlibrisgroup.com/permalink/01UWI_ML/13nukll/alma9920304513402124,1 map : color ; 57 x 41 cm,110 A-1951,Danish,"American Geographical Society Library, University of Wisconsin-Milwaukee",University of Wisconsin-Milwaukee Libraries,The Board of Regents of the University of Wisconsin System,agsmap031224,image/tif; Image/jp2,American Geographical Society Library Digital Map Collection,,A 1951 Greenland map marks glaciers and key geography to aid bird-study researchers.,,2025-08-12,2026-06-26,http://cdm17272.contentdm.oclc.org/cdm/ref/collection/agdm/id/36760,36760,36744.jp2,/agdm/image/36744.jp2
20260817_agdm-export_Bbox-Subset.csv,"Grønland 1:5,000,000",,Greenland 1960,,Geodætisk institut (Denmark),,1960,"Copenhagen, Denmark : Geodetic Institute",Greenland -- Maps;,North and Central America;,Denmark,,,,,Denmark,Relief shown by contours and spot heights. Depths shown by isolines.,,,,cartographic image,Still image,Maps,Color;,"1:5,000,000",W 96°--E 20°/N 84°--N 60°,American Geographical Society Library - Maps,https://wisconsin-uwm.primo.exlibrisgroup.com/permalink/01UWI_ML/13nukll/alma9920304523402124,1 map : color ; 57 x 51 cm,110 A-1960,,"American Geographical Society Library, University of Wisconsin-Milwaukee",University of Wisconsin-Milwaukee Libraries,The Board of Regents of the University of Wisconsin System,agsmap031227,image/tif; Image/jp2,American Geographical Society Library Digital Map Collection,,A 1960 Danish map of Greenland with a 1:5M scale.,,2025-08-12,2026-06-26,http://cdm17272.contentdm.oclc.org/cdm/ref/collection/agdm/id/36761,36761,36745.jp2,/agdm/image/36745.jp2
20260817_agdm-export_Bbox-Subset.csv,"Kort over Ekspeditioner i Grønland i det 19. og 20. Aarhundrede : de danske Ekspeditioner er vist med rødt, de udenlandske med blaat",,Greenland 1934,,"Rasmussen, Knud, 1879-1933",,1934,København : Gyldendal,Greenland -- Maps ; Greenland -- Discovery and exploration -- Danish ; Arctic regions -- Discovery and exploration -- Danish ;,North and Central America;,Denmark,,,,,Denmark,"Removed from ""Mindeudgave"" v.1 by Knud Rasmussen, 1934. ""Recato, København"" -- bottom right.",,,,cartographic image,Still image,Maps,Color;,"1:4,000,000",W 74°07ʹ00ʺ--W 10°01ʹ00ʺ/N 83°52ʹ00ʺ--N 59°30ʹ00ʺ,American Geographical Society Library - Maps,https://wisconsin-uwm.primo.exlibrisgroup.com/permalink/01UWI_ML/13nukll/alma9920305543402124,1 map : color ; 72 x 49 cm,110 B-1919 1934,Danish,"American Geographical Society Library, University of Wisconsin-Milwaukee",University of Wisconsin-Milwaukee Libraries,The Board of Regents of the University of Wisconsin System,agsmap031233,image/tif; Image/jp2,American Geographical Society Library Digital Map Collection,,This 1934 Danish map of Greenland traces red domestic and blue international 19th- and 20th-century expedition routes (124.,,2025-08-12,2026-06-26,http://cdm17272.contentdm.oclc.org/cdm/ref/collection/agdm/id/36762,36762,36740.jp2,/agdm/image/36740.jp2
20260817_agdm-export_Bbox-Subset.csv,"Croquis demostrativo de las zonas agricolas, pecuarias y forestales; de las regiones mineras; de algunos productos de cultivo y otros naturales de Venezuela / editado por la Litografia del Comercio de Caracas con datos suministrados por el Ministerio de Fomento",,Venezuela 1921,,Venezuela. Ministerio de Fomento,,1921,Caracas : Ministerio de Fomento,Venezuela -- Maps; Mines and mineral resources -- Venezuela -- Maps;,South America;,Venezuela,,,,,Venezuela,,,,,cartographic image,Still image,Maps,Color;,"1:3,000,000",W 73°--W 60°/N 12°--N 1°,American Geographical Society Library - Maps,https://wisconsin-uwm.primo.exlibrisgroup.com/permalink/01UWI_ML/13nukll/alma991014488381302124,1 map : color ; 44 x 56 cm,267 E-1921,Spanish,"American Geographical Society Library, University of Wisconsin-Milwaukee",University of Wisconsin-Milwaukee Libraries,The Board of Regents of the University of Wisconsin System,agsmap031235,image/tif; Image/jp2,American Geographical Society Library Digital Map Collection,,"A 1921 Venezuela map divides the country into agricultural, livestock, forestry areas, and mineral regions, marked.",,2025-08-12,2026-06-26,http://cdm17272.contentdm.oclc.org/cdm/ref/collection/agdm/id/36763,36763,36739.jp2,/agdm/image/36739.jp2
20260817_agdm-export_Bbox-Subset.csv,"Racine Harbor, Wis., including Racine Reef and Wind Point Shoals / prepared under the direction of Lieut. Colonel J.L. Lusk, Corps of Engineers, U.S. Army and Colonel G.J. Lydecker, Corps of Engineers, U.S. Army in 1906 ; engraved by W. Brandstetter.","Issued January 18, 1907.","Racine, Wisconsin 1907",Survey of the northern and northwestern lakes.,U.S. Lake Survey ;,,1907,"Detroit, Mich. : U.S. Lake Survey","Nautical charts -- Michigan, Lake ; Harbors -- Wisconsin -- Racine -- Maps ; Michigan, Lake -- Navigation ; Racine (Wis.) -- Maps ;",North and Central America;,United States,Wisconsin,,,Racine,Racine,"Relief shown by contours. Depths shown by gradient tints, isolines and soundings. Includes notes, sailing directions, abbreviations table, tide table and list of authorities. Also shows railroads, main roads, public and commercial buildings. ""Catalogue Mi3"" -- lower right.",,,,cartographic image,Still image,Maps,Color;,"1:15,000",W 87°49ʹ--W 87°43ʹ/N 42°48ʹ--N 42°42ʹ,American Geographical Society Library - Maps,https://wisconsin-uwm.primo.exlibrisgroup.com/permalink/01UWI_ML/13nukll/alma991014493081002124,1 map : color ; 79 x 59 cm,"800-b H-var Lake Survey series II, Mi3",English,"American Geographical Society Library, University of Wisconsin-Milwaukee",University of Wisconsin-Milwaukee Libraries,The Board of Regents of the University of Wisconsin System,agsmap031243,image/tif; Image/jp2,American Geographical Society Library Digital Map Collection,,"1907 map shows Racine Harbor's depths, channels, and shoals for safe Lake Michigan shipping.",,2025-09-02,2026-06-26,http://cdm17272.contentdm.oclc.org/cdm/ref/collection/agdm/id/36777,36777,36771.jp2,/agdm/image/36771.jp2
20260817_agdm-export_Bbox-Subset.csv,Stanford's general map of the United States,,United States 1900,,"Edward Stanford Ltd., cartographer",,1900,London : Published by Edward Stanford Ltd.,United States -- Maps;,North and Central America;,United States,,,,,United States,"Other title General map of the United States. Notes Shows railways and submarine telegraph cables. Relief shown by hachures. At bottom right margin: Stanford's Geog. Estab., London. Mount on cloth.",,,,cartographic image,Still image,Maps,,"1:5,274,720",W 130°--W 55°/N 50°--N 25°,American Geographical Society Library - Maps,https://wisconsin-uwm.primo.exlibrisgroup.com/permalink/01UWI_ML/13nukll/alma991014050373202124,1 map : color ; 69 x 108 cm,800 A-1900,English,"American Geographical Society Library, University of Wisconsin-Milwaukee",University of Wisconsin-Milwaukee Libraries,The Board of Regents of the University of Wisconsin System,agsmap031252,image/tif; Image/jp2,American Geographical Society Library Digital Map Collection,,"A 1900 Stanford map displays the U.S. regions, detailed state borders, major cities, and railroad lines.",,2025-09-02,2026-06-26,http://cdm17272.contentdm.oclc.org/cdm/ref/collection/agdm/id/36785,36785,36779.jp2,/agdm/image/36779.jp2
20260817_agdm-export_Bbox-Subset.csv,"Map of the country from Lake Superior to the Pacific Ocean : showing the fertile belt stretching from the Lake of the Woods to the Rocky Mountains, and the best known routes to the gold region of British Columbia.",,Canada 1862,,"Hind, Henry Youle, 1823-1908.",,1862,"Toronto : W.C. Chewett & Co.,",Canada -- Maps ;,North and Central America;,Canada,,,,,Canada,"Relief shown by hachures. Includes 4 inset maps: Part of British Columbia: Lieut. Mayne's track 1859 -- Kootanie Pass -- Vermillion Pass -- Glaciers and passes of the Rocky Mountains, Blue book, 1860. From: H.Y. Hind's A sketch of an overland route to Britsh Columbia ... 1862.",,,,cartographic image,Still image,Maps,Color;,"1:3,000,000",W 141°00ʹ00ʺ--W 52°19ʹ00ʺ/N 83°20ʹ00ʺ--N 41°40ʹ00ʺ,American Geographical Society Library - Maps,https://wisconsin-uwm.primo.exlibrisgroup.com/permalink/01UWI_ML/13nukll/alma991013544771702124,"1 map : color ; 25 x 49 cm, on sheet 46 x 52 cm",120-c .W4 B-[1862],English,"American Geographical Society Library, University of Wisconsin-Milwaukee",University of Wisconsin-Milwaukee Libraries,The Board of Regents of the University of Wisconsin System,agsmap031265,image/tif; Image/jp2,American Geographical Society Library Digital Map Collection,,,,2025-09-18,2025-09-22,http://cdm17272.contentdm.oclc.org/cdm/ref/collection/agdm/id/36792,36792,36802.cpd,/agdm/image/36802.cpd
20260817_agdm-export_Bbox-Subset.csv,Greece : with the compliments of The Commercial Bank of Greece / Published by Ilissos ; printed by B. Papachrysanthou,June 1956,Greece 1956,,"Ilissos, issuing body","B. Papachrysanthou, printer",1956,"Publication  Athens : Ilissos, 1956.  Manufacture  Athens : B. Papachrysanthou",Greece -- Maps;,Europe;,Greece,,,,,Greece,"Relief shown pictorially.  Includes illustrations and list of Commercial Bank of Greece locations.  Flight directory, currency conversion guide, descriptive index and ancillary map ""Central Athens"" on verso.",,,,cartographic image,Still image,Maps,Color;,,E 19°06ʹ00ʺ--E 29°41ʹ00ʺ/N 41°44ʹ00ʺ--N 34°43ʹ00ʺ,American Geographical Society Library - Maps,https://wisconsin-uwm.primo.exlibrisgroup.com/permalink/01UWI_ML/13nukll/alma991014492678002124,"1 map : color ; 66 x 66 cm, folded to 17 x 9 cm",665 A-1956,English,"American Geographical Society Library, University of Wisconsin-Milwaukee",University of Wisconsin-Milwaukee Libraries,The Board of Regents of the University of Wisconsin System,agsmap031259,image/tif; Image/jp2,American Geographical Society Library Digital Map Collection,,,,2025-09-18,2025-09-18,http://cdm17272.contentdm.oclc.org/cdm/ref/collection/agdm/id/36798,36798,36808.cpd,/agdm/image/36808.cpd
20260817_agdm-export_Bbox-Subset.csv,"Geological map of Canada west / compiled rom the surveys of Sir. Wm. Logan, Provincial Geologist.",,Canada 1862,,"Logan, William E. (William Edmond), Sir, 1798-1875",Geological Survey of Canada,1862,Montreal : Geological Survey of Canada,Geology -- Canada -- Maps,North and Central America;,Canada,,,,,Canada,"Hand colored with manuscript annotations including an ""explanations"" legend.",,,,cartographic image,Still image,Maps,,"1:1,584,000",ǂc (W 141°00ʹ00ʺ--W 52°19ʹ00ʺ/N 83°20ʹ00ʺ--N 41°40ʹ00ʺ),American Geographical Society Library - Maps,https://wisconsin-uwm.primo.exlibrisgroup.com/permalink/01UWI_ML/13nukll/alma991013544772302124,1 map : colored ; 31 x 41 cm,120-c .W4 G-1862,English,"American Geographical Society Library, University of Wisconsin-Milwaukee",University of Wisconsin-Milwaukee Libraries,The Board of Regents of the University of Wisconsin System,agsmap031261,image/tif; Image/jp2,American Geographical Society Library Digital Map Collection,,An 1862 geological map of Canada West color-coding rock and soil formations.,,2025-09-18,2026-06-26,http://cdm17272.contentdm.oclc.org/cdm/ref/collection/agdm/id/36803,36803,36792.jp2,/agdm/image/36792.jp2
20260817_agdm-export_Bbox-Subset.csv,Chicago / produced and published by Archar Inc. ; R.V.N.,,"Chicago, Illinois 1981",,Archar Inc.,,1981,"Toronto, Ont. : Archar Inc.",Chicago (Ill.) -- Maps ; Chicago (Ill.) -- Commerce -- Maps ; Pictorial maps;,North and Central America;,United States,Illinois,,,Chicago,Chicago,"""Richly embellished advertising oriented pictorial map of the Chicago area. Packed with advertising for local businesses, the image shows buildings, tourism landmarks, recreational activities, radio station logos, and other local icons. This is one in a series of 'city character prints' created in the late 1970s and 1980s by Archar.""--Edited description of Barry Lawrence Ruderman Antique Maps.  Relief shown pictorially. ""City Character print.""",,,,cartographic image,Still image,Maps,Color;,,W 87°56ʹ24ʺ--W 87°31ʹ26ʺ/N 42°01ʹ22ʺ--N 41°38ʹ40ʺ,American Geographical Society Library - Maps,https://wisconsin-uwm.primo.exlibrisgroup.com/permalink/01UWI_ML/13nukll/alma991014492677902124,1 map : color ; 71 x 96 cm,830-d .C44 M-1981,English,"American Geographical Society Library, University of Wisconsin-Milwaukee",University of Wisconsin-Milwaukee Libraries,The Board of Regents of the University of Wisconsin System,agsmap031260,image/tif; Image/jp2,American Geographical Society Library Digital Map Collection,,"An illustration map from 1981 depicts Chicago's downtown, lakefront, and skyline featuring buildings, a control tower.",,2025-09-18,2026-06-26,http://cdm17272.contentdm.oclc.org/cdm/ref/collection/agdm/id/36806,36806,36797.jp2,/agdm/image/36797.jp2
20260817_agdm-export_Bbox-Subset.csv,Kyūshū Kankō Yūran An nèi.,,"Kyūshū Region, Japan 1954",,"Nitchi Shuppan Kabushiki Kaisha, cartographer;  日地出版株式会社, cartographer;",,,Tōkyō-to Chiyoda-ku : Nitchi Shuppan Kabushiki Kaisha,Kyūshū Region (Japan) -- Maps ; Pictorial maps ;,Asia;,Japan,,Kyūshū,,,Kyūshū,Vernacular Title 九州観光遊覧案內 Relief shown pictorially. Includes 5 inset maps. Text and black and white illustrations on verso.,Gift from Virginia Babcock 8/1/58.,,,cartographic image,Still image,Maps,Color;,,E 128°26ʹ00ʺ--E 132°15ʹ00ʺ/N 33°59ʹ00ʺ--N 30°58ʹ00ʺ,American Geographical Society Library - Maps,https://wisconsin-uwm.primo.exlibrisgroup.com/permalink/01UWI_ML/13nukll/alma991014517079302124,"1 map : color ; 54 x 77 cm, folded to 18 x 10 cm",470-c .K97 A-[1954],Japanese,"American Geographical Society Library, University of Wisconsin-Milwaukee",University of Wisconsin-Milwaukee Libraries,The Board of Regents of the University of Wisconsin System,agsmap031269 (a-b),image/tif; Image/jp2,American Geographical Society Library Digital Map Collection,,,,2025-09-18,2025-09-22,http://cdm17272.contentdm.oclc.org/cdm/ref/collection/agdm/id/36816,36816,36822.cpd,/agdm/image/36822.cpd
20260817_agdm-export_Bbox-Subset.csv,"20-manbun no 1 chishitsu zufuku ""Yakushima"" / Saitō Makoto ... [and others] = Geological map of Japan, 1:200,000, Yaku Shima / Makoto Saito ... [and others]. Vernacular Title  20万分の1地質図幅「屋久島」 / 斎藤眞 ... [et al.] = Geological map of Japan, 1:200,000, Yaku Shima / Makoto Saito ... [et al.].",,"Yaku Island, Japan 2007",,Chishitsu Chōsa Sōgō Sentā   地質調查総合センター,"Saitō, Makoto   斎藤眞.",2007,Ibaraki-ken Tsukuba-shi : Chishitsu Chōsa Sōgō Sentā,Geology -- Japan -- Yaku Island -- Maps ; Yaku Island (Japan) -- Maps ;,Asia;,Japan,,Yuka Island,,,Yuka Island,"Other title  Yakushima  屋久島  Geological map of Japan, 1:200,000, Yaku Shima  Nijūmanbun no ichi chishitsu zufuku ""Yakushima""  二十万分の一地質図幅「屋久島」  Notes  Relief shown by contours and spot heights. Depths shown by bathymetric isolines.  ""Planet earth, earth sciences for society, 2007-2009.""  Includes location map and 2 ancillary maps.  Text, ill., and summary in English on verso.",,,,cartographic image,Still image,Maps,Color;,"1:200,000",E 130°00'--E 131°00'/N 30°40'--N 30°00',American Geographical Society Library - Maps,https://wisconsin-uwm.primo.exlibrisgroup.com/permalink/01UWI_ML/13nukll/alma9917515613402124,"1 map : color ; 55 x 79 cm, folded to 28 x 20 cm","470-b G-1:200,000 NH-52-3-9 Yaku Shima",Japanese,"American Geographical Society Library, University of Wisconsin-Milwaukee",University of Wisconsin-Milwaukee Libraries,The Board of Regents of the University of Wisconsin System,agsmap031270 (a-b),image/tif; Image/jp2,American Geographical Society Library Digital Map Collection,,,,2025-09-18,2025-09-18,http://cdm17272.contentdm.oclc.org/cdm/ref/collection/agdm/id/36819,36819,36825.cpd,/agdm/image/36825.cpd
20260817_agdm-export_Bbox-Subset.csv,"Kirishima kazan chishitsuzu = Geological map of Kirishima Volcano / Ryusuke Imura, Tetsuo Kabayashi ; Geological Survey of Japan.",,"Kirishima Volcano, Japan 2001",Chishitsu Chōsajo (Japan). Kazan chishitsuzu ; 11.,"Imura, Ryusuke","Kobayashi, Tetsuo, 1950- ; Chishitsu Chōsajo (Japan) ;",2001,"Tokyo, Japan : Geological Survey of Japan",Geology -- Japan -- Kirishima Volcano -- Maps ; Volcanoes -- Japan -- Kyūshū Region -- Maps ;,Asia;,Japan,,Kyūshū Region,,,Kyūshū Region,Other title  Geological map of Kirishima Volcano  Notes  Panel title.  Relief shown by contours and spot heights.,,,,cartographic image,Still image,Maps,Color;,"1:50,000",E 130⁰43ʹ--W 131⁰00ʹ/N 32⁰03ʹ--N 31⁰50ʹ,American Geographical Society Library - Maps,https://wisconsin-uwm.primo.exlibrisgroup.com/permalink/01UWI_ML/13nukll/alma9917724873402124,"1 map : color ; 50 x 59 cm., folded to 26 x 18 cm.",470-b G-Var GMV-11,Japanese and English.,"American Geographical Society Library, University of Wisconsin-Milwaukee",University of Wisconsin-Milwaukee Libraries,The Board of Regents of the University of Wisconsin System,agsmap028869 (002 (a-b)),image/tif; Image/jp2,American Geographical Society Library Digital Map Collection,,,,2025-09-18,2025-09-18,http://cdm17272.contentdm.oclc.org/cdm/ref/collection/agdm/id/36822,36822,36828.cpd,/agdm/image/36828.cpd
20260817_agdm-export_Bbox-Subset.csv,Funktionelle und sozialräumliche Typisierung der Insel Bombay / Entwurf und Zeichnung: Heinz Nissel,,"Mumbai, India 1977",,Universität Wien. Institut für Geographie,,1977,Wien : Universität Wien,Mumbai (India) -- Maps;,Asia,India,,,,Mumbai,Mumbai,"Other title  Title on translated key: Bombay Island -- functional and social areas  Notes  ""Beilage zu H. Nissel: Die indische Metropole Bombay - Entwicklung, funktionelle und sozialräumliche Typisierung, Geographischer Jahresbericht aus Österreich, XXXV. Band (1973-1974), Wien 1977"" -- top margin.  English translation of the key pasted on entitled: ""Bombay Island -- functional and social areas key to the colour scheme.""",,,,cartographic image,Still image,Maps,Color;,"1:33,000",E 72°47ʹ29ʺ--E 72°54ʹ24ʺ/N 19°03ʹ09ʺ--N 18°53ʹ38ʺ,American Geographical Society Library - Maps,https://wisconsin-uwm.primo.exlibrisgroup.com/permalink/01UWI_ML/13nukll/alma991012612938702124,1 map : color ; 76 x 32 cm,430-d .M85 E-[1977],German,"American Geographical Society Library, University of Wisconsin-Milwaukee",University of Wisconsin-Milwaukee Libraries,The Board of Regents of the University of Wisconsin System,agsmap031279 (a-b),image/tif; Image/jp2,American Geographical Society Library Digital Map Collection,,,,2025-09-24,2025-09-24,http://cdm17272.contentdm.oclc.org/cdm/ref/collection/agdm/id/36830,36830,36847.cpd,/agdm/image/36847.cpd
20260817_agdm-export_Bbox-Subset.csv,"Railway map of Tokyo and vicinity = Tōkyō kinbō tetsudōzu / U.S. Army Map Service, Far East. Vernacular Title:   東京近傍鉄道図",Revised July 1967.,"Tokyo, Japan 1967",,United States. Army Map Service. Far East,,1967,"Washington, D.C. : U.S. Army Map Service, Far East",Railroads -- Japan -- Tokyo Region -- Maps ; Subways -- Japan -- Tokyo Metropolitan Area -- Maps ;,Asia,Japan,,,,Tokyo,Tokyo,"Other title  Tōkyō kinbō tetsudōzu  東京近傍鉄道図  Notes  Shows train, electric car and subway routes, and stations.  Ancillary map of Downtown Tokyo on verso.",,,,cartographic image,Still image,Maps,B&W;,,35°41ʹ22ʺN 139°41ʹ30ʺE,American Geographical Society Library - Maps,https://wisconsin-uwm.primo.exlibrisgroup.com/permalink/01UWI_ML/13nukll/alma9921297053402124,1 map ; 37 x 49 cm,470-d .T64 D-[1967],English ; Japanese,"American Geographical Society Library, University of Wisconsin-Milwaukee",University of Wisconsin-Milwaukee Libraries,The Board of Regents of the University of Wisconsin System,agsmap031272 (a-b),image/tif; Image/jp2,American Geographical Society Library Digital Map Collection,,,,2025-09-24,2025-09-24,http://cdm17272.contentdm.oclc.org/cdm/ref/collection/agdm/id/36833,36833,36850.cpd,/agdm/image/36850.cpd
20260817_agdm-export_Bbox-Subset.csv,"Indien, Politisch u Wirtschaftlich / Indische Gesandtschaft, Bern Schweiz",,India 1948,,India. Legation (Switzerland),,1948,Bern-Schweiz : Indische Gesandtschaft : Kümmerly & Frey,Agriculture -- India -- Maps ; Industries -- India -- Maps ; India -- Administrative and political divisions -- Maps ; India -- Maps ;,Asia,India,,,,,India,"Other title  Alternate title on back panel: L'Inde, politique et économique  Title within map border: India  Notes  Map shows livestock, minerals, crops, and manufactures pictorially. Also shows boundaries of states and districts.  Panel title.  ""Published by the Legation of India, Berne, Switzerland ...""  Includes statistical tables on Indian agriculture and industry and illustrations.",,,,cartographic image,Still image,Maps,Color;,"1:6,000,000",E 60°--E 98°/N 38°--N 8°,American Geographical Society Library - Maps,https://wisconsin-uwm.primo.exlibrisgroup.com/permalink/01UWI_ML/13nukll/alma991014519683102124,"1 map : color ; 56 x 61 cm, folded to 21 x 14 cm",430 E-1948,English ; French ; German,"American Geographical Society Library, University of Wisconsin-Milwaukee",University of Wisconsin-Milwaukee Libraries,The Board of Regents of the University of Wisconsin System,agsmap031277 (a-b),image/tif; Image/jp2,American Geographical Society Library Digital Map Collection,,,,2025-09-24,2025-09-24,http://cdm17272.contentdm.oclc.org/cdm/ref/collection/agdm/id/36836,36836,36853.cpd,/agdm/image/36853.cpd
20260817_agdm-export_Bbox-Subset.csv,New Bombay proposed landuse,,"Mumbai, India 1973",,,,1973,India : publisher not identified,Land use -- India -- Mumbai -- Maps;,Asia,India,,,,Mumbai,Mumbai,"Relief shown by form lines. Shows transportation features and predominant landuses. ""For detailes of proposed landuse refer to published landuse plan scale 1:10,000.""",,,,cartographic image,Still image,Maps,Color;,"1:75,000",E 72°47ʹ29ʺ--E 72°54ʹ24ʺ/N 19°03ʹ09ʺ--N 18°53ʹ38ʺ,American Geographical Society Library - Maps,https://wisconsin-uwm.primo.exlibrisgroup.com/permalink/01UWI_ML/13nukll/alma991012612939402124,1 map : color ; 57 x 44 cm,430-d .M85 E-[1973?],English,"American Geographical Society Library, University of Wisconsin-Milwaukee",University of Wisconsin-Milwaukee Libraries,The Board of Regents of the University of Wisconsin System,agsmap031278,image/tif; Image/jp2,American Geographical Society Library Digital Map Collection,,"A 1973 map proposed zoning in New Bombay for residential, industrial, transport, and reserve uses, featuring labeled key.",,2025-09-24,2026-06-26,http://cdm17272.contentdm.oclc.org/cdm/ref/collection/agdm/id/36837,36837,36837.jp2,/agdm/image/36837.jp2
20260817_agdm-export_Bbox-Subset.csv,Carta della Tripolitania e Cirenaica / Archille Dardano dis. ; Istituto Geografico de Agostina,,Libya 1911,,"Dardano, A. (Achille), 1870-1938",Istituto geografico De Agostini,1911,Novara Italy : Istituto geografico De Agostini,Libya -- 20th century -- Maps ; Tripolitania -- Maps ; Cyrenaica (Libya) -- Maps ;,Africa,Libya,,,,,Libya,"Shows partial demarcation of the borders (with Egypt and Tunisia), populated places, tribes, major roads, desert trails, cable lines, marine lines, and travel distance between selected places in Italy and Libya. Relief shown by hachures and spot heights. ""Proprietà Artistico-Letteraria."" Includes ancillary maps at scale 1:2,000,000: Tripolitania settentrionale -- Cirenaica. ""Rec. 1911 gift from the publisher"" -- handwritten in top left.",,,,cartographic image,Still image,Maps,Color;,"1:5,000,000",E 06°00ʹ--E 28°00ʹ/ N 40°00ʹ--N 22°00ʹ,American Geographical Society Library - Maps,https://wisconsin-uwm.primo.exlibrisgroup.com/permalink/01UWI_ML/13nukll/alma991014519682902124,"1 map : mounted on cloth, color ; 48 x 42 cm, on sheet 68 x 47 cm",315 A-[1911],Italian,"American Geographical Society Library, University of Wisconsin-Milwaukee",University of Wisconsin-Milwaukee Libraries,The Board of Regents of the University of Wisconsin System,agsmap031284,image/tif; Image/jp2,American Geographical Society Library Digital Map Collection,,A vintage 1911 map shows Libya's Tripolitania and Cyrenaica regions with Mediterranean landmarks highlighted.,,2025-09-24,2026-06-26,http://cdm17272.contentdm.oclc.org/cdm/ref/collection/agdm/id/36838,36838,36840.jp2,/agdm/image/36840.jp2
20260817_agdm-export_Bbox-Subset.csv,[Map of Japan],,Japan 2023,,,,2023,Tokyo : Loopers Co. Ltd.,Japan -- Maps;,Asia,Japan,,,,,Japan,"English title provided by cataloger. Includes location map, 2 inset maps and illustrations. Sold as a set with world map and solar system map intended for use by children while bathing.",,,,cartographic image,Still image,Maps,Color;,,E 122°42ʹ00ʺ--E 154°12ʹ00ʺ/N 45°45ʹ00ʺ--N 20°12ʹ00ʺ,American Geographical Society Library - Maps,https://wisconsin-uwm.primo.exlibrisgroup.com/permalink/01UWI_ML/13nukll/alma991013866171002124,1 map : color ; 37 x 52 cm,470 E-[2023],Japanese,"American Geographical Society Library, University of Wisconsin-Milwaukee",University of Wisconsin-Milwaukee Libraries,The Board of Regents of the University of Wisconsin System,agsmap031282,image/tif; Image/jp2,American Geographical Society Library Digital Map Collection,,"Map showing Japan's regional foods, products, and landmarks by prefecture marked with colorful icons.",,2025-09-24,2026-06-26,http://cdm17272.contentdm.oclc.org/cdm/ref/collection/agdm/id/36840,36840,36841.jp2,/agdm/image/36841.jp2
20260817_agdm-export_Bbox-Subset.csv,"Taiwan population distribution, 1965. / Mei-Ling Hsu.",,Taiwan 1965,Association of American Geographers. Annals. ; Map suppl. no. 11.,"Hsu, Mei-Ling, 1932-2009","Burwell, Patricia; Association of American Geographers ;",1965,"Washington, D.C. : Central Office of the A.A.G.",Taiwan -- Population -- Maps,Asia,Taiwan,,,,,Taiwan,"""Transverse Mercator projection."" ""Shaded relief and final drafting were done by Patricia Burwell."" Issued with Annals of the Association of American Geographers, v. 59, no. 3, Sept. 1969. Includes text, with ""Notes"" and ""References,"" and table of administrative subdivisions. Insets: Density of population, 1965 [ca. 1:2,000,000]--Administrative subdivisions [ca. 1:2,000,000]--[Lu Tao and Lan Hsü, 1:500,000]--Employment structure, 1965 [ca. 1:2,000,000]--Population growth, 1959-1964 [ca. 1:2,000,000].",,"Insets: Density of population, 1965 [ca. 1:2,000,000]--Administrative subdivisions[ca. 1:2,000,000]--[Lu Tao and Lan Hsü, 1:500,000]--Employment structure, 1965 [ca. 1:2,000,000]--Population growth, 1959-1964 [ca. 1:2,000,000].",,cartographic image,Still image,Maps,Color;,"1:500,000",E 114°09ʹ00ʺ--E 122°19ʹ00ʺ/N 26°26ʹ00ʺ--N 10°17ʹ00ʺ,American Geographical Society Library - Maps,https://wisconsin-uwm.primo.exlibrisgroup.com/permalink/01UWI_ML/13nukll/alma9910516913402124,1 map : color ;  82 x 61 cm,468 C-1965,English,"American Geographical Society Library, University of Wisconsin-Milwaukee",University of Wisconsin-Milwaukee Libraries,The Board of Regents of the University of Wisconsin System,agsmap031281,image/tif; Image/jp2,American Geographical Society Library Digital Map Collection,,"Taiwan's 1965 population map shows density patterns, major cities, and regional growth trends.",,2025-09-24,2026-06-26,http://cdm17272.contentdm.oclc.org/cdm/ref/collection/agdm/id/36841,36841,36838.jp2,/agdm/image/36838.jp2
20260817_agdm-export_Bbox-Subset.csv,"Mauritius, or Isle of France / Drawn by L. Hebert ; printed at the Lithographic Establishment Quarter Master General's Office, House Guards",October 10th 1830.,Mauritius 1830,,,,1830,"London : Quarter Master General's Office, House Guards",Mauritius -- Maps;,Africa,Mauritius,,,,,Mauritius,"Relief shown by hachures. Originally in a bound collection of maps purchased from R. Douglas, Britannia Hgts, Ontario 1919.",,,,cartographic image,Still image,Maps,Color;,"1:170,000",E 57°14ʹ00ʺ--E 57°52ʹ00ʺ/S 19°46ʹ00ʺ--S 20°36ʹ00ʺ,American Geographical Society Library - Maps,https://wisconsin-uwm.primo.exlibrisgroup.com/permalink/01UWI_ML/13nukll/alma991014518480102124,1 map : color ; 49 x 34 cm,742.7 A-1830,English,"American Geographical Society Library, University of Wisconsin-Milwaukee",University of Wisconsin-Milwaukee Libraries,The Board of Regents of the University of Wisconsin System,agsmap031275,image/tif; Image/jp2,American Geographical Society Library Digital Map Collection,,An 1830 topographic map of Mauritius displays cantons alongside mountains and rivers.,,2025-09-24,2026-06-26,http://cdm17272.contentdm.oclc.org/cdm/ref/collection/agdm/id/36842,36842,36833.jp2,/agdm/image/36833.jp2
20260817_agdm-export_Bbox-Subset.csv,Vue de Strasbourg / fait par A. Aveline,,"Strasbourg, France 1720 [19--?]",,"Aveline, Antoine, 1691-1743;",,1720 ; 19--,[Place of publication not identified] :  [publisher not identified],Strasbourg (France) -- Maps -- Facsimiles ; Strasbourg (France) -- Aerial views -- Facsimiles ;,Europe,France,,,,Strasbourg,Strasbourg,"Relief shown by land form drawings. Strasbourg, ville impériale, avec un évêché suffragant de Mayence. Capitale de l'Alsace et une des plus belles et des plus grandes, située à un quart de lieue du Rhin au milieu d'une grande campagne, où elle reçoit les rivières d'Ill et de Breutsche. Louis le Grand, roi de France, la prit le 1er octobre 1682, et elle lui fut cédée par la trêve de 1684, ce qui a été confirmé par la paix de Ryswick en 1697. Facsimile : Paris : Daumont, [1720] Includes index.",,,,cartographic image,Still image,Maps,B&W;,,E 7°41ʹ17ʺ--E 7°50ʹ09ʺ/N 48°38ʹ46ʺ--N 48°29ʹ30ʺ,American Geographical Society Library - Maps,,1 view ; on sheet 48 x 63 cm,Rare 630-d .S87 A-[1720] [19--?],French,"American Geographical Society Library, University of Wisconsin-Milwaukee",University of Wisconsin-Milwaukee Libraries,The Board of Regents of the University of Wisconsin System,agsmap031287,image/tif; Image/jp2,American Geographical Society Library Digital Map Collection,,"Detailed 1720 European-style map shows fortified Strasbourg's churches, walls, and countryside from above.",,2025-09-24,2026-06-26,http://cdm17272.contentdm.oclc.org/cdm/ref/collection/agdm/id/36843,36843,36839.jp2,/agdm/image/36839.jp2
20260817_agdm-export_Bbox-Subset.csv,"Libya, political subdivisions and communications / compiled and drawn in the Department of State, Office of the Geographer, Oct. 19, 1943",Provisional [edition].,Libya 1943,,United States. Department of State. Office of the Geographer,,1943,"Washington, D.C. : Department of State, Office of the Geographer",Libya -- Administrative and political divisions -- Maps; Transportation -- Libya -- Maps ;,Africa,Libya,,,,,Libya,"""Libyan series map 1, communications."" Issued as a restricted document. Includes population statistical table. ""1116-E.""",,,,cartographic image,Still image,Maps,Color;,"1:5,700,000",E 10°--E 28°/N 37°--N 18°,American Geographical Society Library - Maps,https://wisconsin-uwm.primo.exlibrisgroup.com/permalink/01UWI_ML/13nukll/alma991014519683002124,1 map : hand color ; 26 x 24 cm,315 B-1943,English,"American Geographical Society Library, University of Wisconsin-Milwaukee",University of Wisconsin-Milwaukee Libraries,The Board of Regents of the University of Wisconsin System,agsmap031283,image/tif; Image/jp2,American Geographical Society Library Digital Map Collection,,"A 1943 map shows Libya's districts—including Tripoli and Bengaz—with railways, roads, and population data.",,2025-09-24,2026-06-26,http://cdm17272.contentdm.oclc.org/cdm/ref/collection/agdm/id/36844,36844,36834.jp2,/agdm/image/36834.jp2
20260817_agdm-export_Bbox-Subset.csv,The Federation of Malaya and the colony of Singapore distribution of population (by states and settlements) / United Nations.,,Malaya 1948,,United Nations,,1948,New York : United Nations,Malaya -- Population -- Maps ; Singapore -- Population -- Maps ;,Asia,Malaya,,,,,Malaya,"Map of Malaya showing international and state boundaries and state names. Includes population scale. ""MAP No. 123 United Nations."" ""UN presentation 747.""",,,,cartographic image,Still image,Maps,Color;,"1:2,480,000",E 99°--E 105°/N 8°--N 0°,American Geographical Society Library - Maps,https://wisconsin-uwm.primo.exlibrisgroup.com/permalink/01UWI_ML/13nukll/alma9921169743402124,1 map : color ; 33 x 29 cm,440 C-1948,English,"American Geographical Society Library, University of Wisconsin-Milwaukee",University of Wisconsin-Milwaukee Libraries,The Board of Regents of the University of Wisconsin System,agsmap031280,image/tif; Image/jp2,American Geographical Society Library Digital Map Collection,,"A 1948 map of Malaya and Singapore's ethnic population breaks down percentages for Malays, Chinese, Indians, and others.",,2025-09-24,2026-06-26,http://cdm17272.contentdm.oclc.org/cdm/ref/collection/agdm/id/36846,36846,36831.jp2,/agdm/image/36831.jp2
20260817_agdm-export_Bbox-Subset.csv,"Map of Chippewa Falls, Wis. / Published by S.R. Cray, City Engineer.",,"Chippewa Falls, Wisconsin 1950?",,"Cray, Seymour",,1950,"Chippewa Falls, Wis. : S.R. Cray,",Chippewa Falls (Wis.) -- Maps,North and Central America;,United States,Wisconsin,,,Chippewa Falls,Chippewa Falls,Cadastral map,,,,cartographic image,Still image,Maps,B&W;,"1:11,975.","W 91°26'55""--W 91°20'33""/N 44°57'58""--N 44°54'28""",American Geographical Society Library - Maps,https://wisconsin-uwm.primo.exlibrisgroup.com/permalink/01UWI_ML/13nukll/alma9914523153402124,1 map ; on sheet 46 x 62 cm,893-d .C4F3 A-[1950?],,"American Geographical Society Library, University of Wisconsin-Milwaukee",University of Wisconsin-Milwaukee Libraries,The Board of Regents of the University of Wisconsin System,agsmap031274,image/tif; Image/jp2,American Geographical Society Library Digital Map Collection,,"A 1950s street map of Chippewa Falls, Wisconsin, displays major roads, block numbers, and river placements.",,2025-09-24,2026-06-26,http://cdm17272.contentdm.oclc.org/cdm/ref/collection/agdm/id/36848,36848,36832.jp2,/agdm/image/36832.jp2
20260817_agdm-export_Bbox-Subset.csv,"Norwegen 1:50,000. Norwegen 1:50,000, Bildplankarte.  Norwegen 1:50,000, Truppenkarte.  Norwegen 1:50,000, Deutsche Heereskarte.",,Norway 1943,,Germany. Heer. Generalstab,,1943,Berlin : OKH/Gen St d H,Norway -- Maps ; Topographic maps ; Remote sensing maps;,Europe;,Norway,,,,,Norway,"Relief shown by contours and spot heights.  Title varies: Deutsche Heereskarte. --Truppenkart. --Bildplankarte.  The sheets entitled Bildplankarte are photo maps.  Maps are based on Norwegian originals.  On most sheets: Als Schiesskart geeignet, Nur für den Dienstgebrauch.  Some sheets have military grid.",,C 26 O Molde (Nordteil) -- C 26 O Molde (Südteil) -- C 26 W Haram (Südteil) -- C 27 O Örskog (Nordteil) -- C 27 W Borgund (Nordteil) -- D 25 W Bremsnes (Südteil) -- D 26 O Nesset (Südteil) -- D 26 W Bolsöy (Nordteil) -- D 26 W Bolsöy (Südteil) -- D 27 O Romsdalen (Nordteil) -- D 27 W Voll (Nordteil) -- E 25 O Rindal (Südteil) -- E 25 W Halsa (Südteil) -- E 26 O Trollheimen (Nordteil) -- E 26 O Trollheimen (Südteil) -- E 26 W Stangvik (Südteil) -- E 27 O Romfo (Nordteil) -- E 27 W Aura (Nordteil).,,cartographic image,Still image,Maps,Color;,"1:50,000",E 4°10ʹ--E 31°20ʹ/N 71°20ʹ--N 57°40ʹ,American Geographical Society Library - Maps,https://wisconsin-uwm.primo.exlibrisgroup.com/permalink/01UWI_ML/13nukll/alma991014299055902124,maps : some color ; 77 x 86 cm or smaller,"611-b J-1:50,000",German,"American Geographical Society Library, University of Wisconsin-Milwaukee",University of Wisconsin-Milwaukee Libraries,The Board of Regents of the University of Wisconsin System,agsmap031292 (001-018),image/tif; Image/jp2,American Geographical Society Library Digital Map Collection,,,,2025-09-25,2025-09-25,http://cdm17272.contentdm.oclc.org/cdm/ref/collection/agdm/id/36868,36868,36872.cpd,/agdm/image/36872.cpd
20260817_agdm-export_Bbox-Subset.csv,"Monte Fitz Roy & Cerro Torre : trekking, mountaineering ; Lago del Desierto : trekking, travel map",,"Mount Fitz Roy, Argentina 2002",,Zagier y Urruty Publicaciones,,2002,Buenos Aires : Zagier & Urrut,"Fitz Roy, Mount (Argentina) -- Maps ; Torre Mountain (Argentina) -- Maps ; Desert, Lake of the (Argentina) -- Maps ; Tourist maps ;",South America;,Argentina,,,,,Argentina,"Other title Monte Fitz Roy and Cerro Torre Alternatle title: Monte Fitz Roy & Cerro Torre, trekking & mountaineering map Lago del Desierto Alternate title: Lago del Desierto, road & trekking map Notes Relief shown by contours, shading, and spot heights. Panel title. Includes location map, glossary, distance table of trekking trails, and two profiles. Ancillary maps: [Satellite image] -- Geological chart.",,,,cartographic image,Still image,Maps,Color;,"1:50,000 and 1:100,000",W 73⁰09ʹ00ʺ--W 72⁰50ʹ30ʺ/S 49⁰10ʹ00ʺ--S 49⁰21ʹ30ʺ,American Geographical Society Library - Maps,https://wisconsin-uwm.primo.exlibrisgroup.com/permalink/01UWI_ML/13nukll/alma9916021313402124,"2 maps on 1 sheet : color ; 43 x 45 cm and 43 x 18 cm, sheet 95 x 64 cm",251-c .F5R6 E-2002,English ; Spanish,"American Geographical Society Library, University of Wisconsin-Milwaukee",University of Wisconsin-Milwaukee Libraries,The Board of Regents of the University of Wisconsin System,agsmap031290,image/tif; Image/jp2,American Geographical Society Library Digital Map Collection,,"A detailed outdoor map of southern Patagonia's Fitz Roy, Cerro Torre, and Lago del Desierto in Argentina highlights trails.",,2025-09-25,2026-06-26,http://cdm17272.contentdm.oclc.org/cdm/ref/collection/agdm/id/36897,36897,36901.jp2,/agdm/image/36901.jp2
20260817_agdm-export_Bbox-Subset.csv,Plan topographique de la région du canal / dressé d'après les etudes faites par la Compagnie du Canal Interocéanique.,,Panama Canal 1889,,"Compagnie universelle du canal interocéanique de Panama, cartographer",,1889,Paris : Compagnie universelle du canal interocéanique,Panama Canal (Panama) -- Maps ; Panama Canal (Panama) -- Planning -- Maps ; Topographic maps;,North and Central America;,Panama,,,,,Panama,"Relief shown by contours and by landforms. Depths shown by isolines.  Shows cross sections.  Oriented with north to left.  Handwritten note pasted on verso of cover: ""This accompanied despatch No. 102 of April 22, 1889 from the Consul at Colon.""",,,,cartographic image,Still image,Maps,Color;,"1:20,000",W 79°55'--W 79°31'/N 9°23'--N 8°53',American Geographical Society Library - Maps,https://wisconsin-uwm.primo.exlibrisgroup.com/permalink/01UWI_ML/13nukll/alma991014393843502124,"1 map : hand color, mounted on linen ; 31 x 461 cm, folded to 31 x 24 cm",RARE OV At.228 A-[1889?],French,"American Geographical Society Library, University of Wisconsin-Milwaukee",University of Wisconsin-Milwaukee Libraries,The Board of Regents of the University of Wisconsin System,agsmap031315,image/tif; Image/jp2,American Geographical Society Library Digital Map Collection,,,,2025-10-07,2025-10-07,http://cdm17272.contentdm.oclc.org/cdm/ref/collection/agdm/id/36936,36936,36943.cpd,/agdm/image/36943.cpd
20260817_agdm-export_Bbox-Subset.csv,Monsters in America : a cryptozoological map of the United States,,United States 2014,,Hog Island Press,,2014,"Philadelphia, Pa. : Hog Island Press",Monsters -- United States ; United States -- Folklore ;,North and Central America;,United States,,,,,United States,"Includes illustrated index to 32 monsters. ""Limited edition print is screenprinted on 80 lb archival paper"" -- website hogislandpress.org",,,,cartographic image,Still image,Maps,Color;,,W 125°22ʹ00ʺ--W 64°21ʹ00ʺ/N 49°51ʹ00ʺ--N 22°56ʹ00ʺ,American Geographical Society Library - Maps,https://wisconsin-uwm.primo.exlibrisgroup.com/permalink/01UWI_ML/13nukll/alma9921597823402124,1 map : color ; 49 cm x 64 cm,800 M-2014,English,"American Geographical Society Library, University of Wisconsin-Milwaukee",University of Wisconsin-Milwaukee Libraries,The Board of Regents of the University of Wisconsin System,agsmap031312,image/tif; Image/jp2,American Geographical Society Library Digital Map Collection,,"This map shows cryptids and legendary monsters found across the U.S., marked with labeled icons.",,2025-10-09,2026-06-26,http://cdm17272.contentdm.oclc.org/cdm/ref/collection/agdm/id/36938,36938,36934.tif,/agdm/image/36934.tif
20260817_agdm-export_Bbox-Subset.csv,"My favorite murder, United states full episode locations, episodes 1-235 / @Emily.Doodles ; @Emily.Krueger",,United States 2021,,"Krueger, Emily",,2021,Publication Wisconsin : emilydoodles Manufacture California : Redbubble,Podcasts -- United States -- Maps ; Criminals -- United States -- Maps ; Murder -- United States -- Maps ; Cold cases (Criminal investigation) -- United States -- Maps ; Murder -- Investigation -- United States -- Maps ;,North and Central America;,United States,,,,,United States,"Other title Title from Redbubble site: My Favorite Murder episode location states poster Notes Shows locations with titles for each My Favorite Murder podcast episodes, color coded by season. My Favorite Murder is the hit true crime comedy podcast hosted by Karen Kilgariff and Georgia Hardstark. Since its inception in early 2016, the show has broken download records and sparked an enthusiastic, interactive ""Murderino"" fan base who come out in droves for their sold-out worldwide tours. Includes inset maps of Alaska and Hawaii. Purchased at Redbubble.com, designed and sold by emilydoodles.",,,,cartographic image,Still image,Maps,Color;,,W 125°22ʹ00ʺ--W 64°21ʹ00ʺ/N 49°51ʹ00ʺ--N 22°56ʹ00ʺ,American Geographical Society Library - Maps,https://wisconsin-uwm.primo.exlibrisgroup.com/permalink/01UWI_ML/13nukll/alma991013143031702124,1 map : color ; 60 x 74 cm,800 M-[2021],English,"American Geographical Society Library, University of Wisconsin-Milwaukee",University of Wisconsin-Milwaukee Libraries,The Board of Regents of the University of Wisconsin System,,image/tif; Image/jp2,American Geographical Society Library Digital Map Collection,,"A map highlights My Favorite Murder podcast episodes 1 to 235 across the U.S., with case descriptions at each location.",,2025-10-09,2026-06-26,http://cdm17272.contentdm.oclc.org/cdm/ref/collection/agdm/id/36939,36939,36932.jp2,/agdm/image/36932.jp2
20260817_agdm-export_Bbox-Subset.csv,Monsters of the United States,,United States 2014,,"Nestel, Chelsea, cartographer",,2014,Wisconsin : NestelMaps,Monsters -- United States -- Maps ; Folklore -- United States -- Maps ; Cryptozoology -- United States -- Maps ; United States -- Maps; Pictorial Maps,North and Central America;,United States,,,,,United States,Includes illustrations of animal and mythical creatures whose existence has not been proven.,,,,cartographic image,Still image,Maps,B&W;,,W 125°22ʹ00ʺ--W 64°21ʹ00ʺ/N 49°51ʹ00ʺ--N 22°56ʹ00ʺ,American Geographical Society Library - Maps,https://wisconsin-uwm.primo.exlibrisgroup.com/permalink/01UWI_ML/13nukll/alma991012530736002124,1 map ; 46 x 61 cm,800 M-2014a,English,"American Geographical Society Library, University of Wisconsin-Milwaukee",University of Wisconsin-Milwaukee Libraries,The Board of Regents of the University of Wisconsin System,agsmap031313,image/tif; Image/jp2,American Geographical Society Library Digital Map Collection,,Map titled 'Monsters of the United States' shows creatures tied to regional U.S. folklore.,,2025-10-09,2026-06-26,http://cdm17272.contentdm.oclc.org/cdm/ref/collection/agdm/id/36940,36940,36933.tif,/agdm/image/36933.tif
20260817_agdm-export_Bbox-Subset.csv,"China / produced by the Cartographic Division, National Geographic Society ; John B. Garver, Jr., chief cartographer.",,China 1991,,National Geographic Society (U.S.). Cartographic Division,"Garver, John B., Jr.",1991,"Washington, D.C. : National Geographic Society, 1991.",China -- Maps ; China -- History -- Maps ; China -- Population -- Maps ; China -- Economic conditions -- Maps ;,Asia,China,,,,,China,"Relief shown by shading and spot heights.  ""Supplement to the National Geographic, July 1991, page 110A, vol.180, no. 1 - China.""  Includes text, pronunciation guide to Pinyin, list of geographical equivalents and inset.  On verso: Population size and distribution -- Agriculture and industry -- History of China.",,,,cartographic image,Still image,Maps,Color,"1:7,819,000",E 66⁰--E 142⁰/N 54⁰--N 18⁰,American Geographical Society Library - Maps,https://wisconsin-uwm.primo.exlibrisgroup.com/permalink/01UWI_ML/13nukll/alma998119743402124,1 map : color ; 54 x 71 cm,460 B-1991,English,"American Geographical Society Library, University of Wisconsin-Milwaukee",University of Wisconsin-Milwaukee Libraries,The Board of Regents of the University of Wisconsin System,agsmap031324 (a-b),image/tif; Image/jp2,American Geographical Society Library Digital Map Collection,,,,2025-10-10,2025-10-10,http://cdm17272.contentdm.oclc.org/cdm/ref/collection/agdm/id/36943,36943,36951.cpd,/agdm/image/36951.cpd
20260817_agdm-export_Bbox-Subset.csv,Peninsula State Park map / Wisconsin Department of Natural Resources,,"Peninsula State Park, Wisconsin 2019",,"Wisconsin. Department of Natural Resources, cartographer, issuing body",,2019,"Fish Creek, WI : Wisconsin Department of Natural Resource",Peninsula State Park (Wis.) -- Maps ; Trails -- Wisconsin -- Peninsula State Park -- Maps ; Outdoor recreation -- Wisconsin -- Peninsula State Park -- Maps ; Door County (Wis.) -- Maps ; Tourist maps;,North and Central America;,United States,Wisconsin,Peninsula State Park,Door county,,Door county,"Other title  Title within map border: Summer map, Peninsula State Park  Notes  Title from panel.  ""PUB PR-506 2019.""  Includes text, ""Hiking trail guide,"" and inset location map.  Text, illustration, and contact information on verso.",,,,cartographic image,Still image,Maps,Color,"1:25,000",W 87°15ʹ43ʺ--W 87°10ʹ39ʺ/N 45°10ʹ57ʺ--N 45°07ʹ16ʺ,American Geographical Society Library - Maps,https://wisconsin-uwm.primo.exlibrisgroup.com/permalink/01UWI_ML/13nukll/alma991014544965802124,"1 map : color ; 22 x 19 cm, folded to 22 x 9 cm",893-c .P46 E-2019,English,"American Geographical Society Library, University of Wisconsin-Milwaukee",University of Wisconsin-Milwaukee Libraries,The Board of Regents of the University of Wisconsin System,agsmap031316 (a-b),image/tif; Image/jp2,American Geographical Society Library Digital Map Collection,,,,2025-10-10,2025-10-10,http://cdm17272.contentdm.oclc.org/cdm/ref/collection/agdm/id/36952,36952,36960.cpd,/agdm/image/36960.cpd
20260817_agdm-export_Bbox-Subset.csv,"Iraq 1:1 750 000, map for businessmen & tourists, central Baghdād : geographical map, archeological sites with index, relief with elevation tints = Irak 1:1 750 000 / Gizi Map.",,Iraq 2015,,GiziMap (Firm),,2015,Budapest : GiziMap,Roads -- Iraq -- Maps ; Baghdad (Iraq) -- Maps ;,Asia;,Iraq,,,,,Iraq,"Other title Irak 1: 1 750 000 Notes Relief shown by gradient tints and spot heights. Cover title. Includes indexes and inset map of Baghdad. Location map, illustration and publisher list on cover. Printed in Hungary 2015.",,,,cartographic image,Still image,Maps,Color,"1:1,750,000",E 38°--E 49°/N 38°--N 29°,American Geographical Society Library - Maps,https://wisconsin-uwm.primo.exlibrisgroup.com/permalink/01UWI_ML/13nukll/alma991012539028902124,"1 map : color ; 64 x 59 cm, folded in cover 24 x 13 cm",415 A-2015,English ; Arabic ; French ; German ; Russian ;,"American Geographical Society Library, University of Wisconsin-Milwaukee",University of Wisconsin-Milwaukee Libraries,The Board of Regents of the University of Wisconsin System,agsmap031344,image/tif; Image/jp2,American Geographical Society Library Digital Map Collection,,"A precise 1:1,750,000 scale Iraq map shows roads, cities, archaeological sites, and elevation.",,2025-11-13,2026-06-26,http://cdm17272.contentdm.oclc.org/cdm/ref/collection/agdm/id/37020,37020,37013.jp2,/agdm/image/37013.jp2
20260817_agdm-export_Bbox-Subset.csv,Recursos minerales de México / Instituto Geológico de México,,Mexico 1919,Boletín (Instituto Geológico de México) ; 18,Instituto Geológico de México,,1919,México : Instituto Geológico de Méxic,Mines and mineral resources -- Mexico -- Maps,North and Central America;,Mexico,,,,,Mexico,"""Boletín 18, Instituto Geológico de México.""  Carta I Carta geológica de la Republica Mexicana -- Carta II Carta de las agencias mineras -- Carta III Regiones mineras de la República Mexicana -- Carta IV Distribucion geografica de los criaderos de oro [y] plata -- Carta V Distribucion geografica de los criaderos de cobre, fierro [y] plomo -- Carta VI Distribución geográfica de los criaderos de mercurio, estaño, antimonio, arsénico [y] bismuto -- Carta VII Distribucion geografica de los criaderos de azufre, salitre, alabastro, marmol, [y] yeso -- Carta VIII Distribución geográfica de los criaderos de opalo, granate, salinas, asbesto, alumbre, alcaparrosa, baritita, kaolin, [y] arcilla -- Carta IX Distribución geográfica de los criaderos de carbón de piedra, [y] petroleo y chapopote -- Carta X Distribución geográfica de los manantiales termales Manantiales de aguas minerales.",,,,cartographic image,Still image,Maps,Color;,"1:5,000,000",W 118°--W 85°/N 33°--N 14°,American Geographical Society Library - Maps,https://wisconsin-uwm.primo.exlibrisgroup.com/permalink/01UWI_ML/13nukll/alma9921356133402124,10 maps on 10 sheets : color ; 41 x 63 cm or smaller,210 E-[1919],Spanish,"American Geographical Society Library, University of Wisconsin-Milwaukee",University of Wisconsin-Milwaukee Libraries,The Board of Regents of the University of Wisconsin System,agsmap031354 (001-010),image/tif; Image/jp2,American Geographical Society Library Digital Map Collection,,,,2025-11-25,2025-11-25,http://cdm17272.contentdm.oclc.org/cdm/ref/collection/agdm/id/37032,37032,37039.cpd,/agdm/image/37039.cpd
20260817_agdm-export_Bbox-Subset.csv,Alaska - land off the midnight sun / graphic design by Steven Saint-Laurent ; character illustrations by Lucyna A.M. Green ; copyright Carole Marsh,,Alaska 2001,,Gallopade International,,2001,"Peachtree City, Georgia : Gallopade International",Alaska -- Maps ; Children's maps ; Pictorial maps;,North and Central America;,United States,Alaska,,,,Alaska,"Relief shown pictorially. Includes text, inset map of ""Alaska census area"" and illustrations.",,,,cartographic image,Still image,Maps,Color;,,E 178°00ʹ--W 118°00ʹ/N 72°00ʹ--N 46°00ʹ,American Geographical Society Library - Maps,https://wisconsin-uwm.primo.exlibrisgroup.com/permalink/01UWI_ML/13nukll/alma991013358664902124,1 map : color ; 56 x 87 cm,810 M-[2001?],English,"American Geographical Society Library, University of Wisconsin-Milwaukee",University of Wisconsin-Milwaukee Libraries,The Board of Regents of the University of Wisconsin System,agsmap031363,image/tif; Image/jp2,American Geographical Society Library Digital Map Collection,,"The 2001 educators Alaska map displays geography, parks, wildlife, and key historical sites for exploration.",,2025-11-25,2026-06-26,http://cdm17272.contentdm.oclc.org/cdm/ref/collection/agdm/id/37034,37034,37027.jp2,/agdm/image/37027.jp2
20260817_agdm-export_Bbox-Subset.csv,The Alaska Line / Alaska Steamship Company,,Alaska 1936,,Alaska Steamship Co.,"McCaffrey, Frank, 1894-1985",1936,Seattle : Frank McCaffrey,Steamboat lines -- Alaska -- Maps ; Transportation -- Alaska -- Maps ; Alaska -- Maps ; Tourist maps;,North and Central America;,United States,Alaska,,,,Alaska,"Other title Title in upper margin: Territory of Alaska Notes Includes text, illustrations, inset of the Prince William Sound, and inset of North America, showing distances from Seattle. In lower margin: ""The All-American route, Alaska Steamship Company, serving all of Alaska!"" Relief shown by hachures and spot heights.",,,,cartographic image,Still image,Maps,Color;,"1:5,200,000",E 178°00ʹ--W 118°00ʹ/N 72°00ʹ--N 46°00ʹ,American Geographical Society Library - Maps,https://wisconsin-uwm.primo.exlibrisgroup.com/permalink/01UWI_ML/13nukll/alma991012445038102124,1 map : color ; 47 x 71 cm,810 D-1936,English,"American Geographical Society Library, University of Wisconsin-Milwaukee",University of Wisconsin-Milwaukee Libraries,The Board of Regents of the University of Wisconsin System,agsmap031362,image/tif; Image/jp2,American Geographical Society Library Digital Map Collection,,1936 Alaska Steamship Company map shows routes along Alaskan coastlines.,,2025-11-25,2026-06-26,http://cdm17272.contentdm.oclc.org/cdm/ref/collection/agdm/id/37035,37035,37026.jp2,/agdm/image/37026.jp2
20260817_agdm-export_Bbox-Subset.csv,"Mexico : from official Mexican and other sources / prepared in the Bureau of the American Republics, William Woodville Rockhill, Director ; compiled and drawn by M. Hendges.",,Mexico 1900,,"Bureau of the American Republics (Washington, D.C.)","Hendges, Matthew (Cartographer)",1900,"Publication  Washington, D.C. : Bureau of the American Republics  Manufacture  Balto. : The Friedenwald Co. Photo-Lith.",Mines and mineral resources -- Mexico -- Maps ; Mexico -- Maps ; Outline maps ; Base maps ;  Outline maps.,North and Central America;,Mexico,,,,,Mexico,Relief shown by shading and spot heights.  Shows mineral resources and mines.  Prime meridian: Greenwich and Mexico City.  Includes inset of Guadalupe Island.,,,,cartographic image,Still image,Maps,Color,"1:3,168,000",W 117°--W 86°/N 34°--N 14°,American Geographical Society Library - Maps,https://wisconsin-uwm.primo.exlibrisgroup.com/permalink/01UWI_ML/13nukll/alma991013359072702124,1 map : color ; 71 x 100 cm,210 E-1900a,English,"American Geographical Society Library, University of Wisconsin-Milwaukee",University of Wisconsin-Milwaukee Libraries,The Board of Regents of the University of Wisconsin System,agsmap031360 (s1-s2),image/tif; Image/jp2,American Geographical Society Library Digital Map Collection,,,,2025-12-10,2025-12-10,http://cdm17272.contentdm.oclc.org/cdm/ref/collection/agdm/id/37068,37068,37074.cpd,/agdm/image/37074.cpd
20260817_agdm-export_Bbox-Subset.csv,"Where to go, what to see in Portland, Oregon, the ""City of Roses""",,"Portland, Oregon 1940",,"Gillespie, Marguerite, artist, cartographer","Beaver Engraving Co., publisher ; Portland Chamber of Commerce (Or.), sponsoring body, distributor ;",1940,"Portland, Oregon : Beaver Engr. Co.",Scenic byways -- Oregon -- Portland Metropolitan Area -- Maps ; Scenic byways -- Oregon -- Portland Region -- Maps ; Historic buildings -- Oregon -- Portland -- Maps ; Historic sites -- Oregon -- Portland -- Maps ; Portland (Or.) -- Tours -- Maps ;,North and Central America;,United States,Oregon,,,,Oregon,"Other title  Panel title: There's a lot to do in Portland, Oregon  Back panel title: There's lots to see in Portland, Oregon  Notes  Bird's-eye view highlighting Portland's Scenic Parkway driving route through the city and region.  Relief shown pictorially.  Selected prominent or historic buildings and sites shown pictorially.  Oriented with north to the left.  ""This routing was planned to provide the maximum of scenic beauty. It includes a matchless variety of fascinating views and interesting subjects to be leisurely enjoyed by Portland's visitors.""  ""Copyright '40 - Marguerite Gillespie -- Beaver Engr. Co.""  Includes descriptive text about tourist sites and facilities, list of scenic points and their driving times and distances from the intersection of Broadway and Salmon streets, 2 illustrations above the map and color illustrations on the map, and 2 photographs in the upper left and right corners.  Six descriptive driving loop tours around the region with accompanying map diagrams and illustrations on verso.",,,,cartographic image,Still image,Maps,Color,,W 122°48ʹ00ʺ--W 122°33ʹ35ʺ/N 45°37ʹ35ʺ--N 45°27ʹ35,American Geographical Society Library - Maps,https://wisconsin-uwm.primo.exlibrisgroup.com/permalink/01UWI_ML/13nukll/alma991014546162702124,"1 view : color ; 29 x 36 cm, folded to 24 x 10 cm",872-d .P67 A-1940,English,"American Geographical Society Library, University of Wisconsin-Milwaukee",University of Wisconsin-Milwaukee Libraries,The Board of Regents of the University of Wisconsin System,agsmap031373 (a-b),image/tif; Image/jp2,American Geographical Society Library Digital Map Collection,,,,2025-12-11,2025-12-11,http://cdm17272.contentdm.oclc.org/cdm/ref/collection/agdm/id/37078,37078,37088.cpd,/agdm/image/37088.cpd
20260817_agdm-export_Bbox-Subset.csv,La Presqu'île du Cap-Vert / Service Géographique de L'A.O.F.,,"Dakar, Senegal 1953",,Service géographique national du Sénégal,,1953,Dakar : Service Géographique de L'A.O.F.,Dakar (Senegal) -- Maps ; Cape Verde Peninsula (Senegal) -- Maps ; Rufisque (Senegal) -- Maps ; Tourist maps ;,Africa;,Senegal,,,,Dakar,Dakar,Other title Carte touristique de la Presqu'île du Cap Vert au 1/40.000e Notes Relief shown by contours and hachures. Includes indexes.,,,,cartographic image,Still image,Maps,Color;,"1:40,000",W 17°32ʹ00ʺ--W 17°05ʹ00ʺ/N 14°53ʹ00ʺ--N 14°34ʹ00ʺ,American Geographical Society Library - Maps,https://wisconsin-uwm.primo.exlibrisgroup.com/permalink/01UWI_ML/13nukll/alma9919820193402124,"1 map : color ; 60 x 83 cm, folded in cover 24 x 14 cm",322-d .D34 A-1953,French,"American Geographical Society Library, University of Wisconsin-Milwaukee",University of Wisconsin-Milwaukee Libraries,The Board of Regents of the University of Wisconsin System,agsmap031355,image/tif; Image/jp2,American Geographical Society Library Digital Map Collection,,"A 1953 regional map of Senegal highlights Dakar, Rufisque, and the Cape Verde Peninsula with key roads, towns, and terrain.",,2025-12-15,2026-06-26,http://cdm17272.contentdm.oclc.org/cdm/ref/collection/agdm/id/37086,37086,37090.jp2,/agdm/image/37090.jp2
20260817_agdm-export_Bbox-Subset.csv,"Map of the Ferrocarriles Nacionales de México : National Railways of Mexico : the Interoceanic Railway of Mexico, the Mexican Southern Railway, Limited, and connections",,Mexico 1910,,Ferrocarriles Nacionales de México,,1910,Mexico : Ferrocarriles Nacionales de México,Ferrocarriles Nacionales de México ; Railroads -- Mexico -- Maps ; Mexico -- Maps ;,North and Central America;,Mexico,,,,,Mexico,Includes 1 inset maps: Baja California and map of the lines between Mexico and Vera Cruz.,,,,cartographic image,Still image,Maps,Color;,"1:3,000,000",W 118°35ʹ00ʺ--W 86°29ʹ00ʺ/N 32°43ʹ00ʺ--N 14°22ʹ00ʺ,American Geographical Society Library - Maps,https://wisconsin-uwm.primo.exlibrisgroup.com/permalink/01UWI_ML/13nukll/alma991013578572002124,1 map : color ; 66 x 77 cm,210 D-1910,Spanish,"American Geographical Society Library, University of Wisconsin-Milwaukee",University of Wisconsin-Milwaukee Libraries,The Board of Regents of the University of Wisconsin System,agsmap031358,image/tif; Image/jp2,American Geographical Society Library Digital Map Collection,,"A 1910 Mexico map highlights national rail lines, such as Ferrocarriles Nacionales de México's routes and links.",,2025-12-15,2026-06-26,http://cdm17272.contentdm.oclc.org/cdm/ref/collection/agdm/id/37087,37087,37091.jp2,/agdm/image/37091.jp2
20260817_agdm-export_Bbox-Subset.csv,"Mexico : showing lines of the Mexican Central Railway Co., Limited",,Mexico 1881,,Rand McNally and Company,,1881,"Chicago, Ill. : Rand, McNally & Co.",Mexican Central Railway Co. -- Maps ; Railroads -- Mexico -- Maps ; Mexico -- Maps ;,North and Central America;,Mexico,,,,,Mexico,Relief shown by hachures. Prime meridians: Greenwich and Washington.,,,,cartographic image,Still image,Maps,Color;,"1:6,500,000",W 118°--W 85°/N 33°--N 15,American Geographical Society Library - Maps,https://wisconsin-uwm.primo.exlibrisgroup.com/permalink/01UWI_ML/13nukll/alma991013581371702124,1 map : color ; 31 x 48 cm,210 D-1881,English,"American Geographical Society Library, University of Wisconsin-Milwaukee",University of Wisconsin-Milwaukee Libraries,The Board of Regents of the University of Wisconsin System,agsmap031356,image/tif; Image/jp2,American Geographical Society Library Digital Map Collection,,A vintage Mexican map from 1881 shows the Central Railway Company's route network.,,2025-12-15,2026-06-26,http://cdm17272.contentdm.oclc.org/cdm/ref/collection/agdm/id/37088,37088,37093.jp2,/agdm/image/37093.jp2
20260817_agdm-export_Bbox-Subset.csv,"Carta industrial de la República Mexicana: Valor de la producción y energía eléctrica consumida, VII censo industrial de 1960. / Coordinador: Jorge A. Vivó.",,Mexico 1966,,"Vivó, Jorge A. (Jorge Abilio), 1906-1979",,1966,"México, D.F. : Comisión Nacional de los Salarios Mínimos",Electric utilities -- Mexico -- Maps ; Mexico -- Maps ;,North and Central America;,Mexico,,,,,Mexico,"""Esta carta fue encargada y editada ... en colaboración con el Colegio de Geografía de la Facultad de Filosofía y Letras de la Universidad Nacional de México.""",,,,cartographic image,Still image,Maps,Color;,"1:4,800,00",W 118°35ʹ00ʺ--W 86°29ʹ00ʺ/N 32°43ʹ00ʺ--N 14°22ʹ00ʺ,American Geographical Society Library - Maps,https://wisconsin-uwm.primo.exlibrisgroup.com/permalink/01UWI_ML/13nukll/alma9921355883402124,1 map : color ; 44 x 72 cm,210 E-1966,Spanish,"American Geographical Society Library, University of Wisconsin-Milwaukee",University of Wisconsin-Milwaukee Libraries,The Board of Regents of the University of Wisconsin System,agsmap031366,image/tif; Image/jp2,American Geographical Society Library Digital Map Collection,,A 1960 industrial map shows Mexico's regional production values and electricity use via bar graphs.,,2025-12-15,2026-06-26,http://cdm17272.contentdm.oclc.org/cdm/ref/collection/agdm/id/37089,37089,37092.jp2,/agdm/image/37092.jp2
20260817_agdm-export_Bbox-Subset.csv,Florida by Covarrubias,,Florida 1946 2025,,"Covarrubias, Miguel, 1904-1957, artist",,1946 ; 2025,"Milwaukee, Wisconsin : American Geographical Society Library",Florida -- Maps ; Pictorial maps ; Tourist maps;,North and Central America;,United States,Florida,,,,Florida,"Pictorial tourist map of Florida shows main highways and its famous features including Native Americans, agriculture, fishing, wetlands, sports, and tourist attractions. Title devised by Library staff. Includes text and illustrations. Published in: Life magazine, 1946. Print out of a scan of the original manuscript drawing held at the Library of Congress ( https://hdl.loc.gov/loc.pnp/ppmsca.89822 ).",,,,cartographic image,Still image,Maps,Color;,,W 87°38ʹ00ʺ--W 79°58ʹ00ʺ/N 31°00ʹ00ʺ--N 24°23ʹ00ʺ,American Geographical Society Library - Maps,https://wisconsin-uwm.primo.exlibrisgroup.com/permalink/01UWI_ML/13nukll/alma991014608181502124,1 map : color ; 91 x 61 cm,823 M-[1946] 2025,English,"American Geographical Society Library, University of Wisconsin-Milwaukee",University of Wisconsin-Milwaukee Libraries,The Board of Regents of the University of Wisconsin System,agsmap031380,image/tif; Image/jp2,American Geographical Society Library Digital Map Collection,,"A stylish 1946 illustration maps Florida's landmarks, ecosystems, and cultural spots — like the Everglades and Orlando.",,2025-12-16,2026-06-26,http://cdm17272.contentdm.oclc.org/cdm/ref/collection/agdm/id/37091,37091,37095.jp2,/agdm/image/37095.jp2
20260817_agdm-export_Bbox-Subset.csv,"Geologic map of the Sahl Al Maţrān Quadrangle, sheet 26C, Kingdom of Saudi Arabia / compiled by Donald G. Hadley",,"Sahl Al Maţrān, Saudi Arabia 1987",Geoscience map ; GM-86 C.,Saudi Arabia. Deputy Ministry for Mineral Resources,"Hadley, Donald G. ; Saudi Arabia. Wizārat al-Batrūl wa-al-Tharwah al-Maʻdinīyah ;",1987,"Jiddah, Saudi Arabia : Ministry of Petroleum and Mineral Resources, Deputy Ministry for Mineral Resources",Geology -- Saudi Arabia -- Maps ; Saudi Arabia -- Maps ;,Asia;,Suadi Arabia,,Sahl Al Maţrān,,,Sahl Al Maţrān,"Other title At head of title: Kingdom of Saudi Arabia Title from text: Explanatory notes to the geologic map of the Sahl Al Maţrān Quadrangle, sheet 26C, Kingdom of Saudi Arabia Notes Relief shown by spot heights. ""International index NG-37-6."" Includes structural sketch map, cross sections, diagram showing sources of geologic data, index to adjoining sheets, index map, and descriptive legend. ""A.H. 1408, A.D. 1987."" ""Without Landsat Base""--Envelope. Additional Info Includes bibliographical references.",,,,cartographic image,Still image,Maps,Color;,"1:250,000",E 37°30ʹ--E 39°00ʹ/N 27°00ʹ--N 26°00ʹ,American Geographical Society Library - Maps,https://wisconsin-uwm.primo.exlibrisgroup.com/permalink/01UWI_ML/13nukll/alma9920529273402124,"1 map : color ; 45 x 60 cm., on sheet 66 x 107 cm + text (24 pages : maps ; 28 cm.)","416.1-b G-1:250,000 GM 86 C",English,"American Geographical Society Library, University of Wisconsin-Milwaukee",University of Wisconsin-Milwaukee Libraries,The Board of Regents of the University of Wisconsin System,agsmap031382,image/tif; Image/jp2,American Geographical Society Library Digital Map Collection,,"1987 geologic map of Sahl Al Maţrān (Saudi Arabia) at 1:250,000 scale, displaying rock formations and units.",,2026-01-09,2026-06-26,http://cdm17272.contentdm.oclc.org/cdm/ref/collection/agdm/id/37285,37285,37289.jp2,/agdm/image/37289.jp2
20260817_agdm-export_Bbox-Subset.csv,Status of aerial photography / Geological Survey,Seventh edition.,United States 1954,,Geological Survey (U.S.),,1954,"Washington, D.C. : U.S. Geological Survey",Aerial photography -- United States -- Maps ; Photographic surveying -- United States -- Maps ; United States -- Surveys -- Maps ; Index maps ;,North and Central America;,United States,,,,,United States,"Other title  United States  Notes  Inset: Alaska -- Hawaii -- Canal Zone -- Puerto Rico and Virgin Islands.  Text on verso.  ""December 1954.""  ""MR 3273-M(M10).""",,,,cartographic image,Still image,Maps,Color;,"1:5,000,000",W 125⁰--W 67⁰/N 50⁰--N 24⁰,American Geographical Society Library - Maps,https://wisconsin-uwm.primo.exlibrisgroup.com/permalink/01UWI_ML/13nukll/alma9915367773402124,1 map : color ; 60 x 97 cm,800 J-1954a,English,"American Geographical Society Library, University of Wisconsin-Milwaukee",University of Wisconsin-Milwaukee Libraries,The Board of Regents of the University of Wisconsin System,agsmap031385 (a-b),image/tif; Image/jp2,American Geographical Society Library Digital Map Collection,,,,2026-01-27,2026-01-27,http://cdm17272.contentdm.oclc.org/cdm/ref/collection/agdm/id/37296,37296,37305.cpd,/agdm/image/37305.cpd
20260817_agdm-export_Bbox-Subset.csv,1960 Ghana population census maps plan of enumeration areas / drawn and photo-lithographed by Survey of Ghana,,Ghana 1961,,Survey of Ghana,"Hunter, John Michael, 1932-2005 ; Office of the 1960 Census of Ghana ;",1961,Accra : Survey of Ghana,"Ghana -- Population -- Maps ; Ghana -- Census, 1960 ; Ghana -- Maps ; Ashanti Region (Ghana) -- Maps ; Brong-Ahafo Region (Ghana) -- Maps ;  Volta Region (Ghana) -- Maps ;",Africa;,Ghana,,,,,Ghana,"Other title  Nineteen sixty Ghana population census maps.  Notes  ""Information supplied by the Geographical Section of the Office of the 1960 Census of Ghana under the direction of J.M. Hunter.""",,[1] Eastern region and Accra capital district -- [2] Ashanti region -- [3] Brong-Ahafo region -- [4] Northern region -- [5] Volta region -- [6] Western region.,,cartographic image,Still image,Maps,Color;,"1:250,000",W 3°15ʹ00ʺ--E 1°16ʹ00ʺ/N 11°10ʹ00ʺ--N 4°32ʹ00ʺ,American Geographical Society Library - Maps,https://wisconsin-uwm.primo.exlibrisgroup.com/permalink/01UWI_ML/13nukll/alma991014167261402124,6 maps on 6 sheets : color ; 48 cm,328 C-1961,English,"American Geographical Society Library, University of Wisconsin-Milwaukee",University of Wisconsin-Milwaukee Libraries,The Board of Regents of the University of Wisconsin System,agsmap031383 (001-006),image/tif; Image/jp2,American Geographical Society Library Digital Map Collection,,,,2026-01-27,2026-01-27,http://cdm17272.contentdm.oclc.org/cdm/ref/collection/agdm/id/37303,37303,37312.cpd,/agdm/image/37312.cpd
20260817_agdm-export_Bbox-Subset.csv,"Generalkarte von Dalmatien, Bosnien und der Hercegovina / bearbeitet von Gustav Freytag",,"Dalmatia, Croatia 1910?",,"Freytag, Gustav, 1852-1938",,1910,Wien : G. Freytag & Berndt,Dalmatia (Croatia) -- Maps ; Bosnia and Herzegovina -- Maps ; Balkan Peninsula -- Maps ;,Europe;,Croatia ; Bosnia and Herzegovina,,Balkan Peninsula,,,Balkan Peninsula,"Relief shown by contours, shading and spot heights. ""Loaned by the American Geographical Society to the Peace Conference at Versailles, 1918-1919.""",,,,cartographic image,Still image,Maps,Color;,"1:600,000",E 13⁰30ʹ--E 19⁰45ʹ/N 46⁰00ʹ--N 41⁰10',American Geographical Society Library - Maps,https://wisconsin-uwm.primo.exlibrisgroup.com/permalink/01UWI_ML/13nukll/alma9916382963402124,"1 map : color, mounted on cloth ; 69 x 83 cm",662.2-c .D34 A-[1910?],German,"American Geographical Society Library, University of Wisconsin-Milwaukee",University of Wisconsin-Milwaukee Libraries,The Board of Regents of the University of Wisconsin System,agsmap031387,image/tif; Image/jp2,American Geographical Society Library Digital Map Collection,,"Highlighting region borders on Dalmatia,Bosnia and Herzegovina, this 1910 political-physical relief map shows terrain.",,2026-01-27,2026-06-26,http://cdm17272.contentdm.oclc.org/cdm/ref/collection/agdm/id/37304,37304,37298.jp2,/agdm/image/37298.jp2
20260817_agdm-export_Bbox-Subset.csv,Status of aerial photography in the United States / prepared by the Federal Board of Surveys and Maps,,United States 1938,,United States. Federal Board of Surveys and Maps,Geological Survey (U.S.) ; U.S. Coast and Geodetic Survey ;,1938,"Washington, D.C.? : U.S. Federal Board of Surveys and Maps",Aerial photography -- United States -- Maps ; United States -- Aerial photographs -- Maps ; United States -- Surveys -- Maps ; Index maps ;,North and Central America;,United States,,,,,United States,"""Base compiled by U.S. Geological Survey."" ""Projection and shore line by the U.S. Coast and Geodetic Survey."" ""April 1938.""",,,,cartographic image,Still image,Maps,Color,"1:5,000,000",W 125⁰--W 67⁰/N 50⁰--N 24⁰,American Geographical Society Library - Maps,https://wisconsin-uwm.primo.exlibrisgroup.com/permalink/01UWI_ML/13nukll/alma9915361573402124,1 map : color ; 60 x 97 cm,800 J-1938,English,"American Geographical Society Library, University of Wisconsin-Milwaukee",University of Wisconsin-Milwaukee Libraries,The Board of Regents of the University of Wisconsin System,agsmap031390,image/tif; Image/jp2,American Geographical Society Library Digital Map Collection,,A 1938 U.S. map illustrates aerial photography coverage by color-coded completion stages.,,2026-01-27,2026-06-26,http://cdm17272.contentdm.oclc.org/cdm/ref/collection/agdm/id/37306,37306,37301.jp2,/agdm/image/37301.jp2
20260817_agdm-export_Bbox-Subset.csv,"[Map of Chongjin, North Korea]",,"Ch'ŏngjin, Korea 1937?",,,,1937,Place of publication not identified : publisher not identified,Ch'ŏngjin (Korea) -- Maps ; Cities and towns -- Korea (North) -- Maps ;,Asia;,North Korea,,,,Ch'ŏngjin,Ch'ŏngjin,,,,,cartographic image,Still image,Maps,Color;,,E 129°31ʹ43ʺ--E 129°52ʹ03ʺ/N 41°52ʹ03ʺ--N 41°32ʹ32ʺ),American Geographical Society Library - Maps,https://wisconsin-uwm.primo.exlibrisgroup.com/permalink/01UWI_ML/13nukll/alma991014638124302124,1 map : color ; 86 x 69 cm,469.1-d .C46 A-[1937?],Chinese,"American Geographical Society Library, University of Wisconsin-Milwaukee",University of Wisconsin-Milwaukee Libraries,The Board of Regents of the University of Wisconsin System,agsmap031397,image/tif; Image/jp2,American Geographical Society Library Digital Map Collection,,"The 1937 urban plan for Chongjin, North Korea displays proposed grid streets and zoning zones. Characters: 64.",,2026-02-03,2026-06-26,http://cdm17272.contentdm.oclc.org/cdm/ref/collection/agdm/id/37309,37309,37319.jp2,/agdm/image/37319.jp2
20260817_agdm-export_Bbox-Subset.csv,"[Map of Daejeon, South Korea]",,"Taejŏn-si, Korea  1937?",,,,1937,Place of publication not identified : publisher not identified,Taejŏn-si (Korea) -- Maps ; Cities and towns -- Korea (South) -- Maps ;,Asia;,South Korea,,,,Taejŏn-si,Taejŏn-si,"Relief shown by contours. In Chinese. Title provided by cataloger. Date taken from property stamp on verso: ""Army Map Service Library.""",,,,cartographic image,Still image,Maps,Color;,,"E 127°22ʹ13ʺ--E 127°27ʹ16ʺ/N 36°21ʹ01ʺ--N 36°18ʹ16""",American Geographical Society Library - Maps,https://wisconsin-uwm.primo.exlibrisgroup.com/permalink/01UWI_ML/13nukll/alma991014638124202124,1 map : color ; 63 x 85 cm,469.5-d .T345 A-[1937?],Chinese,"American Geographical Society Library, University of Wisconsin-Milwaukee",University of Wisconsin-Milwaukee Libraries,The Board of Regents of the University of Wisconsin System,agsmap031398,image/tif; Image/jp2,American Geographical Society Library Digital Map Collection,,"A 1937 Daejeon, South Korea land use map shows neighborhoods and streets with red and blue gridlines.",,2026-02-03,2026-06-26,http://cdm17272.contentdm.oclc.org/cdm/ref/collection/agdm/id/37311,37311,37314.jp2,/agdm/image/37314.jp2
20260817_agdm-export_Bbox-Subset.csv,"[Map of Xinzhuang District, Taiwan]",,"Hsin-chuang chen, Taiwan 1937?",,,,1937,Place of publication not identified : publisher not identified,Hsin-chuang chen (Taiwan) -- Maps ;,Asia;,Taiwan,,,,Hsin-chuang chen,Hsin-chuang chen,"Relief shown by contours, hachures and spot heights. In Chinese. Title provided by cataloger. Date taken from property stamp on verso: ""Army Map Service Library.""",,,,cartographic image,Still image,Maps,Color;,,E 121°23ʹ26ʺ--E 121°28ʹ07ʺ/N 25°04ʹ07ʺ--N 24°59ʹ42ʺ,American Geographical Society Library - Maps,https://wisconsin-uwm.primo.exlibrisgroup.com/permalink/01UWI_ML/13nukll/alma991014638124402124,1 map : color ; 65 x 71 cm,468-c .H74 A-[1937?],Chinese,"American Geographical Society Library, University of Wisconsin-Milwaukee",University of Wisconsin-Milwaukee Libraries,The Board of Regents of the University of Wisconsin System,agsmap031396,image/tif; Image/jp2,American Geographical Society Library Digital Map Collection,,"A 1937 Taiwan map displays Xinzhuang District's boundaries, rivers, and village names.",,2026-02-03,2026-06-26,http://cdm17272.contentdm.oclc.org/cdm/ref/collection/agdm/id/37312,37312,37317.jp2,/agdm/image/37317.jp2
20260817_agdm-export_Bbox-Subset.csv,"[Map of Songjin, Korea]",,"Kimch'aek, Korea 1937?",,,,1937,Place of publication not identified : publisher not identified,Kimch'aek (Korea) -- Maps;,Asia;,North Korea,,,,Kimch'aek,Kimch'aek,"Relief shown by contours and spot heights. In Chinese. Title provided by cataloger. Date derived from information included in property stamp on verso: ""Army Map Service Library ... captured map.""",,,,cartographic image,Still image,Maps,Color;,,E 129°09ʹ34ʺ--E 129°14ʹ49ʺ/N 40°43ʹ08ʺ--N 40°39ʹ12ʺ,American Geographical Society Library - Maps,https://wisconsin-uwm.primo.exlibrisgroup.com/permalink/01UWI_ML/13nukll/alma991014638124502124,1 map : color ; 89 x 76 cm,469.1-d .K55 A-[1937?],Chinese,"American Geographical Society Library, University of Wisconsin-Milwaukee",University of Wisconsin-Milwaukee Libraries,The Board of Regents of the University of Wisconsin System,agsmap031395,image/tif; Image/jp2,American Geographical Society Library Digital Map Collection,,"Historic Songjin, Korea map from 1937 displays land-use zones and basic infrastructure.",,2026-02-03,2026-06-26,http://cdm17272.contentdm.oclc.org/cdm/ref/collection/agdm/id/37313,37313,37318.jp2,/agdm/image/37318.jp2
20260817_agdm-export_Bbox-Subset.csv,"[Map of Kwangju-si, South Korea]",,"Kwangju-si, South Korea 1937?",,,,1937,Place of publication not identified : publisher not identified,"Kwangju-si (Chŏlla-namdo, Korea) -- Maps ; Cities and towns -- Korea (South) -- Maps ;",Asia;,South Korea,Chŏlla-namdo,,,Kwangju-si,Kwangju-si,"Relief shown by contours. In Chinese. Title provided by cataloger. Date taken from property stamp on verso: ""Army Map Service Library.""",,,,cartographic image,Still image,Maps,Color;,,E 127°16ʹ51ʺ--E 127°17ʹ28ʺ/N 37°25ʹ24ʺ--N 37°24ʹ49ʺ,American Geographical Society Library - Maps,https://wisconsin-uwm.primo.exlibrisgroup.com/permalink/01UWI_ML/13nukll/alma991014638124002124,1 map : color ; 73 x 86 cm,469.5-d .K82 A-[1937?],Chinese,"American Geographical Society Library, University of Wisconsin-Milwaukee",University of Wisconsin-Milwaukee Libraries,The Board of Regents of the University of Wisconsin System,agsmap031391,image/tif; Image/jp2,American Geographical Society Library Digital Map Collection,,A 1937 topographic and street map of Kwangju-si shows railroads and roads.,,2026-02-03,2026-06-26,http://cdm17272.contentdm.oclc.org/cdm/ref/collection/agdm/id/37314,37314,37316.jp2,/agdm/image/37316.jp2
20260817_agdm-export_Bbox-Subset.csv,"[Map of Kangnŭng-si, South Korea]",,"Kangnŭng-si, Korea 1937?",,,,1937,Place of publication not identified : publisher not identified,Kangnŭng-si (Korea) -- Maps ; Cities and towns -- Korea (South) -- Maps ;,Asia;,South Korea,,,,Kangnŭng-si,Kangnŭng-si,"Relief shown by contours. In Chinese. Title provided by cataloger. Date taken from property stamp on verso: ""Army Map Service Library.""",,,,cartographic image,Still image,Maps,Color;,,E 128°52ʹ54ʺ--E 128°55ʹ54ʺ/N 37°46ʹ26ʺ--N 37°44ʹ44ʺ,American Geographical Society Library - Maps,https://wisconsin-uwm.primo.exlibrisgroup.com/permalink/01UWI_ML/13nukll/alma991014638124102124,1 map : color ; 47 x 47 cm,469.5-d .K365 A-[1937?],Chinese,"American Geographical Society Library, University of Wisconsin-Milwaukee",University of Wisconsin-Milwaukee Libraries,The Board of Regents of the University of Wisconsin System,agsmap031394,image/tif; Image/jp2,American Geographical Society Library Digital Map Collection,,"A 1937 Kangneung, South Korea, map displays proposed and existing streets along rivers and mountains.",,2026-02-03,2026-06-26,http://cdm17272.contentdm.oclc.org/cdm/ref/collection/agdm/id/37315,37315,37315.jp2,/agdm/image/37315.jp2
20260817_agdm-export_Bbox-Subset.csv,Areas protegidas e regiões fitoecológicas / IBGÉ,,Brazil 2025,,,Instituto Brasileiro de Geografia e Estatística,2025,IBGÉ,Brazil -- Maps;,South America;,Brazil,,,,,Brazil,Projeção policônica.,,,,cartographic image,Still image,Maps,Color;,"1:10,000,000",W 73°58ʹ00ʺ--W 28°37ʹ00ʺ/N 5°16ʹ00ʺ--S 33°52ʹ00ʺ,American Geographical Society Library - Maps,,https://www.ibge.gov.br/geociencias/cartas-e-mapas/mapas-regionais/44874-areas-protegidas-na-amazonia-legal.html,Vegetacao_Layout_A3_paisagem_Amazonia_legal,Portuguese,"American Geographical Society Library, University of Wisconsin-Milwaukee",University of Wisconsin-Milwaukee Libraries,The Board of Regents of the University of Wisconsin System,Vegetacao_Layout_A3_paisagem_Amazonia_legal,image/tif; Image/jp2,American Geographical Society Library Digital Map Collection,,"A map compares Brazil's northern protected areas, indigenous settlements, and river systems within phytogeographical regions.",,2026-02-05,2026-06-26,http://cdm17272.contentdm.oclc.org/cdm/ref/collection/agdm/id/37323,37323,37328.pdf,/agdm/image/37328.pdf
20260817_agdm-export_Bbox-Subset.csv,Mapa fisico do Brasil 2017,,Brazil 2017,,,Instituto Brasileiro de Geografia e Estatística,2017,IBGÉ,Brazil -- Maps;,South America;,Brazil,,,,,Brazil,Projeção policônica. Includes 4 inset maps.,,,,cartographic image,Still image,Maps,Color;,"1:10,000,000",W 73°58ʹ00ʺ--W 28°37ʹ00ʺ/N 5°16ʹ00ʺ--S 33°52ʹ00ʺ,American Geographical Society Library - Maps,,https://www.ibge.gov.br/geociencias/cartas-e-mapas/mapas-regionais.html,brasil_fisico2500k_2017,Portuguese,"American Geographical Society Library, University of Wisconsin-Milwaukee",University of Wisconsin-Milwaukee Libraries,The Board of Regents of the University of Wisconsin System,brasil_fisico2500k_2017,image/tif; Image/jp2,American Geographical Society Library Digital Map Collection,,A 2017 relief map depicts Brazil's terrain from coastal areas rising toward the Amazon basin.,,2026-02-05,2026-06-26,http://cdm17272.contentdm.oclc.org/cdm/ref/collection/agdm/id/37324,37324,37331.pdf,/agdm/image/37331.pdf
20260817_agdm-export_Bbox-Subset.csv,Mapa Fisico do Brasil 2018,,Brazil 2018,,,Instituto Brasileiro de Geografia e Estatística,2018,IBGÉ,Brazil -- Maps;,South America;,Brazil,,,,,Brazil,Projeção policônica. Includes 4 inset maps.,,,,cartographic image,Still image,Maps,Color;,"1:5,000,000",W 73°58ʹ00ʺ--W 28°37ʹ00ʺ/N 5°16ʹ00ʺ--S 33°52ʹ00ʺ,American Geographical Society Library - Maps,,https://www.ibge.gov.br/geociencias/cartas-e-mapas/mapas-regionais.html,brasil_fisico5000k_2018,Portuguese,"American Geographical Society Library, University of Wisconsin-Milwaukee",University of Wisconsin-Milwaukee Libraries,The Board of Regents of the University of Wisconsin System,brasil_fisico5000k_2018,image/tif; Image/jp2,American Geographical Society Library Digital Map Collection,,Brazil's 2018 geological and elevation map uses a 1:5 million scale.,,2026-02-05,2026-06-26,http://cdm17272.contentdm.oclc.org/cdm/ref/collection/agdm/id/37325,37325,37329.pdf,/agdm/image/37329.pdf
20260817_agdm-export_Bbox-Subset.csv,Republica Federativa do Brazil,,Brazil 2022,,,Instituto Brasileiro de Geografia e Estatística,2022,IBGÉ,Brazil -- Maps;,South America;,Brazil,,,,,Brazil,Projeção policônica. Includes 8 inset maps and table.,,,,cartographic image,Still image,Maps,Color;,"1:2,500,000",W 73°58ʹ00ʺ--W 28°37ʹ00ʺ/N 5°16ʹ00ʺ--S 33°52ʹ00ʺ,American Geographical Society Library - Maps,https://www.ibge.gov.br/geociencias/cartas-e-mapas/mapas-regionais.html,,,Portuguese,"American Geographical Society Library, University of Wisconsin-Milwaukee",University of Wisconsin-Milwaukee Libraries,The Board of Regents of the University of Wisconsin System,,image/tif; Image/jp2,American Geographical Society Library Digital Map Collection,,A 2022 political map of Brazil's 27 colorful states and borders.,,2026-02-05,2026-06-26,http://cdm17272.contentdm.oclc.org/cdm/ref/collection/agdm/id/37326,37326,37330.pdf,/agdm/image/37330.pdf
20260817_agdm-export_Bbox-Subset.csv,Areas protegidas na Amazonia Legal,,Brazil 2022,,,Instituto Brasileiro de Geografia e Estatística,2022,IBGÉ,Brazil -- Maps;,South America;,Brazil,,,,,Brazil,Projeção policônica.,,,,cartographic image,Still image,Maps,Color;,"1:10,000,000",W 73°58ʹ00ʺ--W 28°37ʹ00ʺ/N 5°16ʹ00ʺ--S 33°52ʹ00ʺ,American Geographical Society Library - Maps,Mapa_Areas_Protegidas_AL,https://www.ibge.gov.br/geociencias/cartas-e-mapas/mapas-regionais.html,,Portuguese,"American Geographical Society Library, University of Wisconsin-Milwaukee",University of Wisconsin-Milwaukee Libraries,The Board of Regents of the University of Wisconsin System,Mapa_Areas_Protegidas_AL,image/tif; Image/jp2,American Geographical Society Library Digital Map Collection,,"A legal Amazon protected areas map marks Brazil's conservation zones, rivers, and borders with nearby countries.",,2026-02-05,2026-06-26,http://cdm17272.contentdm.oclc.org/cdm/ref/collection/agdm/id/37327,37327,37327.pdf,/agdm/image/37327.pdf
20260817_agdm-export_Bbox-Subset.csv,Partie orientale de la republique de venise,,"Venice, Italy 1700",,"Mortier, Pierre, publisher","Sanson, Nicolas, 1600-1667, associated name",1700,"A Amsterdam : Chez Pierre Mortier, & compagnie Avec Privileg",Venice (Municipalità provvisoria : 1797) -- Maps -- Early works to 1800 ; Veneto (Italy) -- Maps -- Early works to 1800 ;,Europe;,Italy,,,,Venice,Venice,"Publication details from Maps K. Top.78.23.1. Date of publication from Koeman. Previous British Library cataloguing attributed ""1700?"" Relief shown pictorially. Shows title above map. Shows scale bars at upper right. Shows key at lower left. Published in the ""Atlas nouveau, contenant toutes les parties du Monde""--Koeman. Previously catalogued with an additional sheet - now catalogued separately as Maps K. Top. 78.23.1. Titled ""L'Etat de la Republique de Venise, par Sanson; chez Mortier. Deux feuilles"" in the Catalogue of Maps, Prints, Drawings, etc., forming the geographical and topographical collection attached to the Library of his late Majesty King George the third, etc., London, 1829.",,,,cartographic image,Still image,Maps,Color;,"1:710,000",E 10°18ʹ00ʺ--E 13°28ʹ00ʺ/N 46°40ʹ00ʺ--N 43°54ʹ00ʺ,American Geographical Society Library - Maps,https://wisconsin-uwm.primo.exlibrisgroup.com/permalink/01UWI_ML/13nukll/alma991014663855402124,1 map : copperplate engraving ; 53 x 43 cm,655-c .V46 A-[1700?]a,French,"American Geographical Society Library, University of Wisconsin-Milwaukee",University of Wisconsin-Milwaukee Libraries,The Board of Regents of the University of Wisconsin System,agsmap031406,image/tif; Image/jp2,American Geographical Society Library Digital Map Collection,,"A 1700 map titled Partie orientale de la republique de Venise illustrates Venetian territories, including Istria, Dalmatia.",,2026-02-16,2026-06-26,http://cdm17272.contentdm.oclc.org/cdm/ref/collection/agdm/id/37328,37328,37335.jp2,/agdm/image/37335.jp2
20260817_agdm-export_Bbox-Subset.csv,"La Veneta Laguna antica e moderna novamente delineata e distinta nelle sue Isole, Valle e Canali quali si trovano al presente, unitamente al confronto della stessa Laguna, qual era ne'tempi della Fondazione di Venezia e col paragone dell'antiche con le moderne denominazioni. : a SUA ECCELLENZA IL N.H. GIAN PIETRO GRIMANI Consiglier Intimo attiale di stato si S.M.I.R.A. Presidente del Supremo Tribunale di Santia e zelantissimo Protettore delle Belle-Art / Teodoro Viero Incisore e Negoziante di Stampe in Veneziana, oer segno di grato animo unilemente D.D. e Consacra li 10 Settembre 1799",,"Venice, Italy 1799",,"Viero, Teodoro, 1740-approximately 1819, cartographer","Sandi, Antonio, 1733-1817, printmaker ; Grandis, Alvise, cartographer ;",1799,Venice? : Appo. Teodoro Viero,"Venice, Lagoon of (Italy) -- Maps -- Early works to 1800",Europe;,Italy,,,,,Italy,"Related titles Other editions available: [Veneta Laguna antica e moderna novamente delineata e distinta nelle sue Isole, Valle e Canali quali si trovano al presente, unitamente al confronto della stessa Laguna, qual era ne'tempi della Fondazione di Venezia e col paragone dell'antiche con le moderne denominazioni. A Grandis ... Ingegnere del]. [Venice?]: T. Viero, 1820 Notes Relief shown by shading and by hachures. Shows title and imprints beneath map. Shows ""Ant. Sandi sculp. Appo. Teodoro Viero 1799"" at lower right. Shows ""Alvise Grandis Pub Ingegniere del"" at lower left. Includes inset with a map of the lagoon as it used to appear at lower centre; ""Antica Laguna di Venezia"". Flanked by a numbered key. Separately published. Titled ""La Veneta Laguna antica e moderna novamente delineata e distinta nelle sue Isole, Valle e Canali quali si trovano al presente, unitamente al confronto della stessa Laguna, qual era ne'tempi della Fondazione di Venezia e col paragone dell'antiche con le moderne denominazioni: da Alvise Grandis, apresso Teodoro Viero, 1799"" in the Catalogue of Maps, Prints, Drawings, etc., forming the geographical and topographical collection attached to the Library of his late Majesty King George the third, etc., London, 1829.",,,,cartographic image,Still image,Maps,Color;,"1:92,000",E 12°07ʹ39ʺ--E 12°39ʹ20ʺ/N 45°34ʹ40ʺ--N 45°08ʹ46ʺ,American Geographical Society Library - Maps,https://wisconsin-uwm.primo.exlibrisgroup.com/permalink/01UWI_ML/13nukll/alma991014663855502124,1 map : copperplate engraving ; 42 x 61,655-d .V46 A-1799,Italian,"American Geographical Society Library, University of Wisconsin-Milwaukee",University of Wisconsin-Milwaukee Libraries,The Board of Regents of the University of Wisconsin System,agsmap031404,image/tif; Image/jp2,American Geographical Society Library Digital Map Collection,,"Grimani's 1799 map traces Venice's lagoon, marking ancient and modern canals with historical island distinctions.",,2026-02-16,2026-06-26,http://cdm17272.contentdm.oclc.org/cdm/ref/collection/agdm/id/37330,37330,37332.jp2,/agdm/image/37332.jp2
20260817_agdm-export_Bbox-Subset.csv,Umbrie ou duché de Spolete / chez P. Mortier,,"Umbria, Italy 1720",,Cóvens et Mortier,"Blaeu, Joan, 1596-1673 ; Blaeu, Cornelis, 1610-1648 ; Barberini, Francesco, 1597-1679 ;",1720,Se vend a Amsterdam : chez Cóvens et Mortier,Umbria (Italy) -- Maps -- Early works to 1800 ; Spoleto (Italy) -- Maps -- Early works to 1800 ;,Europe;,Italy,Umbria,,,,Umbria,"Relief shown pictorially. Includes illustrations. Dedication cartouche in the lower right: ""All eminentmo. et reverendmo. principe Francesco Cartinale Barberino vicecancellario e nipote della S.S. Vrbano VIII. Giovanni et Cornelio Blaeu."" Title cartouche in the upper right, scale cartouche in the lower left. Print shows plate wear in lower right and left.",,,,cartographic image,Still image,Maps,Color;,,E 11°53ʹ00ʺ--E 13°15ʹ00ʺ/N 43°37ʹ00ʺ--N 42°21ʹ00ʺ,American Geographical Society Library - Maps,https://wisconsin-uwm.primo.exlibrisgroup.com/permalink/01UWI_ML/13nukll/alma991014663855802124,"1 map : colored ; 38 x 50 cm, on sheet 53 x 63 cm",655-c .U42 A-[1720?],French,"American Geographical Society Library, University of Wisconsin-Milwaukee",University of Wisconsin-Milwaukee Libraries,The Board of Regents of the University of Wisconsin System,agsmap031401,image/tif; Image/jp2,American Geographical Society Library Digital Map Collection,,"A 1720 Covens and Mortier map shows Umbria and the Duchy of Spoleto, highlighting land divisions and cities.",,2026-02-16,2026-06-26,http://cdm17272.contentdm.oclc.org/cdm/ref/collection/agdm/id/37332,37332,37334.jp2,/agdm/image/37334.jp2
20260817_agdm-export_Bbox-Subset.csv,"Carte nouvelle du territoire de Verone : Levée par ordre Exprès a l'usage des armeés en Italie, où sont Exactement Marqués les GRANDS CHEMINS, les ROUTES des IMPERIAUX &c. / par le Sr. Sanson, Geograp. du Roy à Amsterdam chez Pieree Mortier Avec Privilege.",,"Verona, Italy 1701",,"Mortier, Pierre, cartographer, publisher",,1701,"Amsterdam : par le Sr. Sanson, Geograp. du Roy à Amsterdam chez Pieree Mortier","Spanish Succession, War of, 1701-1714 -- Maps -- Early works to 1800 ; Verona (Italy : Province) -- Maps -- Early works to 1800 ; Venice (Municipalità provvisoria : 1797) -- Maps -- Early works to 1800 ;",Europe;,Italy,,,,,Italy,"Date of publication from Battle of Carpi (1701) during the War of the Spanish Succession shown on the map. Also, Tooley's Dictionary of Mapmakers K-P - Mortier re-issued Sanson's ""Atlas Nouveau"" between 1696 and 1708. Previous British Library cataloguing attributed a date of ""1700?"" Relief shown pictorially. Shows title above map. Shows key and scale bar at lower left. Shows plate number ""18"" at lower right. Compare Maps * 23205.(2.). Titled ""Carte nouvelle du Territore de Verone, par Sanson; chez Mortier"" in the Catalogue of Maps, Prints, Drawings, etc., forming the geographical and topographical collection attached to the Library of his late Majesty King George the third, etc., London, 1829.",,,,cartographic image,Still image,Maps,Color;,"1:180,000",E 10°29ʹ40ʺ--E 11°27ʹ00ʺ/N 45°53ʹ24ʺ--N 45°08ʹ01ʺ,American Geographical Society Library - Maps,https://wisconsin-uwm.primo.exlibrisgroup.com/permalink/01UWI_ML/13nukll/alma991014663854902124,1 map : copperplate engraving ; 46 x 54 cm,655-c .V47 A-[1701],French,"American Geographical Society Library, University of Wisconsin-Milwaukee",University of Wisconsin-Milwaukee Libraries,The Board of Regents of the University of Wisconsin System,agsmap031411,image/tif; Image/jp2,American Geographical Society Library Digital Map Collection,,A 1701 historical map depicts Verona's territorial divisions and military routes from the War of Spanish Succession.,,2026-02-16,2026-06-26,http://cdm17272.contentdm.oclc.org/cdm/ref/collection/agdm/id/37333,37333,37339.jp2,/agdm/image/37339.jp2
20260817_agdm-export_Bbox-Subset.csv,"Carte nouvelle du territoire de Vicenza : ou sont marquées toutes les Vallees, Cols, Passages et Mines d'Argent, Qui sont dans les Montagnes qui separent ce Pays de L'Eveché de Trente, Levée par ordre Exprès à l'usage des Armées en Italie, ou sont Exactement Marqués les grands chemins, les routes des imperiaux &c. / par le Sr. Sanson, Geograp. du Roy ; à Amsterdam Chez P. Mortier.",,"Vicenza, Italy 1721",,"Cóvens et Mortier, cartographer, publisher","Cóvens, Jean, publisher ; Mortier, Corneille, publisher ; Sanson, Nicolas, 1600-1667, cartographer ;",1721,"Amsterdam : Par Sr. Sanson, Geograp. du Roy à Amsterdam Chez P. Mortier","Spanish Succession, War of, 1701-1714 -- Maps -- Early works to 1800 ; Military art and science -- Italy -- Vicenza (Province) -- Maps -- Early works to 1800 ; Vicenza (Italy : Province) -- Maps -- Early works to 1800 ;",Europe;,Italy,Vicenza,,,,Vicenza,"Related titles Related to : Carte Nouvelle du Territoire de Vicenza ... par Sanson. Amsterdam: P. Mortier, [1720?] Notes Date of publication from Tooley's Dictionary of Mapmakers A-D - the Covens and Mortier firm was in existence from 1721. Relief shown pictorially. Shows title above map. Shows scale bar and key at lower left. Shows the route of French and Imperial troops during the War of the Spanish Succession. Titled ""Carte nouvelle du Territoire de Vicenza, par Sanson; chez Covens et Mortier"" in the Catalogue of Maps, Prints, Drawings, etc., forming the geographical and topographical collection attached to the Library of his late Majesty King George the third, etc., London, 1829.",,,,cartographic image,Still image,Maps,Color;,"1:180,000",E 10°53ʹ00ʺ--E 11°57ʹ00ʺ/N 46°06ʹ00ʺ--N 45°13ʹ00ʺ,American Geographical Society Library - Maps,https://wisconsin-uwm.primo.exlibrisgroup.com/permalink/01UWI_ML/13nukll/alma991014663854802124,"1 map : copperplate engraving, hand colour ; 45 x 55 cm",655-c .V52 A-[1721?],French,"American Geographical Society Library, University of Wisconsin-Milwaukee",University of Wisconsin-Milwaukee Libraries,The Board of Regents of the University of Wisconsin System,agsmap031412,image/tif; Image/jp2,American Geographical Society Library Digital Map Collection,,"A 1721 military map of Vicenza during the Spanish Succession war highlights valleys, mountain passes, silver mines, and key.",,2026-02-16,2026-06-26,http://cdm17272.contentdm.oclc.org/cdm/ref/collection/agdm/id/37334,37334,37343.jp2,/agdm/image/37343.jp2
20260817_agdm-export_Bbox-Subset.csv,"Regionum Italiæ mediarum tabula geographica : pernoscendis historiæ Romanæ primordiis præsertium utilis, sed et cui multa sequioris ævi addita / autore G. DeIisle, Scientarum Academiâ Socio ; chez Dezauche successeur des Srs. Del'Isle et Buache ; Derosier sculp.",,"Rome, Italy 1745",,"Dezauche, Jean-Claude, 1754?-1824","L'Isle, Guillaume de, 1675-1726 ; Buache, Philippe, 1700-1773 ;",1745,Parisiis : Dezauche,"Italy, Central -- Historical geography -- Maps -- Early works to 1800 ; Rome (Italy) -- Historical geography -- Maps -- Early works to 1800 ;",Europe;,Italy,,,,Rome,Rome,"Relief shown pictorially. Includes inset map: Urbs Septicollis. Shows aqueducts, forests, marshland, etc. ""Ph. Buache P.G. d. R. d l'a Rd. s. Gendre de l'Auteur avec privilege"" -- lower right.",,,,cartographic image,Still image,Maps,Color;,"1:560,000",E 10°53ʹ--E 15°01ʹ/N 42°50ʹ--N 40°37ʹ,American Geographical Society Library - Maps,https://wisconsin-uwm.primo.exlibrisgroup.com/permalink/01UWI_ML/13nukll/alma991014663854702124,1 map : hand color ; 46 x 63 cm,655-c .C4 A-[1745],Latin,"American Geographical Society Library, University of Wisconsin-Milwaukee",University of Wisconsin-Milwaukee Libraries,The Board of Regents of the University of Wisconsin System,agsmap031413,image/tif; Image/jp2,American Geographical Society Library Digital Map Collection,,"A 1745 map shows central Italy's regions, Roman Empire sites, farmland, rivers, and Rome to scale.",,2026-02-16,2026-06-26,http://cdm17272.contentdm.oclc.org/cdm/ref/collection/agdm/id/37335,37335,37344.jp2,/agdm/image/37344.jp2
20260817_agdm-export_Bbox-Subset.csv,"Respublica Veneta, ducatus Mutinae, Parmae et Mirandulae : divisa in Ducatum Venetum, et ei subjectas ditiones Forum Julii, Vicentii, Patavii, Tervisium, Rhodiginae, Veronae, Bresciae, Cremae et Bergami, cum adjacentibus regionibus / curantibus Gerardo et Leonardo Valk",,"Italy, northern 1690",,"Valck, G. (Gerard), 1651-1726","Valck, Leonard, 1675-1746",1690,Amsterdam : Gerardo et Leonardo Valk,"Italy, Northern -- Maps -- Early works to 1800 ; Italy, Northern -- Administrative and political divisions -- Maps -- Early works to 1800 ; Istria (Croatia and Slovenia) -- Maps -- Early works to 1800 ;",Europe;,Italy,,,,,Italy,,,,,cartographic image,Still image,Maps,Color;,"1:690,000",E 9°28ʹ59ʺ--E 14°17ʹ25ʺ/N 47°02ʹ28ʺ--N 43°42ʹ23ʺ,American Geographical Society Library - Maps,https://wisconsin-uwm.primo.exlibrisgroup.com/permalink/01UWI_ML/13nukll/alma991014663855202124,1 map : hand colored ; 47 x 59 cm,655-c .N6 A-[1690?],Latin,"American Geographical Society Library, University of Wisconsin-Milwaukee",University of Wisconsin-Milwaukee Libraries,The Board of Regents of the University of Wisconsin System,agsmap031408,image/tif; Image/jp2,American Geographical Society Library Digital Map Collection,,"A 17th-century map depicts Venice's Republic, bordering duchies, and nearby Italian territories.",,2026-02-16,2026-06-26,http://cdm17272.contentdm.oclc.org/cdm/ref/collection/agdm/id/37338,37338,37338.jp2,/agdm/image/37338.jp2
20260817_agdm-export_Bbox-Subset.csv,"Les provinces du Veronese, du Vicentin, du Padouan, de Polesine de Rovigo et du dogado ou duché a la République de Venise, les duchés de Mantoue, de la Mirandole, &c. dedié au Roy Par... A.H. Jaillot.",,"Veneto, Italy 1705",,"Jaillot, Alexis Hubert, 1632?-1712, cartographer",,1705,"A Paris : Chez l'Auteur le Sr. Jaillot, Geographe du Roy, joignant les grands Augustins, aux 2. Globes","Veneto (Italy) -- Maps -- Early works to 1800 ; Italy, Northern -- Maps -- Early works to 1800 ;",Europe;,Italy,Veneto,,,,Veneto,"Relief shown pictorially. Includes decorative cartouches; title cartouche top right, scale cartouche bottom right. Additional Info Avec Privilege du Roy.",,,,cartographic image,Still image,Maps,Color;,"1:260,000",E 10°22ʹ00ʺ--E 12°38ʹ00ʺ/N 45°54ʹ00ʺ--N 44°47ʹ00ʺ,American Geographical Society Library - Maps,https://wisconsin-uwm.primo.exlibrisgroup.com/permalink/01UWI_ML/13nukll/alma991014663855002124,1 map : hand colored ; 47 x 72 cm,655-c .V44 A-1705,French,"American Geographical Society Library, University of Wisconsin-Milwaukee",University of Wisconsin-Milwaukee Libraries,The Board of Regents of the University of Wisconsin System,agsmap031410,image/tif; Image/jp2,American Geographical Society Library Digital Map Collection,,"Alexis Hubert Jaillot's 18th-century map displays Venetian provinces like Vicenza, Verona, Padua, and Mantua (1705).",,2026-02-16,2026-06-26,http://cdm17272.contentdm.oclc.org/cdm/ref/collection/agdm/id/37340,37340,37337.jp2,/agdm/image/37337.jp2
20260817_agdm-export_Bbox-Subset.csv,Spet︠s︡ialʹnai︠a︡ karta Evropeĭskoĭ chasti SSSR.  Vernacular Title  Специальная карта Европейской части СССР.,,"Russia, western 1917",,Soviet Union. Raboche-Krestʹi︠a︡nskai︠a︡ Krasnai︠a︡ Armii︠a︡. Generalʹnyĭ shtab. Voenno-topograficheskoe upravlenie. V. kartograf. otdel ;,Russia. Generalʹnyĭ shtab. Voenno-topograficheskīĭ otdi︠e︡l ; Russia. Armii︠a︡. Korpus voennykh topografov ;,1917,Moscow : Izdanie Voenno-kartograf. otdela Voenno-topograf. upravlenii︠a︡,"Former Soviet republics -- Maps ; Russia, Western -- Maps ;",Asia; Europe;,Russia,,,,,Russia,"Stamped on each map: ""Loaned by the American Geographical Society, Broadway at 156th St., New York, to the Peace Conference at Versailles, 1918-1919.""... Relief shown by hachures and spot heights.  Sheets issued <1917-1919> published by the Voen. top. otdi︠e︡l, Generalʹn. shtab; <1920-1922> published by the Korpus voennykh topografov; <1926> published by the Voenno-kartograf. otdel, Voenno-topograf. upravlenie.  Special map of the European part of the USSR.",,,,cartographic image,Still image,Maps,Color;,"1:420,000",E 11°36ʹ00ʺ--E 59°25ʹ00ʺ/N 70°04ʹ00ʺ--N 36°23ʹ00ʺ,American Geographical Society Library - Maps,https://wisconsin-uwm.primo.exlibrisgroup.com/permalink/01UWI_ML/13nukll/alma991012613640402124,maps : some color ; 49 x 64 cm,"671-b A-1:420,000",Russian,"American Geographical Society Library, University of Wisconsin-Milwaukee",University of Wisconsin-Milwaukee Libraries,The Board of Regents of the University of Wisconsin System,"agsmap031328 (index, 001-025)",image/tif; Image/jp2,American Geographical Society Library Digital Map Collection,,,,2026-02-20,2026-02-20,http://cdm17272.contentdm.oclc.org/cdm/ref/collection/agdm/id/37371,37371,37378.cpd,/agdm/image/37378.cpd
20260817_agdm-export_Bbox-Subset.csv,"Brazil, an economic sketch / prepared by the Brazilian Government Trade Bureau of New York ; Hario F. Fenreira.",,Brazil 1950,,"Brazil. Escritorio de Propaganda e Expansão Comercial do Brasil no Estrangeiro, New York",,1950,ew York? : Brazilian Government Trade Bureau of New York,Brazil -- Economic conditions -- Maps ; Industries -- Brazil -- Maps ; Raw materials -- Brazil -- Maps ; Thematic maps ; Pictorial maps;,South America;,Brazil,,,,,Brazil,"Commodities and industries shown pictorially. Includes statistical tables, graphs, text, and illustrations. Inset maps: Airways -- Railroads -- Highways -- Rivers -- Climate. Name printed in stylized font in lower right: Mario F. Fenreira or Hario F. Fenreira.",,,,cartographic image,Still image,Maps,Color;,,W 73°58ʹ--W 28°38ʹ/N 5°17ʹ--S 33°52ʹ,American Geographical Society Library - Maps,https://wisconsin-uwm.primo.exlibrisgroup.com/permalink/01UWI_ML/13nukll/alma991014667651402124,1 map : color ; on sheet 87 x 56 cm,253 E-[1950?],English,"American Geographical Society Library, University of Wisconsin-Milwaukee",University of Wisconsin-Milwaukee Libraries,The Board of Regents of the University of Wisconsin System,agsmap031463,image/tif; Image/jp2,American Geographical Society Library Digital Map Collection,,"A 1950 illustrated vintage map of Brazil displays its economic sectors, industries, and key exports.",,2026-02-20,2026-06-26,http://cdm17272.contentdm.oclc.org/cdm/ref/collection/agdm/id/37391,37391,37380.jp2,/agdm/image/37380.jp2
20260817_agdm-export_Bbox-Subset.csv,"Mappa demonstrativo das possibilidades geologicas de petroleo no Brasil / Ministério da Agricultura, Departamento Nacional da Producção Mineral, Serviço de Fomento da Producção Mineral ; por Avelino Ignacio de Oliveira, Diector do S. F. P. M.",,Brazil 1938,,"Oliveira, Avelino Ignacio de (1891-1970). Cartographie",,1938,Rio de Janeiro : Servico de Fomento da Producção Mineral,Geology -- Brazil -- Maps,South America;,Brazil,,,,,Brazil,"Shows administrative, topographic and geological data including oil producing wells and oil exploration locations. In Portuguese.",,,,cartographic image,Still image,Maps,Color;,"1:7,000,000",W 78°--W 30°/N 4°--S 32°,American Geographical Society Library - Maps,https://wisconsin-uwm.primo.exlibrisgroup.com/permalink/01UWI_ML/13nukll/alma991014667651802124,1 map : color ; 73 x 70 cm,253 G-1938,Portuguese,"American Geographical Society Library, University of Wisconsin-Milwaukee",University of Wisconsin-Milwaukee Libraries,The Board of Regents of the University of Wisconsin System,agsmap031458,image/tif; Image/jp2,American Geographical Society Library Digital Map Collection,,"A 1938 Brazilian geology map highlights potential oil zones by probability, with state borders outlined.",,2026-02-20,2026-06-26,http://cdm17272.contentdm.oclc.org/cdm/ref/collection/agdm/id/37393,37393,37382.jp2,/agdm/image/37382.jp2
20260817_agdm-export_Bbox-Subset.csv,Provisional ecological map of the Republic of Brazil / by Joseph A. Tosi,,Brazil 1983,,"Tosi, Joseph A.","Vélez Rodríguez, Linda L. ; Holdridge, L. R. (Leslie Rensselaer), 1907- ; Institute of Tropical Forestry (Río Piedras, San Juan, P.R.) ;",1983,"San José, Costa Rica : Tropical Science Center,",Ecology -- Brazil -- Maps ; Forests and forestry -- Brazil -- Maps ;,South America,Brazil,,,,,Brazil,"Cooperative credit: Institute of Tropical Forestry, Center for Energy and Environment Research, Carbon Dioxide Program. Text in vertical file. ""Cartographic design by Linda L. Velez Rodriguez."" ""Base map was prepared by the Geographic Institute of Brazil in 1978.""",,,,cartographic image,Still image,Maps,,"1:10,000,000",W75⁰--W35⁰/N6⁰--S34⁰,American Geographical Society Library - Maps,https://wisconsin-uwm.primo.exlibrisgroup.com/permalink/01UWI_ML/13nukll/alma997507333402124,1 map : color 58 x 48 cm,253 E-1983,English,"American Geographical Society Library, University of Wisconsin-Milwaukee",University of Wisconsin-Milwaukee Libraries,The Board of Regents of the University of Wisconsin System,agsmap031464,image/tif; Image/jp2,American Geographical Society Library Digital Map Collection,,Brazil's 1983 ecological map color-codes its life zones and forest types using Holdridge's classification system.,,2026-02-20,2026-06-26,http://cdm17272.contentdm.oclc.org/cdm/ref/collection/agdm/id/37394,37394,37383.jp2,/agdm/image/37383.jp2
20260817_agdm-export_Bbox-Subset.csv,Carte économique du Brésil / organisée par la Mission de Propagande et d'Expansion Economique,,Brazil 1908,,France. Mission de propagande et d'expansion economique,,1908,Paris : A. da Cunha,Brazil -- Economic conditions -- Maps;,South America,Brazil,,,,,Brazil,"Other title Estados Unidos do Brazil, carte économique du Brésil Notes Prime meridian: Rio de Janeiro. Includes inset map, illustration, commerce table and coffee export table. At head of title: Estados Unidos do Brazil. Text on verso.",,"Inset: [Map of Americas, Europe and Africa]. Economic data in margin.",,cartographic image,Still image,Maps,,"1:7,000,000",W 30°--E 15°/N 5°--S 35°,American Geographical Society Library - Maps,https://wisconsin-uwm.primo.exlibrisgroup.com/permalink/01UWI_ML/13nukll/alma991014667651902124,1 map : color ; 59 x 67 cm,253 E-1908,French,"American Geographical Society Library, University of Wisconsin-Milwaukee",University of Wisconsin-Milwaukee Libraries,The Board of Regents of the University of Wisconsin System,agsmap031457,image/tif; Image/jp2,American Geographical Society Library Digital Map Collection,,"A 1908 map illustrates Brazil's regional production of rubber, coffee, timber, minerals, and cattle.",,2026-02-20,2026-06-26,http://cdm17272.contentdm.oclc.org/cdm/ref/collection/agdm/id/37396,37396,37346.jp2,/agdm/image/37346.jp2
20260817_agdm-export_Bbox-Subset.csv,Quarter-sectional atlas of the city of Milwaukee / drawn and compiled from the records of Milwaukee county,Third revised edition.,"Milwaukee, Wisconsin 1889",,"Dupré, J. V. (Julius Victor)",,1889,Milwaukee : J.V. Dupré,Milwaukee (Wis.) -- Maps; Cadastral maps,North and Central America;,United States,Wisconsin,,,Milwaukee,Milwaukee,"Includes indexes to quarter sections, wards, village plats, blocks, subdivisions and additions, streets, avenues, squares and places in the city.",,,,cartographic image,Still image,Maps,B&W;,,W 92°53ʹ00ʺ--W 86°14ʹ00ʺ/N 47°18ʹ00ʺ--N 42°29ʹ00ʺ,American Geographical Society Library - Maps,https://wisconsin-uwm.primo.exlibrisgroup.com/permalink/01UWI_ML/13nukll/alma9910602923402124,"1 atlas (69 plates) : maps, some color ; 58 cm",At.893-d .M54 E-1889,English,"American Geographical Society Library, University of Wisconsin-Milwaukee",University of Wisconsin-Milwaukee Libraries,The Board of Regents of the University of Wisconsin System,At893dM54E1889 (0001-0079),image/tif; Image/jp2,American Geographical Society Library Digital Map Collection,,,,2026-02-20,2026-02-20,http://cdm17272.contentdm.oclc.org/cdm/ref/collection/agdm/id/37479,37479,37483.cpd,/agdm/image/37483.cpd
20260817_agdm-export_Bbox-Subset.csv,Atlas of the Milwaukee Metropolitan area / compiled by the Bureau of Engineers of the City of Milwaukee from the records of the Register of Deeds and the Bureau of Engineers ; issued by Milwaukee Board of Realtors,,"Milwaukee, Wisconsin 1940-1958",,Milwaukee (Wis.). Bureau of Engineers,Milwaukee Board of Realtors,1940 ; 1955,"Milwaukee, Wisconsin : Milwaukee Bureau of Engineers : Milwaukee Board of Realtors",Milwaukee (Wis.) -- Maps,North and Central America;,United States,Wisconsin,,,Milwaukee,Milwaukee,"Cadastral map showing detailed property and ownership information.  Includes index.  ""January 11, 1955"" -- cover page.  Sheets loose leaf bound and date between 1940 and 1958.",,,,cartographic image,Still image,Maps,B&W;,"1:2,400",W 88°04ʹ15ʺ--W 87°51ʹ45ʺ/N 43°11ʹ41ʺ--N 42°55ʹ14ʺ,American Geographical Society Library - Maps,https://wisconsin-uwm.primo.exlibrisgroup.com/permalink/01UWI_ML/1dmapte/alma9917340773402124,1 atlas (1 volumes (various pagings)) : maps ; 45 x 46 cm,At.893-d .M54 E-1955,English,"American Geographical Society Library, University of Wisconsin-Milwaukee",University of Wisconsin-Milwaukee Libraries,The Board of Regents of the University of Wisconsin System,At893dM54E1955 (0001-0445),image/tif; Image/jp2,American Geographical Society Library Digital Map Collection,,,,2026-02-23,2026-02-23,http://cdm17272.contentdm.oclc.org/cdm/ref/collection/agdm/id/38069,38069,38073.cpd,/agdm/image/38073.cpd
20260817_agdm-export_Bbox-Subset.csv,"Atlas [of the] Town of Milwaukee, Milwaukee County, Wisconsin",,"Town of Milwaukee, Wisconsin 1952?",,Milwaukee County (Wis.). County Treasurer,,1952,"Milwaukee, Wis. : Milwaukee County Assessor's Office",Real property -- Wisconsin -- Fox Point -- Maps ; Real property -- Wisconsin -- Glendale -- Maps ; Real property -- Wisconsin -- Shorewood -- Maps ; Real property -- Wisconsin -- Whitefish Bay -- Maps ; Real property -- Wisconsin -- River Hills -- Maps ; Real property -- Wisconsin -- Milwaukee (Town) -- Maps ; Landowners -- Wisconsin -- Fox Point -- Maps ; Landowners -- Wisconsin -- Glendale -- Maps ; Landowners -- Wisconsin -- Shorewood -- Maps ; Landowners -- Wisconsin -- Whitefish Bay -- Maps ; Landowners -- Wisconsin -- River Hills -- Maps ; Landowners -- Wisconsin -- Milwaukee (Town) -- Maps ;,North and Central America;,United States,Wisconsin,,,Milwaukee,Milwaukee,"Black line print.  Detailed cadastral maps.  Cover title.  Most pages numbered but not in order.  First page entitled: ""Index map of City of Glendale, Town of Milwaukee, Villages of Bayside, River Hills, Shorewood, Whitefish Bay, Fox Point.""",,,,cartographic image,Still image,Maps,B&W;,"1:2,400",W 88°04ʹ15ʺ--W 87°51ʹ45ʺ/N 43°11ʹ41ʺ--N 42°55ʹ14ʺ,American Geographical Society Library - Maps,https://wisconsin-uwm.primo.exlibrisgroup.com/permalink/01UWI_ML/13nukll/alma9917259263402124,1 atlas ([33 pages]) : photocopy ; 47 x 50 cm,At.893-c .M545 E-[1952?],English,"American Geographical Society Library, University of Wisconsin-Milwaukee",University of Wisconsin-Milwaukee Libraries,The Board of Regents of the University of Wisconsin System,At893dM545E1952,image/tif; Image/jp2,American Geographical Society Library Digital Map Collection,,,,2026-02-23,2026-02-23,http://cdm17272.contentdm.oclc.org/cdm/ref/collection/agdm/id/38104,38104,38108.cpd,/agdm/image/38108.cpd
20260817_agdm-export_Bbox-Subset.csv,"Rio de Janeiro & Brasil east coast, scale 1:12,900 / 1:2,200,000 : Sao Paulo, Salvador : waterproof / International Travel Maps ; edited by Yusuke Ujimiya, Mark Ramsay, Levin Krämer, Phuong Vu, Tran Dinh Cuong ; Lan Joyce, editor in chief",3rd edition.,"Rio de Janeiro, Brazil 2019",,"International Travel Maps (Firm), cartographer","Ujimiya, Yusuke, cartographer ; Ramsay, Mark (Cartographer) cartographer ; Krämer, Levin, cartographer ; Vu, Phuong (Cartographer) cartographer ; Tran, Dinh Cuong, cartographer ; Joyce, Lan, editor ; ITMB Publishing Ltd., publisher ;",2019,"Richmond, BC., Canada : ITMB Publishing Ltd.,","Rio de Janeiro (Brazil) -- Maps ; Brazil, Southeast -- Maps ; São Paulo (Brazil) -- Maps ;",South America,Brazil,,,,Rio de Janeiro,Rio de Janeiro,"Relief shown on Rio de Janeiro map by contours, gradient tints, and spot heights; depth by bathymetric tints. Relief shown on Brasil east coast map by gradient tints and spot heights.  Title from panel.  ""©ITMB Publishing, 2019.""  Includes indexes, location map, ""Metro Rio"" map, Rio de Janeiro's top attractions, Brasil east coast's top attractions, and color illustration.  Insets : Salvador, scale 1:10,000 -- Sao Paulo, scale 1:12,200 -- São Paulo region, scale 1:350,000.",,"Rio de Janeiro, scale 1:12,900 -- Brasil, east coast, scale 1:2,200,000.",,cartographic image,Still image,Maps,Color,"1:12,900 ; 1:2,200,000",W 43°13ʹ56ʺ--W 43°08ʹ59ʺ/S 22°53ʹ23ʺ--S 22°59ʹ23ʺ ; W 47°01ʹ00ʺ--W 34°36ʹ00ʺ/S 4°06ʹ00ʺ--S 24°07ʹ00ʺ,American Geographical Society Library - Maps,https://wisconsin-uwm.primo.exlibrisgroup.com/permalink/01UWI_ML/13nukll/alma991014634225802124,"2 maps on 1 sheet : both sides, color, synthetic ; 89 x 67 cm and 99 x 68 cm, sheet 100 x 69 cm, folded to 25 x 11 cm",253-d .R5J3 A-2019,,"American Geographical Society Library, University of Wisconsin-Milwaukee",University of Wisconsin-Milwaukee Libraries,The Board of Regents of the University of Wisconsin System,agsmap031472 (a-b),image/tif; Image/jp2,American Geographical Society Library Digital Map Collection,,,,2026-02-25,2026-02-25,http://cdm17272.contentdm.oclc.org/cdm/ref/collection/agdm/id/38113,38113,38124.cpd,/agdm/image/38124.cpd
20260817_agdm-export_Bbox-Subset.csv,"Rio de Janeiro : DestinationMap, city map & travel guide / National Geographic Maps.",,"Rio de Janeiro, Brazil 2023",,National Geographic Maps (Firm),,2023,"Evergreen, Colorado : National Geographic Maps",Rio de Janeiro (Brazil) -- Maps ; Roads -- Brazil -- Rio de Janeiro -- Maps ;,South America,Brazil,,,,Rio de Janeiro,Rio de Janeiro,"Other title  At head of panel title: National Geographic  Notes  Relief shown by spot heights.  Title from panel.  ""Copyright © 2023 National Geographic Maps.""  Includes 2 inset maps, 4 ancillary maps, indexes, text, and color illustrations.  Inset maps: Road to Corcovado -- São Cristóvão.  Ancillary maps: Regional map -- [Location map] -- Metrô -- RIOgaleão-TomJobim International Airport.",Maps & America: The Arthur Holzheimer Lecture Series 2026,,,cartographic image,Still image,Maps,Color,"1:15,000",W 43°13ʹ34ʺ--W 43°08ʹ47ʺ/S 22°53ʹ19ʺ--S 22°59ʹ40ʺ,American Geographical Society Library - Maps,https://wisconsin-uwm.primo.exlibrisgroup.com/permalink/01UWI_ML/13nukll/alma991014634226202124,"1 map : both sides, color, synthetic ; 72 x 45 cm, on sheet 63 x 45 cm, folded to 23 x 11 cm",253-d .R5J3 A-2023,English,"American Geographical Society Library, University of Wisconsin-Milwaukee",University of Wisconsin-Milwaukee Libraries,The Board of Regents of the University of Wisconsin System,agsmap031455 (a-b),image/tif; Image/jp2,American Geographical Society Library Digital Map Collection,,,,2026-02-25,2026-02-25,http://cdm17272.contentdm.oclc.org/cdm/ref/collection/agdm/id/38116,38116,38127.cpd,/agdm/image/38127.cpd
20260817_agdm-export_Bbox-Subset.csv,Brazil : adventure travel map / National Geographic Maps,,Brazil 2022,,"National Geographic Maps (Firm), cartographer, issuing body",,2022,"Evergreen, Colorado : National Geographic Maps",Brazil -- Maps;,South America,Brazil,,,,,Brazil,"Relief shown by contours, shading, and spot heights.  ""Contour interval = 200 meters.""  Title from panel.  ""Revised regularly. Waterproof. Tear-resistant.""  ""Copyright © 2022 National Geographic Partners, L.L.C.""  ""Base data © 2014 Reise Know-How Verlag Peter Rump GmbH D-Bielefeld, Kartographie Huber.""  ""14 LC06.""  Includes index, text, location map, publisher's advertisement, and color illustrations.",,,,cartographic image,Still image,Maps,Color,"1:4,200,000",W 75°00ʹ00ʺ--W 34°00ʹ00ʺ/N 5°30ʹ00ʺ--S 33°30ʹ00ʺ,American Geographical Society Library - Maps,https://wisconsin-uwm.primo.exlibrisgroup.com/permalink/01UWI_ML/13nukll/alma991014634225902124,"1 map : both sides, color, synthetic ; on sheet 97 x 65 cm, folded to 24 x 11 cm",253 A-2022,,"American Geographical Society Library, University of Wisconsin-Milwaukee",University of Wisconsin-Milwaukee Libraries,The Board of Regents of the University of Wisconsin System,agsmap031473 (a-b),image/tif; Image/jp2,American Geographical Society Library Digital Map Collection,,,,2026-02-25,2026-02-25,http://cdm17272.contentdm.oclc.org/cdm/ref/collection/agdm/id/38122,38122,38133.cpd,/agdm/image/38133.cpd
20260817_agdm-export_Bbox-Subset.csv,Brazil = Brasilien = Brésil = Brasil = Brazilii︠a︡ / Reise Know How,5. aktual. Auflage.,Brazil 2020,,"Reise Know-How Verlag, cartographer",,2020,Bielefeld : Reise Know-How,Roads -- Brazil -- Maps; Brazil -- Maps ;,South America,Brazil,,,,,Brazil,"Relief shown by contours, gradient tints, and spot heights. Depths shown by bathymetric tints and soundings.  ""World mapping project.""  Includes legend, index. illustrations and location map.  ""Rip & waterproof.""",,,,cartographic image,Still image,Maps,Color,1:3 850 000,W 72°00ʹ--W 36°00ʹ/N 4°00ʹ--S 32°00ʹ,American Geographical Society Library - Maps,https://wisconsin-uwm.primo.exlibrisgroup.com/permalink/01UWI_ML/13nukll/alma991014634226102124,"1 map : both sides, color ; on sheet 100 x 70 cm, folded to 25 x 11 cm",253 A-2020,,"American Geographical Society Library, University of Wisconsin-Milwaukee",University of Wisconsin-Milwaukee Libraries,The Board of Regents of the University of Wisconsin System,agsmap031474 (a-b),image/tif; Image/jp2,American Geographical Society Library Digital Map Collection,,,,2026-02-25,2026-02-25,http://cdm17272.contentdm.oclc.org/cdm/ref/collection/agdm/id/38125,38125,38136.cpd,/agdm/image/38136.cpd
20260817_agdm-export_Bbox-Subset.csv,Brasil segundo os mais recentes trabalhos / por R. Hausermann.,,Brazil 1909,,"Hausermann, R., active 1875-1915",,1909,"Paris : Aillaud & Cie,",Brazil -- Maps;,South America,Brazil,,,,,Brazil,"Relief shown by hachures. Note in top margin: ""Taken from Le Brésil, ses richesses, etc. Tome I, p. 404.""",,,,cartographic image,Still image,Maps,Color,"1:10,000,000",W 73°58ʹ00ʺ--W 28°37ʹ00ʺ/N 5°16ʹ00ʺ--S 33°52ʹ00ʺ,American Geographical Society Library - Maps,https://wisconsin-uwm.primo.exlibrisgroup.com/permalink/01UWI_ML/13nukll/alma991014667652202124,1 map : color ; 47 x 47 cm,253 B-[1909],,"American Geographical Society Library, University of Wisconsin-Milwaukee",University of Wisconsin-Milwaukee Libraries,The Board of Regents of the University of Wisconsin System,agsmap031478,image/tif; Image/jp2,American Geographical Society Library Digital Map Collection,,"old 1909 political map by R. Hausermann shows Brazil's borders, cities, and rivers at 1:10 million scale.",,2026-02-25,2026-06-26,http://cdm17272.contentdm.oclc.org/cdm/ref/collection/agdm/id/38127,38127,38113.jp2,/agdm/image/38113.jp2
20260817_agdm-export_Bbox-Subset.csv,"Provincias da Flora do Brazil sequndo Martius (Tabulae Physionomicae) e estudos da Commissão Rondon / lith. Hartmann, Juiz de Fora-Minas ; Monteiro for del.",,Brazil 1924,,Comissão Geográfica e Geológica de Minas Gerais,,1924,Bello Horizonte : Commissão Geographica e Geologica,hytogeography -- Brazil -- Maps,South America,Brazil,,,,,Brazil,"Removed from: Narrativas e memorias, v. 1 / Minas Gerais (Brazil). Commissão Geographica e Geologica.",,,,cartographic image,Still image,Maps,Color,"1:14,000,000",W 81°56ʹ00ʺ--W 28°39ʹ00ʺ/N 11°21ʹ00ʺ--S 34°05ʹ00ʺ,American Geographical Society Library - Maps,https://wisconsin-uwm.primo.exlibrisgroup.com/permalink/01UWI_ML/13nukll/alma991012619337102124,1 map : color ; 36 x 45 cm,253 A-[1924],Portuguese,"American Geographical Society Library, University of Wisconsin-Milwaukee",University of Wisconsin-Milwaukee Libraries,The Board of Regents of the University of Wisconsin System,agsmap031452,image/tif; Image/jp2,American Geographical Society Library Digital Map Collection,,"A 1924 Brazil map categorizes regions by plant types like nanades, hamadryades, oreades, and dryades.",,2026-02-25,2026-06-26,http://cdm17272.contentdm.oclc.org/cdm/ref/collection/agdm/id/38129,38129,38115.jp2,/agdm/image/38115.jp2
20260817_agdm-export_Bbox-Subset.csv,Falkland Islands / published by the Government of the United Kingdom (Ordnance Survey).,"Ed. 3-O.S. 1995 / ed. 3 rev. by OS International 1995 from information supplied by Public Works Dept., Stanley.",Falkland Islands 1995,D.O.S. (Series) ; 653.,Great Britain. Directorate of Overseas Surveys ;,,1995,"Tolworth, England : Great Britain Directorate of Overseas Surveys,",Falkland Islands -- Maps;,South America;,Falkland Islands,,,,,Falkland Islands,"Relief shown by contours, gradient tints, and spot heights.  Sheet East includes inset map of Beauchene.",,Sheet East -- Sheet West.,,cartographic image,Still image,Maps,Color;,"1:250,000",W 61°30ʹ--W 57°40ʹ/S 50°59ʹ--S 52°30ʹ,American Geographical Society Library - Maps,https://wisconsin-uwm.primo.exlibrisgroup.com/permalink/01UWI_ML/1t3p5iu/alma991014670855502124,"1 map on 2 sheets : color ; 67 x 50 cm and 67 x 54 cm, sheets 86 x 59 cm and 86 x 64 cm.",079 A-1995,English,"American Geographical Society Library, University of Wisconsin-Milwaukee",University of Wisconsin-Milwaukee Libraries,The Board of Regents of the University of Wisconsin System,agsmap031483 (001-002),image/tif; Image/jp2,American Geographical Society Library Digital Map Collection,,,,2026-03-03,2026-03-03,http://cdm17272.contentdm.oclc.org/cdm/ref/collection/agdm/id/38138,38138,38143.cpd,/agdm/image/38143.cpd
20260817_agdm-export_Bbox-Subset.csv,"Geology of the Falkland Islands : solid geology, 1:250,000 scale / produced by the Falkland Islands Government by the British Geological Survey ; cartography by P. Turner and S.E. Wood.",,Falkland Islands 1998,,Geological Survey of Great Britain,,1998,"Keyworth, Nottingham, UK : British Geological Survey,",Geology -- Falkland Islands -- Maps ; Falkland Islands -- Maps ;,South America;,Falkland Islands,,,,,Falkland Islands,"Relief shown by spot heights and gradient tints.  ""Topography based on the 1985 Ordnance Survey 1:250,000 series 653 (East and West) with the permission ...""  Sheet sectioned by titles: West sheet -- East sheet.  Includes text, 4 insets, ancillary map, map showing sheet boundaries, and 4 sectional diagrams.  ""License number GD272191 / 1998.""",,,,cartographic image,Still image,Maps,Color;,"1:250,000",W 61°30ʹ--W 57°40ʹ/S 51°00ʹ--S 52°30',American Geographical Society Library - Maps,https://wisconsin-uwm.primo.exlibrisgroup.com/permalink/01UWI_ML/1t3p5iu/alma991014670855302124,"1 map on 2 sheets : color ; 68 x 105 cm, sheet 91 x 77 cm",079 G-1998,English,"American Geographical Society Library, University of Wisconsin-Milwaukee",University of Wisconsin-Milwaukee Libraries,The Board of Regents of the University of Wisconsin System,agsmap031481 (001 (a-b) 002-003),image/tif; Image/jp2,American Geographical Society Library Digital Map Collection,,,,2026-03-03,2026-03-03,http://cdm17272.contentdm.oclc.org/cdm/ref/collection/agdm/id/38143,38143,38148.cpd,/agdm/image/38148.cpd
20260817_agdm-export_Bbox-Subset.csv,"Geological map of the Falkland Islands / prepared by the Directorate of Overseas Surveys ; this geological map was produced by R.J. Adie during 1969-72 under a Natural Environment Research Council research contract on behalf of the Overseas Development Administration, Foreign and Commonwealth Office, London.",,Falkland Islands 1972,D.O.S. (Series) ; 1185 A.   D.O.S. (Series) ; 1185 B.,"Great Britain. Directorate of Overseas Surveys, issuing body","Adie, Raymond J. (Raymond John), 1925-2006 ; Greenway, M. E. ; Great Britain. Overseas Development Administration ; Natural Environment Research Council (Great Britain), funder ;",1972,"Tolworth, England : Directorate of Overseas Surveys",Geology -- Falkland Islands -- Maps ; Falkland Islands -- Maps ;,South America;,Falkland Islands,,,,,Falkland Islands,"Relief shown by contours and spot heights.  ""Photogeological interpretation by M.E. Greenway using air photography by Hunting Aerosurveys Ltd., 1956.""  ""8/82/821715R,"" ""8/82/821716R.""",,West sheet -- East sheet.,,cartographic image,Still image,Maps,Color;,"1:250,000",W 61°30ʹ--W 57°40ʹ/S 50°59ʹ--S 52°30ʹ,American Geographical Society Library - Maps,https://wisconsin-uwm.primo.exlibrisgroup.com/permalink/01UWI_ML/1t3p5iu/alma991014670855402124,"1 map on 2 sheets : color ; 68 x 55 cm or smaller, on sheets 84 x 65 cm and 74 x 61 cm",079 G-1972,English,"American Geographical Society Library, University of Wisconsin-Milwaukee",University of Wisconsin-Milwaukee Libraries,The Board of Regents of the University of Wisconsin System,agsmap031482 (001-002),image/tif; Image/jp2,American Geographical Society Library Digital Map Collection,,,,2026-03-03,2026-03-03,http://cdm17272.contentdm.oclc.org/cdm/ref/collection/agdm/id/38146,38146,38151.cpd,/agdm/image/38151.cpd
20260817_agdm-export_Bbox-Subset.csv,Turquie d'Asie / Dressée par A. H. Dufour ; gravée par Ch. Dyonnet,,Turkey 1857,,"Dufour, A.-H. (Auguste-Henri), 1798-1865","Dyonnet, Ch.",1857,"Paris : Paulin & Le Chevalier, Rue Richelieu, 60",Turkey -- Maps;,Asia;,Turkey,,,,,Turkey,"Shows Turkey and surrounding areas around the Black Sea, the Caspian Sea and the eastern half of the Mediterranean Sea. Relief shown by hachures. From upper margin: ""Atlas Universel pl. 33"" and ""Géographie moderne pl. 24.""",,,,cartographic image,Still image,Maps,Color;,"1:3,500,000",E 20°20ʹ00ʺ--E 53°09ʹ00ʺ/N 47°24ʹ00ʺ--N 29°44ʹ00ʺ,American Geographical Society Library - Maps,,1 map : color ; 55 x 75 cm,410 A-1857,French,"American Geographical Society Library, University of Wisconsin-Milwaukee",University of Wisconsin-Milwaukee Libraries,The Board of Regents of the University of Wisconsin System,am013885,image/tif; Image/jp2,American Geographical Society Library Digital Map Collection,,An 1857 map of Anatolia (modern Turkey) displays regions and geography in Cartesian projection.,,2026-03-05,2026-06-26,http://cdm17272.contentdm.oclc.org/cdm/ref/collection/agdm/id/38148,38148,38152.jp2,/agdm/image/38152.jp2
20260817_agdm-export_Bbox-Subset.csv,"Planta turística touring, cidade de São Paulo",,"São Paulo, Brazil 1982",,"Touring Club do Brasil, issuing body",,1982,Rio de Janeiro : Touring Club do Brasil,São Paulo (Brazil) -- Maps,South America;,Brazil,,,,,Brazil,"Map in Portuguese. Text in Portuguese and English. Other title  Cidade de São Paulo.  Notes  Panel title.  Includes index to points of interest, illustrations and inset map of ""Entradas e saídas de São Paulo.""  Text, advertisements, and illustrations on verso.",,,,cartographic image,Still image,Maps,Color;,,W 46°43ʹ28ʺ--W 46°36ʹ18ʺ/S 23°30ʹ26ʺ--S 23°35ʹ42ʺ,American Geographical Society Library - Maps,https://wisconsin-uwm.primo.exlibrisgroup.com/permalink/01UWI_ML/1t3p5iu/alma991014578172802124,"1 map : color ; on sheet 47 x 71 cm, folded to 24 x 13 cm",253-d .S2P3 A-[1982?],Portuguese ; English,"American Geographical Society Library, University of Wisconsin-Milwaukee",University of Wisconsin-Milwaukee Libraries,The Board of Regents of the University of Wisconsin System,agsmap031487 (a-b),image/tif; Image/jp2,American Geographical Society Library Digital Map Collection,,,,2026-03-06,2026-03-06,http://cdm17272.contentdm.oclc.org/cdm/ref/collection/agdm/id/38167,38167,38177.cpd,/agdm/image/38177.cpd
20260817_agdm-export_Bbox-Subset.csv,New York State mean length of growing season in days / prepared by E.E. Hanlon ; drawn by J.A. Peterson,,New York state 1958,,"Hanlon, E.E.","Peterson, J. A. ; Richards, Frank E.",1958,"Phoenix, N.Y. : Frank E. Richards","Crops and climate -- New York (State) -- Maps ; Seasons -- New York (State) -- Maps ; Meteorology, Agricultural -- New York (State) -- Maps ;",North and Central America;,United States,New York,,,,New York,Other title Richards atlas of New York State. Notes Issued also as p. 46 of Richards atlas of New York State.,,,,cartographic image,Still image,Maps,Color;,"1:1,518,000",W 79°46ʹ--W 71°52ʹ/N 45°10ʹ--N 40°30ʹ,American Geographical Society Library - Maps,https://wisconsin-uwm.primo.exlibrisgroup.com/permalink/01UWI_ML/1t3p5iu/alma9917093193402124,1 map : color ; 40 x 50 cm,862-b B-Var Richards 046,English,"American Geographical Society Library, University of Wisconsin-Milwaukee",University of Wisconsin-Milwaukee Libraries,The Board of Regents of the University of Wisconsin System,agsmap031485,image/tif; Image/jp2,American Geographical Society Library Digital Map Collection,,The 1958 map depicts New York State's average growing season durations by region in days.,,2026-03-06,2026-06-26,http://cdm17272.contentdm.oclc.org/cdm/ref/collection/agdm/id/38174,38174,38164.jp2,/agdm/image/38164.jp2
20260817_agdm-export_Bbox-Subset.csv,"New York State stream flow : average discharge of principal rivers in cubic feet per second / prepared by E.E. Hanlon, drawn by J.A. Peterson",,New York State 1958,,"Hanlon, E. E.",,1958,"Phoenix, N.Y. : Frank E. Richards",Streamflow -- New York (State) -- Maps ; Stream measurements -- New York (State) -- Maps,North and Central America;,United States,New York,,,,New York,Other title Richards atlas of New York State. Notes Issued also as p. 56 of Richards atlas of New York State.,,,,cartographic image,Still image,Maps,Color;,"1:1,547,000",W 79⁰46ʹ--W 71⁰52ʹ/N 45⁰01ʹ--N 40⁰30ʹ,American Geographical Society Library - Maps,https://wisconsin-uwm.primo.exlibrisgroup.com/permalink/01UWI_ML/1t3p5iu/alma9917093863402124,1 map : color ; 40 x 49 cm,862-b B-Var Richards 056,English,"American Geographical Society Library, University of Wisconsin-Milwaukee",University of Wisconsin-Milwaukee Libraries,The Board of Regents of the University of Wisconsin System,agsmap031484,image/tif; Image/jp2,American Geographical Society Library Digital Map Collection,,1958 map displays New York State's average river flow measured in cubic feet per second.,,2026-03-06,2026-06-26,http://cdm17272.contentdm.oclc.org/cdm/ref/collection/agdm/id/38176,38176,38166.jp2,/agdm/image/38166.jp2
20260817_agdm-export_Bbox-Subset.csv,Karte von Klein-Asien / bearbeited von H. Kiepert,,Turkey 1854,,"Kiepert, Heinrich, 1818-1899, cartographer","Dietrich Reimer Verlag (Berlin, Germany)",1854,Publication Berlin : Bei. Dietrich Reimer Manufacture Berlin : Stich U. Druck der Lith. Anst. v. L. Kraatz,Turkey -- Maps;,Asia;,Turkey,,,,,Turkey,Relief shown by hachures and spot heights. Shows selected administrative borders and Greenwich and Ferro meridians.,,,,cartographic image,Still image,Maps,Color;,"1:1,500,000",E 24°55ʹ00ʺ--E 39°59ʹ00ʺ/N 42°18ʹ00ʺ--N 35°44ʹ00ʺ,American Geographical Society Library - Maps,https://wisconsin-uwm.primo.exlibrisgroup.com/permalink/01UWI_ML/1t3p5iu/alma991014694131702124,1 map : color ; 47 x 83 cm,410 A-1854,German,"American Geographical Society Library, University of Wisconsin-Milwaukee",University of Wisconsin-Milwaukee Libraries,The Board of Regents of the University of Wisconsin System,am013884,image/tif; Image/jp2,American Geographical Society Library Digital Map Collection,,This 1854 map depicts Turkish territories in Klein-Asien with geographic and railroad routes near the Black and Marmara seas.,,2026-03-06,2026-06-26,http://cdm17272.contentdm.oclc.org/cdm/ref/collection/agdm/id/38179,38179,38182.jp2,/agdm/image/38182.jp2
20260817_agdm-export_Bbox-Subset.csv,"A new map of Turkey in Asia : with several additions / by Monsr. d'Anville, first geographer to the Most Christian King with several additions",,Turkey 1794,,"Anville, Jean Baptiste Bourguignon d', 1697-1782, cartographer","Laurie & Whittle, publisher",1794,"London : Published by Laurie & Whittle, No. 53, Fleet Street",Turkey -- Maps;,Asia;,Turkey,,,,,Turkey,"Other title Map of Turkey in Asia Notes Relief shown pictorially. Bar scales in British statute miles, nautic leagues, Grecian miles, Arabian miles, and ""agachs or common Turkish leagues""; scale estimated by measurement of degree of latitude. Prime meridian: London; coordinates converted by cataloger to express longitude based on Greenwich prime meridian.",,,,cartographic image,Still image,Maps,Color;,"1:2,900,000",E 24°54ʹ17ʺ--E 48°54ʹ17ʺ/N 42°50ʹ00ʺ--N 30°10ʹ00ʺ,American Geographical Society Library - Maps,https://wisconsin-uwm.primo.exlibrisgroup.com/permalink/01UWI_ML/1t3p5iu/alma991014694130602124,1 map : color ; 53 x 72 cm,410 A-1794,English,"American Geographical Society Library, University of Wisconsin-Milwaukee",University of Wisconsin-Milwaukee Libraries,The Board of Regents of the University of Wisconsin System,am013893,image/tif; Image/jp2,American Geographical Society Library Digital Map Collection,,"Historical 1794 map titled A New Map of Turkey in Asia by D'Anville showing western Anatolia's borders, rivers, and regions.",,2026-03-06,2026-06-26,http://cdm17272.contentdm.oclc.org/cdm/ref/collection/agdm/id/38180,38180,38185.jp2,/agdm/image/38185.jp2
20260817_agdm-export_Bbox-Subset.csv,"Tabula geographica provinciarum et urbium, Coloniâ Romanâ vel municipii jure vel aliâ quâvis prærogativâ insignium quæ Imperatorum Romanorum à Trajana Decio ad Claudium vultus in nummis suis expresserunt : ad illustrandam Numismatum seriem quam D. Anselmus Banduri edidit / curâ et studio Guillelmi Del'Isle è Regiâ Scientiarum Academia",,Turkey 1741,,"L'Isle, Guillaume de, 1675-1726","Banduri, Anselmo Maria, 1675-1743 ; Cóvens et Mortier ;",1741,Amstelodami : Apud J. Cóvens et C. Mortier,Classical geography -- Maps -- Early works to 1800 ; Mediterranean Region -- Maps -- Early works to 1800 ; Mediterranean Region -- Historical geography -- Maps -- Early works to 1800 ; Greece -- Historical geography -- Maps -- Early works to 1800 ; Middle East -- Historical geography -- Maps -- Early works to 1800 ; Turkey -- Historical geography -- Maps -- Early works to 1800 ; Rome -- Historical geography -- Maps -- Early works to 1800;,Asia;,Turkey,,,,,Turkey,Relief shown pictorially. Prime meridian: Ferro.,,,,cartographic image,Still image,Maps,Color;,"1:5,000,000",E 17°46ʹ00ʺ--E 42°00ʹ00ʺ/N 45°18ʹ00ʺ--N 30°37ʹ00ʺ,American Geographical Society Library - Maps,https://wisconsin-uwm.primo.exlibrisgroup.com/permalink/01UWI_ML/1t3p5iu/alma991014694131002124,1 map : hand colored ; 33 x 41 cm,410 A-[1741],Latin,"American Geographical Society Library, University of Wisconsin-Milwaukee",University of Wisconsin-Milwaukee Libraries,The Board of Regents of the University of Wisconsin System,,image/tif; Image/jp2,American Geographical Society Library Digital Map Collection,,"Guillaume de L'Isle's 1741 map shows Roman provinces and cities across ancient Greece, Turkey, and the Middle East.",,2026-03-06,2026-06-26,http://cdm17272.contentdm.oclc.org/cdm/ref/collection/agdm/id/38181,38181,38189.jp2,/agdm/image/38189.jp2
20260817_agdm-export_Bbox-Subset.csv,"Turkey, containing the provinces in Asia Minor / published under the superintendence of the Society for the Diffusion of Useful Knowledge ; Engraved by J. & C. Walker","Published May 1st, 1830 by Baldwin & Gradock ... .""",Turkey 1830,,Society for the Diffusion of Useful Knowledge (Great Britain),,1830,London : Baldwin & Cradock,Turkey -- Maps;,Asia;,Turkey,,,,,Turkey,,,,,cartographic image,Still image,Maps,Color;,"1:3,000,000",E 25°26ʹ00ʺ--E 40°01ʹ00ʺ/N 42°23ʹ00ʺ--N 34°25ʹ00ʺ,American Geographical Society Library - Maps,https://wisconsin-uwm.primo.exlibrisgroup.com/permalink/01UWI_ML/1t3p5iu/alma991014694131502124,1 map : color ; 30 x 41 cm,410 A-1830,English,"American Geographical Society Library, University of Wisconsin-Milwaukee",University of Wisconsin-Milwaukee Libraries,The Board of Regents of the University of Wisconsin System,am013886,image/tif; Image/jp2,American Geographical Society Library Digital Map Collection,,"An 1830 map of Turkey shows Asia Minor's provinces, seas, key cities, and routes.",,2026-03-06,2026-06-26,http://cdm17272.contentdm.oclc.org/cdm/ref/collection/agdm/id/38184,38184,38187.jp2,/agdm/image/38187.jp2
20260817_agdm-export_Bbox-Subset.csv,Stanford's library map of Africa / Edward Stanford,New edition.,Africa 1902,Edward Stanford Ltd. Stanford's library series.,Edward Stanford Ltd.,,,London : Edward Stanford,"Colonies -- Africa -- Maps ; Railroads -- Africa -- Maps ; Cables, Submarine -- Africa -- Maps ; Africa -- Maps ; Africa -- Boundaries -- Maps ;",Africa,,,,,,Africa,"Other title  Library map of Africa  Notes  Shows colonial territories, railways, proposed railways, and submarine telegraph cables.  Relief shown by hachures.  ""1.1.02"" -- lower left margin.  Loaned by the American Geographical Society to the Peace Conference at Versailles, 1918-1919.",,,,cartographic image,Still image,Maps,Color;,"1:5,977,382",W36⁰/N38⁰--64⁰E/36⁰S,American Geographical Society Library - Maps,https://wisconsin-uwm.primo.exlibrisgroup.com/permalink/01UWI_ML/1t3p5iu/alma9918223543402124,"1 map : color, dissected, mounted on linen ; 145 x 161 cm",300 B-1902,English,"American Geographical Society Library, University of Wisconsin-Milwaukee",University of Wisconsin-Milwaukee Libraries,The Board of Regents of the University of Wisconsin System,agsmap031491 (s1-s2),image/tif; Image/jp2,American Geographical Society Library Digital Map Collection,,,,2026-03-12,2026-03-12,http://cdm17272.contentdm.oclc.org/cdm/ref/collection/agdm/id/38189,38189,38203.cpd,/agdm/image/38203.cpd
20260817_agdm-export_Bbox-Subset.csv,"Denali National Park and Preserve, Alaska, USA : backcountry units, Denali State Park, park entrance & heaquarters inset map / National Geographic Maps",Revised 2007.,"Denali National Park, Alaska 2007",Trails Illustrated topo maps ; 222.,Trails Illustrated (Firm),United States. National Park Service,,"Evergreen, Colo. : National Geographic Maps","Outdoor recreation -- Alaska -- Denali National Park and Preserve -- Maps ; Camp sites, facilities, etc. -- Alaska -- Denali National Park and Preserve -- Maps ; Denali National Park and Preserve (Alaska) -- Maps ; Denali State Park (Alaska) -- Maps ; Kroto and Moose Creek Recreation Rivers (Alaska) -- Maps ; Lake Creek Recreation River (Alaska) -- Maps ; Talkeetna Recreation River (Alaska) -- Maps ;",North and Central America;,United States,Alaska,,,,Alaska,"Relief shown by contours, shading, and spot heights.  Panel title.  Includes text, index to publisher's maps, location map, col. ill., inset map of ""Park entrance & Headquarters,"" and index to 1:63,360 USGS quadrangles.  ""National Geographic Trails Illustrated maps are based on USGS information, modified and regularly revised by National Geographic Maps in cooperation with the National Park Service, and others.""  ""LC03.""  ""Outdoor recreation map, revised regularly, waterproof, tear-resistant.""  ""GPS compatible, full UTM grid.""",,,,cartographic image,Still image,Maps,Color;,"1:225,000",W 153°00ʹ--W 148°23ʹ/N 64°10ʹ--N 62°13ʹ,American Geographical Society Library - Maps,https://wisconsin-uwm.primo.exlibrisgroup.com/permalink/01UWI_ML/1t3p5iu/alma9921601793402124,"1 map : both sides, color, plastic ; on sheet 96 x 65 cm., folded to 25 x 11 cm",810-c .D46 E-2007,English,"American Geographical Society Library, University of Wisconsin-Milwaukee",University of Wisconsin-Milwaukee Libraries,The Board of Regents of the University of Wisconsin System,agsmap031490 (a-b),image/tif; Image/jp2,American Geographical Society Library Digital Map Collection,,,,2026-03-12,2026-03-12,http://cdm17272.contentdm.oclc.org/cdm/ref/collection/agdm/id/38192,38192,38206.cpd,/agdm/image/38206.cpd
20260817_agdm-export_Bbox-Subset.csv,"Seconde partie de la Crimée, la Mer Noire &c. / rectifiés par diverses observations faites par Guillaume de l'Isle",,Black Sea 1733,,"L'Isle, Guillaume de, 1675-1726","L'Isle, Guillaume de, 1675-1726 ; Cóvens et Mortier ;",1733,Amsterdam : Chez Jean Cóvens et Corneille Mortier,Black Sea Region -- Maps -- Early works to 1800 ; Crimea (Ukraine) -- Maps -- Early works to 1800 ; Turkey -- Maps -- Early works to 1800 ;,Asia;,Turkey,,,,,Turkey,"Related Work L'Isle, Guillaume de, 1675-1726. Atlas nouveau, contenant toutes les parties du monde.  Notes Relief shown pictorially. Shows settlements, rivers, forests, etc. Includes descriptive notes. Prime meridian: Ferro. Appears in his Atlas nouveau, contenant toutes les parties du monde.",,,,cartographic image,Still image,Maps,Color;,"1:1,250,000",E 27°--E 43°/N 50°--N 39°,American Geographical Society Library - Maps,https://wisconsin-uwm.primo.exlibrisgroup.com/permalink/01UWI_ML/1t3p5iu/alma991014695132602124,1 map : hand colored ; 46 x 60 cm,410-c .N6 A-[1733],French,"American Geographical Society Library, University of Wisconsin-Milwaukee",University of Wisconsin-Milwaukee Libraries,The Board of Regents of the University of Wisconsin System,am013899,image/tif; Image/jp2,American Geographical Society Library Digital Map Collection,,"An 18th-century map shows Crimea, coastal towns, and Turkey's Black Sea territories.",,2026-03-12,2026-06-26,http://cdm17272.contentdm.oclc.org/cdm/ref/collection/agdm/id/38196,38196,38198.jp2,/agdm/image/38198.jp2
20260817_agdm-export_Bbox-Subset.csv,Karte von Klein-Asien / bearbeited von H. Kiepert,,Turkey 1854,,"Kiepert, Heinrich, 1818-1899, cartographer","Dietrich Reimer Verlag (Berlin, Germany)",1854,"Publication Berlin : Bei. Dietrich Reimer, 1854. Manufacture Berlin : Stich U. Druck der Lith. Anst. v. L. Kraatz",Turkey -- Maps;,Asia;,Turkey,,,,,Turkey,Relief shown by hachures and spot heights. Shows selected administrative borders and Greenwich and Ferro meridians.,,,,cartographic image,Still image,Maps,Color;,"1:1,500,000",E 24°55ʹ00ʺ--E 39°59ʹ00ʺ/N 42°18ʹ00ʺ--N 35°44ʹ00ʺ,American Geographical Society Library - Maps,https://wisconsin-uwm.primo.exlibrisgroup.com/permalink/01UWI_ML/1t3p5iu/alma991014694131702124,1 map : color ; 47 x 83 cm,410 A-1854,German,"American Geographical Society Library, University of Wisconsin-Milwaukee",University of Wisconsin-Milwaukee Libraries,The Board of Regents of the University of Wisconsin System,am013884,image/tif; Image/jp2,American Geographical Society Library Digital Map Collection,,A Kiepert 1854 map shows 19th-century Western Anatolia at 1:1.5M scale.,,2026-03-12,2026-06-26,http://cdm17272.contentdm.oclc.org/cdm/ref/collection/agdm/id/38199,38199,38194.jp2,/agdm/image/38194.jp2
20260817_agdm-export_Bbox-Subset.csv,"A new map of Turkey in Asia : with several additions / by Monsr. d'Anville, first geographer to the Most Christian King with several additions",,Turkey 1794,,"Anville, Jean Baptiste Bourguignon d', 1697-1782, cartographer","Laurie & Whittle, publisher",1794,"London : Published by Laurie & Whittle, No. 53, Fleet Street",Turkey -- Maps -- Early works to 1800 ; Middle East -- Maps -- Early works to 1800 ;,Asia;,Turkey,,,,,Turkey,"Other title Map of Turkey in Asia Notes Relief shown pictorially. Bar scales in British statute miles, nautic leagues, Grecian miles, Arabian miles, and ""agachs or common Turkish leagues""; scale estimated by measurement of degree of latitude. Prime meridian: London; coordinates converted by cataloger to express longitude based on Greenwich prime meridian.",,,,cartographic image,Still image,Maps,Color;,"1:2,900,000",E 24°54ʹ17ʺ--E 48°54ʹ17ʺ/N 42°50ʹ00ʺ--N 30°10ʹ00ʺ,American Geographical Society Library - Maps,https://wisconsin-uwm.primo.exlibrisgroup.com/permalink/01UWI_ML/1t3p5iu/alma991014694130602124,1 map : color ; 53 x 72 cm,410 A-1794,English,"American Geographical Society Library, University of Wisconsin-Milwaukee",University of Wisconsin-Milwaukee Libraries,The Board of Regents of the University of Wisconsin System,am013893,image/tif; Image/jp2,American Geographical Society Library Digital Map Collection,,A 1794 map by d'Anville highlights Turkey's Asian provinces and key routes.,,2026-03-12,2026-06-26,http://cdm17272.contentdm.oclc.org/cdm/ref/collection/agdm/id/38201,38201,38196.jp2,/agdm/image/38196.jp2
20260817_agdm-export_Bbox-Subset.csv,Map of the city and county of San Francisco / published by E.C.D. Price Company ; compiled ... by the San Francisco Chamber of Commerce.,,"San Francisco, California 1912",,E.C.D. Price Company,San Francisco Chamber of Commerce,1912,San Francisco : E.C.D. Price Co.,"Panama-Pacific International Exposition (1915 : San Francisco, Calif.) -- Maps ; Streets -- California -- San Francisco -- Maps ; San Francisco (Calif.) -- Maps ;",North and Central America;,United States,California,,,San Francisco,San Francisco,"Includes 1 ancillary map, statistics and text. Shows street car lines and site of Panama-Pacific International Exposition, to be held in 1915.",,,,cartographic image,Still image,Maps,Color;,"1:30,000",W 122⁰31ʹ00ʺ--W 122⁰21ʹ00ʺ/N 37⁰49ʹ00ʺ--N 37⁰42ʹ30ʺ,American Geographical Society Library - Maps,https://wisconsin-uwm.primo.exlibrisgroup.com/permalink/01UWI_ML/1t3p5iu/alma9916726143402124,"1 map : color ; 36 x 45 cm, on sheet 61 x 48 cm",813-d .S2F7 D-1912,English,"American Geographical Society Library, University of Wisconsin-Milwaukee",University of Wisconsin-Milwaukee Libraries,The Board of Regents of the University of Wisconsin System,agsmap031492,image/tif; Image/jp2,American Geographical Society Library Digital Map Collection,,A 1912 map of San Francisco labels districts and details its industries and assets with statistical data.,,2026-03-12,2026-06-26,http://cdm17272.contentdm.oclc.org/cdm/ref/collection/agdm/id/38203,38203,38197.jp2,/agdm/image/38197.jp2
20260817_agdm-export_Bbox-Subset.csv,"Turkey, containing the provinces in Asia Minor / published under the superintendence of the Society for the Diffusion of Useful Knowledge ; Engraved by J. & C. Walker","Published May 1st, 1830 by Baldwin & Gradock ... .""",Turkey 1830,,Society for the Diffusion of Useful Knowledge (Great Britain),J. & C. Walker (Firm)  ; Baldwin & Cradock ;,1830,London : Baldwin & Cradock,Turkey -- Maps;,Asia;,Turkey,,,,,Turkey,Relief shown by hachures.,,,,cartographic image,Still image,Maps,Color;,"1:3,000,000",E 25°26ʹ00ʺ--E 40°01ʹ00ʺ/N 42°23ʹ00ʺ--N 34°25ʹ00ʺ,American Geographical Society Library - Maps,https://wisconsin-uwm.primo.exlibrisgroup.com/permalink/01UWI_ML/1t3p5iu/alma991014694131502124,1 map : color ; 30 x 41 cm,410 A-1830,English,"American Geographical Society Library, University of Wisconsin-Milwaukee",University of Wisconsin-Milwaukee Libraries,The Board of Regents of the University of Wisconsin System,am013886,image/tif; Image/jp2,American Geographical Society Library Digital Map Collection,,An 1830s hand-colored map of Turkey in Asia Minor showing provincial borders and key routes.,,2026-03-12,2026-06-26,http://cdm17272.contentdm.oclc.org/cdm/ref/collection/agdm/id/38204,38204,38192.jp2,/agdm/image/38192.jp2
20260817_agdm-export_Bbox-Subset.csv,Lake Park topography (W.P.A. Survey) / Milwaukee County Regional Planning Department,,"Lake Park, Milwaukee, Wisconsin 1962",,Milwaukee County (Wis.). Regional Planning Department,,1962,"Milwaukee, Wisconsin : Milwaukee County Regional Planning Department","Parks -- Wisconsin -- Milwaukee County -- Maps ; Recreation areas -- Wisconsin -- Milwaukee County -- Maps ; Lake Park (Milwaukee, Wis.) -- Maps ;",North and Central America;,United States,Wisconsin,,,Milwaukee,Milwaukee,"Blueline print.  Relief shown by spot heights.  Shows tree types, land uses and building names.  ""62-A-5.""  ""MICROFILMED"" stamped on each map.  Sheet 1 missing.",,,,cartographic image,Still image,Maps,B&W;,1:480,W 88°04ʹ15ʺ--W 87°51ʹ45ʺ/N 43°11ʹ41ʺ--N 42°55ʹ14ʺ,American Geographical Society Library - Maps,https://wisconsin-uwm.primo.exlibrisgroup.com/permalink/01UWI_ML/1t3p5iu/alma9917161293402124,"1 map on 4 sheets : photocopy ; sheets 106 x 149 cm, 107 x 166 cm and 107 x 184 cm",893-d .M54 .L3P3 A -[1962],English,"American Geographical Society Library, University of Wisconsin-Milwaukee",University of Wisconsin-Milwaukee Libraries,The Board of Regents of the University of Wisconsin System,agsmap031500 (001-003),image/tif; Image/jp2,American Geographical Society Library Digital Map Collection,,,,2026-03-27,2026-03-27,http://cdm17272.contentdm.oclc.org/cdm/ref/collection/agdm/id/38209,38209,38218.cpd,/agdm/image/38218.cpd
20260817_agdm-export_Bbox-Subset.csv,Mapa de carreteras de la República de Cuba / obsequio de la Standard Oil de Cuba,,Cuba 1938,,"General Drafting Company, cartographer, issuing body",Esso Standard Oil Company (Cuba),1938,"New York N.Y. : General Drafting Co., Inc.",Roads -- Cuba -- Maps ; Cuba -- Maps ; Havana (Cuba) -- Maps ;,North and Central America;,Cuba,,,,,Cuba,"Other title  Title on back panel: Road map of the Republic of Cuba  Notes  Relief shown by hachures.  Includes illustrations.  Distance chart, text in English and Spanish, ancillary map of Havana, advertisements and illustrations on verso.",,,,cartographic image,Still image,Maps,Color;,"1:950,400",W 85°10ʹ00ʺ--W 73°55ʹ00ʺ/N 23°28ʹ00ʺ--N 19°37ʹ00ʺ,American Geographical Society Library - Maps,https://wisconsin-uwm.primo.exlibrisgroup.com/permalink/01UWI_ML/1t3p5iu/alma991014696732202124,"1 map : color ; 23 x 83 cm, folded to 23 x 11 cm",238 D-1938,Spanish,"American Geographical Society Library, University of Wisconsin-Milwaukee",University of Wisconsin-Milwaukee Libraries,The Board of Regents of the University of Wisconsin System,agsmap031495 (a-b),image/tif; Image/jp2,American Geographical Society Library Digital Map Collection,,,,2026-03-27,2026-03-27,http://cdm17272.contentdm.oclc.org/cdm/ref/collection/agdm/id/38212,38212,38221.cpd,/agdm/image/38221.cpd
20260817_agdm-export_Bbox-Subset.csv,"Naha-shi zenzu = Naha, Okinawa Prefecture, Okinawa 1932 / hensansha, Kondō Senjirō = 那覇市全圖 = Naha, Okinawa Prefecture, Okinawa / 編纂者, 近藤詮次郎.",,"Naha-shi, Japan 1942",,"Kondō, Senjirō, cartographer.  近藤詮次郎, cartographer.","United States. Army Map Service, issuing body",1942,"Washington, D.C. : Army Map Service, U.S. Army,",Naha-shi (Japan) -- Maps ;,Asia;,Japan,,,,Naha-shi,Naha-shi,"Related titles Other editions available: 775-03 Reproduction of (manifestation): 那覇市全圖. [Japan] : 発行者林松三郎. 昭和8 [1933]. 1 map ; 52 x 74 cm Other editions available: 880-03 Reproduction of (manifestation): Naha-shi zenzu. [Japan] : Hakkōsha, Hayashi Matsusaburō, Shōwa 8 [1933].   Other title Naha, Okinawa Prefecture, Okinawa Notes U.S. Army Map Service reprint of Japanese map. Relief shown by hachures.",,,,cartographic image,Still image,Maps,Color;,"1:6,000",ǂc (E 127°37ʹ06ʺ--E 127°44ʹ19ʺ/N 26°15ʹ18ʺ--N 26°10ʹ35ʺ),American Geographical Society Library - Maps,https://wisconsin-uwm.primo.exlibrisgroup.com/permalink/01UWI_ML/1t3p5iu/alma991014696731702124,1 map : color ; 52 x 74 cm,470-c .N33 A-1932 1942,In Japanese with some English overprinting in red.,"American Geographical Society Library, University of Wisconsin-Milwaukee",University of Wisconsin-Milwaukee Libraries,The Board of Regents of the University of Wisconsin System,agsmap031499,image/tif; Image/jp2,American Geographical Society Library Digital Map Collection,,"Partial vintage 1942 Japanese street map shows Naha, Okinawa Prefecture.",,2026-03-27,2026-06-26,http://cdm17272.contentdm.oclc.org/cdm/ref/collection/agdm/id/38213,38213,38213.jp2,/agdm/image/38213.jp2
20260817_agdm-export_Bbox-Subset.csv,"[Map of Seoul, Korea]",,"Seoul, Korea 1937",,,,1937,Place of publication not identified : publisher not identified,Seoul (Korea) -- Maps;,Asia;,Korea,,,,Seoul,Seoul,"Relief shown by contours. In Chinese. Title provided by cataloger. Date taken from property stamp on verso: ""Army Map Service Library."" Nine sections have printed, transparent overlays over main map printing.",,,,cartographic image,Still image,Maps,Color;,"1:15,000",E 126°51ʹ38ʺ--E 127°03ʹ58ʺ/N 37°34ʹ08ʺ--N 37°29ʹ06ʺ,American Geographical Society Library - Maps,https://wisconsin-uwm.primo.exlibrisgroup.com/permalink/01UWI_ML/1t3p5iu/alma991014638123602124,1 map : color ; 95 x 128 cm,469.5-d .S46 A-1937,Chinese,"American Geographical Society Library, University of Wisconsin-Milwaukee",University of Wisconsin-Milwaukee Libraries,The Board of Regents of the University of Wisconsin System,agsmap031497,image/tif; Image/jp2,American Geographical Society Library Digital Map Collection,,A redlined 1937 Seoul planning map outlines urban zones and green protections.,,2026-03-27,2026-06-26,http://cdm17272.contentdm.oclc.org/cdm/ref/collection/agdm/id/38215,38215,38212.jp2,/agdm/image/38212.jp2
20260817_agdm-export_Bbox-Subset.csv,"Karte von Wisconsin / nach den neuesten Hülfsmitteln gezeichnet von J. Græssl, 1852 ; reproduced by the Historic Map Company, Inc.",,Wisconsin 1852 1998,,"Grässl, J. (Joseph)","Meyer, Joseph, 1796-1856 ; Historic Map Company, Inc. ;",1952 ; 1998,"Sheboygan, Wis. : Historic Map Company, Inc",Wisconsin -- Maps ; Facsimiles;,North and Central America;,United States,Wisconsin,,,,Wisconsin,"Is Part Of Meyer, Joseph, 1796-1856. Grosser Hand-Atlas über alle Theile der Erde in 170 Karten. Hildburghausen : Bibliographisches Institut, 1860. pl. 160. Notes ""Meyer's Hand Atlas No. 140."" Prime meridians: Washington and Ferro.",,,,cartographic image,Still image,Maps,Color;,"1:1,600,000",W 92⁰54ʹ--W 86⁰45ʹ/N 47⁰07ʹ--N 42⁰30ʹ,American Geographical Society Library - Maps,https://wisconsin-uwm.primo.exlibrisgroup.com/permalink/01UWI_ML/1t3p5iu/alma9915623773402124,1 map : color,893 A-1852 1998,German,"American Geographical Society Library, University of Wisconsin-Milwaukee",University of Wisconsin-Milwaukee Libraries,The Board of Regents of the University of Wisconsin System,am016146,image/tif; Image/jp2,American Geographical Society Library Digital Map Collection,,"Hand-colored 1852 map of Wisconsin titled Karte von Wisconsin by J. Græssl, recreated in 1998.",,2026-04-02,2026-06-26,http://cdm17272.contentdm.oclc.org/cdm/ref/collection/agdm/id/38222,38222,38231.jp2,/agdm/image/38231.jp2
20260817_agdm-export_Bbox-Subset.csv,Physiographic diagram of Wisconsin / by Loyal Durand Jr.,,Wisconsin 1933,,"Durand, Loyal",,1933,"Maplewood, N.J.? : Geographical Press",Geomorphology -- Wisconsin -- Maps ; Wisconsin -- Maps ;,North and Central America;,United States,Wisconsin,,,,Wisconsin,"Relief shown pictorially and by hachures. Includes 1 cross-section along 44⁰30'. Includes description of the ""Physiographic Regions of Wisconsin.""",,,,cartographic image,Still image,Maps,B&W;,"1:2,000,000",W 92°53ʹ00ʺ--W 86°14ʹ00ʺ/N 47°18ʹ00ʺ--N 42°29ʹ00ʺ,American Geographical Society Library - Maps,https://wisconsin-uwm.primo.exlibrisgroup.com/permalink/01UWI_ML/1t3p5iu/alma9910460993402124,1 map ; 27 x 25 cm on sheet 43 x 28 cm,893 A-1933,,"American Geographical Society Library, University of Wisconsin-Milwaukee",University of Wisconsin-Milwaukee Libraries,The Board of Regents of the University of Wisconsin System,am016142,image/tif; Image/jp2,American Geographical Society Library Digital Map Collection,,"An antique Wisconsin map displays physiographic regions, including highlands, lowlands, and glacial landmarks.",,2026-04-02,2026-06-26,http://cdm17272.contentdm.oclc.org/cdm/ref/collection/agdm/id/38228,38228,38228.jp2,/agdm/image/38228.jp2
20260817_agdm-export_Bbox-Subset.csv,"Brazil, Pan American World Airways, the system of the flying clippers",,Brazil 1950,,"Pan American World Airways, Inc.",Pictograph Corporation ; Field Enterprises Educational Corporation ;,1950,"New York, New York : Pan American World Airways",Brazil -- Maps,South America;,Brazil,,,,,Brazil,"Pictorial map. Includes illustrations and notes. ""Educational unit no. 3."" ""CIAA symbols copyrighted by Pictograph Corp. and Quarrie Corp.""",,,,cartographic image,Still image,Maps,Color;,,W 73°58ʹ00ʺ--W 28°37ʹ00ʺ/N 5°16ʹ00ʺ--S 33°52ʹ00ʺ,American Geographical Society Library - Maps,https://wisconsin-uwm.primo.exlibrisgroup.com/permalink/01UWI_ML/1t3p5iu/alma991014668555002124,1 map : color ; 49 x 64 cm,253 M-[1950?],English,"American Geographical Society Library, University of Wisconsin-Milwaukee",University of Wisconsin-Milwaukee Libraries,The Board of Regents of the University of Wisconsin System,agsmap031504,image/tif; Image/jp2,American Geographical Society Library Digital Map Collection,,A 1950s map by Pan Am highlights Brazil's agriculture and minerals by region with labeled icons.,,2026-04-02,2026-06-26,http://cdm17272.contentdm.oclc.org/cdm/ref/collection/agdm/id/38229,38229,38230.jp2,/agdm/image/38230.jp2
20260817_agdm-export_Bbox-Subset.csv,History beneath your feet : archaeological discovery along Wisconsin's highways,,Wisconsin 2011,,,Wisconsin. Department of Transportation ; Wisconsin Historical Society ;,2011,"Madison, WI : Wisconsin Dept. of Transportation: State Historical Society of Wisconsin",Archaeological surveying -- Wisconsin -- Maps ; Wisconsin -- Antiquities -- Maps ;,North and Central America;,United States,Wisconsin,,,,Wisconsin,Other title  Archaeological discovery along Wisconsin's highways  Archaeological along Wisconsin highways  Notes  Relief shown by shading.  Includes text and illustrations  Text and illustrations on verso.,,,,cartographic image,Still image,Maps,Color;,,W 92°53ʹ00ʺ--W 86°14ʹ00ʺ/N 47°18ʹ00ʺ--N 42°29ʹ00ʺ,American Geographical Society Library - Maps,https://wisconsin-uwm.primo.exlibrisgroup.com/permalink/01UWI_ML/1t3p5iu/alma9920288233402124,"1 map : color ; 47 x 35 cm, folded to 24 x 9 cm",893 B-[2011?],English,"American Geographical Society Library, University of Wisconsin-Milwaukee",University of Wisconsin-Milwaukee Libraries,The Board of Regents of the University of Wisconsin System,am016153 am016154,image/tif; Image/jp2,American Geographical Society Library Digital Map Collection,,,,2026-04-02,2026-04-02,http://cdm17272.contentdm.oclc.org/cdm/ref/collection/agdm/id/38233,38233,38246.cpd,/agdm/image/38246.cpd
20260817_agdm-export_Bbox-Subset.csv,Mappa da viação ferrea dos E.U. do Brasil e da rep. do Uruguay 1947 / organizado expressamente para o Guía Levi,,Brazil 1947,,Guía Levi (Firm),,1947,"São Paulo, Brazil : Guía Levi",Railroads -- Brazil -- Maps ; Railroads -- Uruguay -- Maps ; Brazil -- Maps ; Rio de Janeiro (Brazil) -- Maps ;,South America;,Brazil,,,,,Brazil,"Other title  Planta geral da cidade do Rio de Janeiro  Notes  Includes advertisements, notes and 5 inset maps.  ""Oeste 0° este de Rio de Janeiro.""  Ancillary map on verso ""Planta geral da cidade do Rio de Janeiro"" with inset of city center.",,,,cartographic image,Still image,Maps,Color;,"1:2,000,000",W 73°58ʹ00ʺ--W 28°37ʹ00ʺ/N 5°16ʹ00ʺ--S 33°52ʹ00ʺ,American Geographical Society Library - Maps,https://wisconsin-uwm.primo.exlibrisgroup.com/permalink/01UWI_ML/1t3p5iu/alma991014668555102124,1 map : color ; 60 x 90 cm,253 A-1947,Portuguese,"American Geographical Society Library, University of Wisconsin-Milwaukee",University of Wisconsin-Milwaukee Libraries,The Board of Regents of the University of Wisconsin System,agsmap031502 (a-b),image/tif; Image/jp2,American Geographical Society Library Digital Map Collection,,,,2026-04-02,2026-04-02,http://cdm17272.contentdm.oclc.org/cdm/ref/collection/agdm/id/38236,38236,38249.cpd,/agdm/image/38249.cpd
20260817_agdm-export_Bbox-Subset.csv,"Kopaonik, planinarsko-turistička karta = mountain-touristic map 1:40 000 / autor--Branislav Božović-Denis ; konsultant--arh. Slobodan Mitrović ; radaktor--Ljiljana Popović dip. inž. geod. ; Geokarta d.o.o.",7. izdanje 2008.,"Kopaonik Mountains, Serbia and Kosovo 2008",,"Božović-Denis, Branislav","Popović, Ljiljana ; Geokarta (Firm) ;",2008,"Beograd : ""Geokarta"" d.o.o",Mountaineering -- Kopaonik Mountains (Serbia and Kosovo) -- Maps ; Skis and skiing -- Kopaonik Mountains (Serbia and Kosovo) -- Maps ; Ski resorts -- Kopaonik Mountains (Serbia and Kosovo) -- Maps ; Outdoor recreation -- Kopaonik Mountains (Serbia and Kosovo) -- Maps ; Kopaonik Mountains (Serbia and Kosovo) -- Maps ; Kopaonik Mountains (Serbia and Kosovo) -- Aerial views ;,Europe,Serbia ; Kosovo,,Kopaonik Mountains,,,Kopaonik Mountains,"Other title  Map title: Planinarsko-turistička karta, Kopaonik mountain-touristic map  Notes  Relief shown by contours, shading, and spot heights.  Panel title.  Includes notes, illustrations, and two ancillary maps.  Text, indexes to points of interest, statistical tables, aerial view of ski-lift area, region road map, 2 location maps, and color illustrations on verso.",,,,cartographic image,Still image,Maps,Color;,"1:40,000",E 20°43ʹ12ʺ--E 20°53ʹ33ʺ/N 43°23ʹ14ʺ--N 43°15ʹ03ʺ,American Geographical Society Library - Maps,https://wisconsin-uwm.primo.exlibrisgroup.com/permalink/01UWI_ML/1t3p5iu/alma9919447733402124,"1 map : color ; 49 x 52 cm, on sheet 76 x 61 cm, folded to 25 x 12 cm",662.5-c .K66 A-2008,Croatian ; English ; Serbian,"American Geographical Society Library, University of Wisconsin-Milwaukee",University of Wisconsin-Milwaukee Libraries,The Board of Regents of the University of Wisconsin System,agsmap031509 (a-b),image/tif; Image/jp2,American Geographical Society Library Digital Map Collection,,,,2026-04-02,2026-04-02,http://cdm17272.contentdm.oclc.org/cdm/ref/collection/agdm/id/38239,38239,38252.cpd,/agdm/image/38252.cpd
20260817_agdm-export_Bbox-Subset.csv,The Art museum & gallery guide to Wisconsin 2007 : a sampling of the state's visual arts offerings / illustration by Pamela Harden,,Wisconsin 2007,,Wisconsin Arts Board,"Harden, Pamela ; Trails Custom Publishing ;",2007,"Madison, Wisconsin : Wisconsin Arts Board ; Williams Bay, Wisconsin Trails Custom Publishing","Art galleries, Commercial -- Wisconsin -- Maps ; Art museums -- Wisconsin -- Maps ;",North and Central America;,United States,Wisconsin,,,,Wisconsin,"Other title  Map title: 2007 art museum & gallery guide to Wisconsin  Art museum and gallery guide to Wisconsin  Notes  Pictorial map.  Includes advertisements and illustrations.  Indexed directory, illustrations, text, and advertisements on verso.",,,,cartographic image,Still image,Maps,Color;,,W 92°53ʹ00ʺ--W 86°14ʹ00ʺ/N 47°18ʹ00ʺ--N 42°29ʹ00ʺ,American Geographical Society Library - Maps,https://wisconsin-uwm.primo.exlibrisgroup.com/permalink/01UWI_ML/1t3p5iu/alma9917904683402124,"1 map : color ; 42 x 40 cm, on sheet 67 x 56 cm, folded to 19 x 10 cm",893 C-2007,English,"American Geographical Society Library, University of Wisconsin-Milwaukee",University of Wisconsin-Milwaukee Libraries,The Board of Regents of the University of Wisconsin System,am016198 am016199,image/tif; Image/jp2,American Geographical Society Library Digital Map Collection,,,,2026-04-02,2026-04-02,http://cdm17272.contentdm.oclc.org/cdm/ref/collection/agdm/id/38242,38242,38255.cpd,/agdm/image/38255.cpd
20260817_agdm-export_Bbox-Subset.csv,Cultural map of Wisconsin : a cartographic portrait of the state / David Woodward ... [and others],,Wisconsin 1996,,"Woodward, David, 1942-2004","Ostergren, Robert Clifford ; Brouwer, Onno W. ; Hoelscher, Steven ; Hane, Joshua G., 1968-1996 ;",1996,"Madison, Wis. : University of Wisconsin Press",Historic sites -- Wisconsin -- Maps ; Wisconsin -- Maps ; Wisconsin -- Description and travel ;,North and Central America;,United States,Wisconsin,,,,Wisconsin,"""Wisconsin's history, culture, land & people, more than 1200 sites of interest.""  Accompanied by text: Index to sites (22 p. ; 23 cm.)  Includes descriptive notes for points of interest and col. ill.  Sixteen local area cultural maps and 6 state thematic maps emphasizing connections between landscapes and cultures on verso.",,,,cartographic image,Still image,Maps,Color;,"1:500,000",W 92°53ʹ00ʺ--W 86°14ʹ00ʺ/N 47°18ʹ00ʺ--N 42°29ʹ00ʺ,American Geographical Society Library - Maps,https://wisconsin-uwm.primo.exlibrisgroup.com/permalink/01UWI_ML/1t3p5iu/alma9910508823402124,1 map : color ; 113 x 100 cm,893 B-1996,English,"American Geographical Society Library, University of Wisconsin-Milwaukee",University of Wisconsin-Milwaukee Libraries,The Board of Regents of the University of Wisconsin System,am016161 am016162,image/tif; Image/jp2,American Geographical Society Library Digital Map Collection,,,,2026-04-02,2026-04-02,http://cdm17272.contentdm.oclc.org/cdm/ref/collection/agdm/id/38248,38248,38261.cpd,/agdm/image/38261.cpd
20260817_agdm-export_Bbox-Subset.csv,1967 guide to historic Wisconsin / the State Historical Society of Wisconsin,,Wisconsin 1967,,,State Historical Society of Wisconsin,1967,"Madison, Wis. : State Historical Society of Wisconsin",Historic sites -- Wisconsin -- Maps ; Museums -- History -- Wisconsin -- Directories ; Wisconsin -- Maps ;,North and Central America;,United States,Wisconsin,,,,Wisconsin,"Other title  Guide to historic Wisconsin, 1967  Notes  Includes text and index to historical markers.  Index/directory of historical museums and illustrations on verso.",,,,cartographic image,Still image,Maps,Color;,,W 92°53ʹ00ʺ--W 86°14ʹ00ʺ/N 47°18ʹ00ʺ--N 42°29ʹ00ʺ,American Geographical Society Library - Maps,https://wisconsin-uwm.primo.exlibrisgroup.com/permalink/01UWI_ML/1t3p5iu/alma9919860913402124,"1 map : color ; 60 x 45 cm, folded to 23 x 11 cm",893 B-1967,English,"American Geographical Society Library, University of Wisconsin-Milwaukee",University of Wisconsin-Milwaukee Libraries,The Board of Regents of the University of Wisconsin System,am016186 am016187,image/tif; Image/jp2,American Geographical Society Library Digital Map Collection,,,,2026-04-02,2026-04-02,http://cdm17272.contentdm.oclc.org/cdm/ref/collection/agdm/id/38251,38251,38264.cpd,/agdm/image/38264.cpd
20260817_agdm-export_Bbox-Subset.csv,"Wandering Wisconsin : art, stories, adventure / Wandering Wisconsin",,Wisconsin 2009,,Wisconsin Art Environment Consortium,,2009,"Sheboygan, Wisconsin : Wisconsin Art Environment Consortium WAEC",Art -- Wisconsin -- Maps;,North and Central America;,United States,Wisconsin,,,,Wisconsin,"Includes text, illustrations, mileage chart and 9 inset maps.  Suggested itineraries, descriptive index with ill. and coupons on verso.",,,,cartographic image,Still image,Maps,Color;,,W 92°53ʹ00ʺ--W 86°14ʹ00ʺ/N 47°18ʹ00ʺ--N 42°29ʹ00ʺ,American Geographical Society Library - Maps,https://wisconsin-uwm.primo.exlibrisgroup.com/permalink/01UWI_ML/1t3p5iu/alma9919076633402124,"1 map : color ; 56 x 67 cm, folded to 23 x 9 cm",893 C-[2009],English,"American Geographical Society Library, University of Wisconsin-Milwaukee",University of Wisconsin-Milwaukee Libraries,The Board of Regents of the University of Wisconsin System,am016194 am016195,image/tif; Image/jp2,American Geographical Society Library Digital Map Collection,,,,2026-04-02,2026-04-02,http://cdm17272.contentdm.oclc.org/cdm/ref/collection/agdm/id/38254,38254,38267.cpd,/agdm/image/38267.cpd
20260817_agdm-export_Bbox-Subset.csv,"National Geographic Wisconsin GuideMap : more than a map, what to see and do in Wisconsin ... easy-to-use detailed road maps",,Wisconsin 1999,,GeoSystems Global Corp.,"National Geographic Maps (Firm) ; Laminating Services, Inc.",1999,"Mountville, Pa. : Published by GeoSystems Global Corporation, in association with National Geographic Maps ; Largo, FL : manufactured by Laminating Services, Inc.,",Roads -- Wisconsin -- Maps ; Scenic byways -- Wisconsin -- Maps ; Cities and towns -- Wisconsin -- Maps ; Central business districts -- Wisconsin -- Milwaukee -- Maps ; Wisconsin -- Maps ;  Madison Metropolitan Area (Wis.) -- Maps ; Apostle Islands National Lakeshore (Wis.) -- Maps ; Saint Croix National Scenic Riverway (Wis. and Minn.) -- Maps ;,North and Central America;,United States,Wisconsin,,,,Wisconsin,"Other title  National Geographic Wisconsin Guide Map  Title at head of index and spine title: Wisconsin  Notes  Relief shown by shading.  Indexed for counties, cities, and towns.  City insets: Superior -- Appleton -- Eau Claire -- Green Bay -- Milwaukee -- Oshkosh -- Racine-Kenosha.  Includes index of places, 7 metro-area insets, mileage table, location map, climographs, and col. ill.  Text, descriptive index, ancillary maps of ""Milwaukee [downtown map]"", Madison"", ""Apostle Islands National Park"", ""St. Croix National Scenic Riverway"", ""scenic drive"", and ""Wisconsin [physical map]"", table of ""Park Service sites in Wisconsin"", calendar of events, and col. ill. on verso.",,,,cartographic image,Still image,Maps,Color;,"1:1,267,200",W 92°53ʹ00ʺ--W 86°14ʹ00ʺ/N 47°18ʹ00ʺ--N 42°29ʹ00ʺ,American Geographical Society Library - Maps,https://wisconsin-uwm.primo.exlibrisgroup.com/permalink/01UWI_ML/1t3p5iu/alma9915376573402124,"1 map : color, laminated ; 53 x 46 cm, folded to 23 x 11 cm",893 A-1999b,English,"American Geographical Society Library, University of Wisconsin-Milwaukee",University of Wisconsin-Milwaukee Libraries,The Board of Regents of the University of Wisconsin System,am016110 am016111,image/tif; Image/jp2,American Geographical Society Library Digital Map Collection,,,,2026-04-02,2026-04-02,http://cdm17272.contentdm.oclc.org/cdm/ref/collection/agdm/id/38257,38257,38270.cpd,/agdm/image/38270.cpd
20260817_agdm-export_Bbox-Subset.csv,Wisconsin highway map & attraction guide,2001-2002 edition,Wisconsin 2001,,Association of Wisconsin Tourism Attractions,,2001,"Madison, WI : Association of Wisconsin Tourism Attractions",Wisconsin -- Maps;,North and Central America;,United States,Wisconsin,,,,Wisconsin,"Other title  Wisconsin highway map and attraction guide  Notes  Panel title.  Includes indexes, list of memorial highways and bridges, mileage chart and distance diagram.  Map showing attraction cities by 4 regions and col. ill. index of attractions, 4 local route maps, and advertisements on verso.",,,,cartographic image,Still image,Maps,Color;,"1:823,680",W 92⁰54ʹ--W 86⁰48ʹ/N 47⁰05ʹ--N 42⁰29ʹ,American Geographical Society Library - Maps,https://wisconsin-uwm.primo.exlibrisgroup.com/permalink/01UWI_ML/1t3p5iu/alma9915459553402124,"1 map : color, illustrations ; 72 x 63 cm",93 A-2001a,English,"American Geographical Society Library, University of Wisconsin-Milwaukee",University of Wisconsin-Milwaukee Libraries,The Board of Regents of the University of Wisconsin System,am016101 am016100,image/tif; Image/jp2,American Geographical Society Library Digital Map Collection,,,,2026-04-02,2026-04-02,http://cdm17272.contentdm.oclc.org/cdm/ref/collection/agdm/id/38260,38260,38273.cpd,/agdm/image/38273.cpd
20260817_agdm-export_Bbox-Subset.csv,"Old San Juan map guide / editor, Norma Burgos ; courtesy of the municipality of San Juan 1987-1988",,"San Juan, Puerto Rico 1987",,"Area Production Caribbean (San Juan, P.R.)","Burgos, Norma, editor",1987,"San Juan, P.R. : Area Production Caribbean",San Juan (P.R.) -- Maps ; Tourist maps;,North and Central America;,United States,Puerto Rico,,,,Puerto Rico,"Panel title.  Includes illustrations and index to points of interest.  Illustrations, text, ancillary map of ""Old San Juan"" indexed to advertisements on verso.",,,,cartographic image,Still image,Maps,Color;,,W 66°07ʹ30ʺ--W 65°59ʹ29ʺ/N 18°28ʹ19ʺ--N 18°17ʹ47ʺ,American Geographical Society Library - Maps,https://wisconsin-uwm.primo.exlibrisgroup.com/permalink/01UWI_ML/1t3p5iu/alma991014668554802124,"1 map : color ; 15 x 21 cm, on sheet 62 x 93 cm",238-d .S2J8 A-1987-88,Spanish,"American Geographical Society Library, University of Wisconsin-Milwaukee",University of Wisconsin-Milwaukee Libraries,The Board of Regents of the University of Wisconsin System,agsmap031498 (a-b),image/tif; Image/jp2,American Geographical Society Library Digital Map Collection,,,,2026-04-02,2026-04-02,http://cdm17272.contentdm.oclc.org/cdm/ref/collection/agdm/id/38266,38266,38279.cpd,/agdm/image/38279.cpd
20260817_agdm-export_Bbox-Subset.csv,Welcome to Wisconsin : 1976 official highway map of Wisconsin / Department of Transportation,,Wisconsin 1976,,Wisconsin. Department of Transportation,,1976,"Madison, Wis. : Dept. of Transportation",Roads -- Wisconsin -- Maps ; Wisconsin -- Maps ;,North and Central America;,United States,Wisconsin,,,,Wisconsin,"Other title  Panel title: Wisconsin '76  Notes  Includes text, ill., and table of Wisconsin state parks and forests.  Text, index, col. ill., mileage table, ""intercity passenger transportation service"" map, ""division of highways and state patrol offices"" map, and 15 ancillary maps on verso.",,,,cartographic image,Still image,Maps,Color;,"1:823,680",W 92°53ʹ00ʺ--W 86°14ʹ00ʺ/N 47°18ʹ00ʺ--N 42°29ʹ00ʺ,American Geographical Society Library - Maps,https://wisconsin-uwm.primo.exlibrisgroup.com/permalink/01UWI_ML/1t3p5iu/alma9916753273402124,1 map : color ; 71 x 61 cm,893 A-1976,English,"American Geographical Society Library, University of Wisconsin-Milwaukee",University of Wisconsin-Milwaukee Libraries,The Board of Regents of the University of Wisconsin System,am016116 am016117,image/tif; Image/jp2,American Geographical Society Library Digital Map Collection,,,,2026-04-02,2026-04-02,http://cdm17272.contentdm.oclc.org/cdm/ref/collection/agdm/id/38269,38269,38282.cpd,/agdm/image/38282.cpd
20260817_agdm-export_Bbox-Subset.csv,"Map of South Italy and adjacent coasts / by A. Arrowsmith 1807, Hydrographer to His Majesty ; E. Jones sc.",Additions to 1821.,Italy 1821,,"Arrowsmith, Aaron, 1750-1823","Jones, Edward, engraver",,London : Published by A. Arrowsmith,"Italy, Southern -- Maps ; Sardinia (Italy) -- Maps ; Sicily (Italy) -- Maps ; Corsica (France) -- Maps ;",Europe;,Italy,,,,,Italy,Relief shown by hachures.,,,,cartographic image,Still image,Maps,B&W;,"1:640,000",E 6°37ʹ00ʺ--E 18°47ʹ00ʺ/N 47°05ʹ00ʺ--N 35°17ʹ00ʺ,American Geographical Society Library - Maps,https://wisconsin-uwm.primo.exlibrisgroup.com/permalink/01UWI_ML/1t3p5iu/alma991014667653302124,1 map on 4 sheets ; sheets 68 x 86 cm,655-c .S6 A-[1821] 4 sheets,English,"American Geographical Society Library, University of Wisconsin-Milwaukee",University of Wisconsin-Milwaukee Libraries,The Board of Regents of the University of Wisconsin System,agsmap031441 (001-004),image/tif; Image/jp2,American Geographical Society Library Digital Map Collection,,,,2026-04-02,2026-04-02,http://cdm17272.contentdm.oclc.org/cdm/ref/collection/agdm/id/38274,38274,38287.cpd,/agdm/image/38287.cpd
20260817_agdm-export_Bbox-Subset.csv,"Wisconsin / map prepared by Allan Cartography of Medford, Oregon, using base materials from the United States Geological Survey's 1:500,000 scale state map series and the USGS 3-second digital elevation data base...",,Wisconsin 1996,,Allan Cartography (Firm),Raven Maps & Images,1996,Medford : Raven Maps & Images,Wisconsin -- Maps ; Physical maps,North and Central America;,United States,Wisconsin,,,,Wisconsin,"Relief shown by shading, gradient tints, and spot heights.",,,,cartographic image,Still image,Maps,Color;,"1:500,000",W 93⁰--W 86⁰/N 48⁰--N 42⁰,American Geographical Society Library - Maps,https://wisconsin-uwm.primo.exlibrisgroup.com/permalink/01UWI_ML/1t3p5iu/alma9910417553402124,1 map : color ; on sheet 121 x 109 cm,893 A-1996,English,"American Geographical Society Library, University of Wisconsin-Milwaukee",University of Wisconsin-Milwaukee Libraries,The Board of Regents of the University of Wisconsin System,am016106 am016107,image/tif; Image/jp2,American Geographical Society Library Digital Map Collection,,,,2026-04-02,2026-04-02,http://cdm17272.contentdm.oclc.org/cdm/ref/collection/agdm/id/38278,38278,38291.cpd,/agdm/image/38291.cpd
20260817_agdm-export_Bbox-Subset.csv,"Visit La Crosse, Wisconsin : heart of the Great Coulee region",,"La Crosse, Wisconsin 1920",,,Liesenfeld Press ; La Crosse Chamber of Commerce,1920,"Publication  La Crosse, Wis. : The Chamber of Commerce  Manufacture  La X, Wis. : Liesenfeld Press",La Crosse (Wis.) -- Maps,North and Central America;,United States,Wisconsin,,,La Crosse,La Crosse,"Other title  Map title: What La Crosse, the beautiful, offers the tourist : a wonderful vacation and every form of outdoor life  Notes  Includees index, text and illustrations.  Text and illustrations on verso.",,,,cartographic image,Still image,Maps,B&W;,,W 91°16ʹ33ʺ--W 91°09ʹ25ʺ/N 43°53ʹ54ʺ--N 43°44ʹ45ʺ,American Geographical Society Library - Maps,https://wisconsin-uwm.primo.exlibrisgroup.com/permalink/01UWI_ML/1t3p5iu/alma991014668555502124,"1 map ; 70 x 54 cm, folded to 24 x 14 cm",893-d .L32 A-[1920?],English,"American Geographical Society Library, University of Wisconsin-Milwaukee",University of Wisconsin-Milwaukee Libraries,The Board of Regents of the University of Wisconsin System,agsmap031503 (a-b),image/tif; Image/jp2,American Geographical Society Library Digital Map Collection,,,,2026-04-02,2026-04-02,http://cdm17272.contentdm.oclc.org/cdm/ref/collection/agdm/id/38281,38281,38294.cpd,/agdm/image/38294.cpd
20260817_agdm-export_Bbox-Subset.csv,"Wisconsin fairs schedule : county, district & state",,Wisconsin 2008,,Wisconsin Association of Fairs,,2008,"Fitchburg, WI : Wisconsin Association of Fairs",Agricultural exhibitions -- Wisconsin -- Calendars ; Agricultural exhibitions -- Wisconsin -- Directories ;,North and Central America;,United States,Wisconsin,,,,Wisconsin,"Earlier title : Wisconsin county, district and state fairs",,,,cartographic image,Still image,Maps,Color;,,W 92°53ʹ00ʺ--W 86°14ʹ00ʺ/N 47°18ʹ00ʺ--N 42°29ʹ00ʺ,American Geographical Society Library - Maps,https://wisconsin-uwm.primo.exlibrisgroup.com/permalink/01UWI_ML/1t3p5iu/alma9920300583402124,1 map :color  ; 44 x 56 cm folded to 22 x 10 cm,893 A-2008,English,"American Geographical Society Library, University of Wisconsin-Milwaukee",University of Wisconsin-Milwaukee Libraries,The Board of Regents of the University of Wisconsin System,am016151 am016152,image/tif; Image/jp2,American Geographical Society Library Digital Map Collection,,,,2026-04-02,2026-04-02,http://cdm17272.contentdm.oclc.org/cdm/ref/collection/agdm/id/38284,38284,38297.cpd,/agdm/image/38297.cpd
20260817_agdm-export_Bbox-Subset.csv,The 2009 art museum & gallery guide to Wisconsin : a sampling of the state's visual arts offerings / Wisconsin Arts Board,,Wisconsin 2009,,,Wisconsin Arts Board,2009,"Madison, Wisconsin : Wisconsin Arts Board","Art galleries, Commercial -- Wisconsin -- Maps ; Art museums -- Wisconsin -- Maps ;",North and Central America;,United States,Wisconsin,,,,Wisconsin,"Other title  Art museum & gallery guide to Wisconsin  Notes  Includes advertisements and illustrations.  Indexed directory, illustrations, text, and advertisements on verso.",,,,cartographic image,Still image,Maps,Color;,,W 92°53ʹ00ʺ--W 86°14ʹ00ʺ/N 47°18ʹ00ʺ--N 42°29ʹ00ʺ,American Geographical Society Library - Maps,https://wisconsin-uwm.primo.exlibrisgroup.com/permalink/01UWI_ML/1t3p5iu/alma9919076643402124,"1 map : color ; 42 x 40 cm, on sheet 67 x 56 cm, folded to 19 x 10 cm",893 C-2009a,English,"American Geographical Society Library, University of Wisconsin-Milwaukee",University of Wisconsin-Milwaukee Libraries,The Board of Regents of the University of Wisconsin System,,image/tif; Image/jp2,American Geographical Society Library Digital Map Collection,,,,2026-04-02,2026-04-02,http://cdm17272.contentdm.oclc.org/cdm/ref/collection/agdm/id/38287,38287,38300.cpd,/agdm/image/38300.cpd
20260817_agdm-export_Bbox-Subset.csv,Novissima & exactissima totivs regni Neapolis tabula / a Ioanne Bapt. Homanno,,Italy 1715,,"Homann, Johann Baptist, 1663-1724",,1715,Norimbergae Nuremberg : Johann Bapt. Homanno,"Naples (Kingdom) -- Maps -- Early works to 1800 ; Italy, Southern -- Maps -- Early works to 1800 ;",Europe,Italy,,,,,Italy,"Relief shown pictorially. Includes small key in lower left and 2 illustrated, decorative cartouches. Title cartouche is in the top right corner with illustrations of a sea monster, cherubs, a knight and a woman. The scale cartouche is in lower right and depicts Perseus and Andromeda, an illustration of the coat of arms of the Angevin kingdom of Naples and Mount Vesuvius erupting in the background. Page ""60"" in bottom right.",,,,cartographic image,Still image,Maps,Color;,"1:1,100,000","E 13°49'00""--E 18°53'00""/N 42°42'00""--N 37°34'00""",American Geographical Society Library - Maps,https://wisconsin-uwm.primo.exlibrisgroup.com/permalink/01UWI_ML/1t3p5iu/alma991014667653602124,1 map : hand colored ; 55 x 47 cm,655-c .S6 A-[1710],Latin,"American Geographical Society Library, University of Wisconsin-Milwaukee",University of Wisconsin-Milwaukee Libraries,The Board of Regents of the University of Wisconsin System,agsmap031438,image/tif; Image/jp2,American Geographical Society Library Digital Map Collection,,"Seventeenth-century 1715 map shows Naples' Kingdom coastline, rivers, cities, and stylized sea and volcano art.",,2026-04-03,2026-06-26,http://cdm17272.contentdm.oclc.org/cdm/ref/collection/agdm/id/38288,38288,38242.jp2,/agdm/image/38242.jp2
20260817_agdm-export_Bbox-Subset.csv,Southern Italy / drawn under the direction of Mr. Pinkerton by L. Hebert ; Neele sculpt. 352 Strand,,Italy 1820,,"Hebert, L., draftsman","Neele, Samuel John, 1758-1824, engraver ; Pinkerton, John, 1758-1826 ; Bradford and Inskeep ; Moses Thomas ; Inskeep and Bradford ;",1820,Philadelphia : Bradford & Inskeep : Moses Thoma ; New York : Inskeep & Bradford,"Italy, Southern -- Maps ; Corsica (France) -- Maps ; Sardinia (Italy) -- Maps ; Sicily (Italy) -- Maps ; Malta -- Maps ;",Europe;,Italy,,,,,Italy,Relief shown by hachures. Prime meridian: Greenwich. Includes inset: Is. of Malta and Gozo. Pinkerton's modern atlas--Across the top margin.,,,,cartographic image,Still image,Maps,Color;,"1:1,500,000",E 7°49ʹ00ʺ--E 18°31ʹ00ʺ/N 43°03ʹ00ʺ--N 36°32ʹ00ʺ,American Geographical Society Library - Maps,https://wisconsin-uwm.primo.exlibrisgroup.com/permalink/01UWI_ML/1t3p5iu/alma991014667653202124,1 map : hand colored ; 49 x 68 cm,655-c .S6 A-[1820?],English,"American Geographical Society Library, University of Wisconsin-Milwaukee",University of Wisconsin-Milwaukee Libraries,The Board of Regents of the University of Wisconsin System,agsmap031442,image/tif; Image/jp2,American Geographical Society Library Digital Map Collection,,"An 1820 map details Southern Italy's regions and borders alongside Corsica, Sardinia, Sicily, and Malta on the Mediterranean.",,2026-04-03,2026-06-26,http://cdm17272.contentdm.oclc.org/cdm/ref/collection/agdm/id/38289,38289,38239.jp2,/agdm/image/38239.jp2
20260817_agdm-export_Bbox-Subset.csv,"Insulae Tremitanae, olim Diomedeae dictae = Isles de Diomede ou Tremitanes / par Mr. Blaeu a Amsterdam ; chez P. Mortier",,"Tremiti Islands, Italy 1700",,"Mortier, Pierre, 1661-1711",,1700,Amsterdam : P. Mortier,Tremiti Islands (Italy) -- Aerial views -- Early works to 1800 ; Tremiti Islands (Italy) -- Maps -- Early works to 1800 ;,Europe;,Italy,Tremiti Islands,,,,Tremiti Islands,Other title Isles de Diomede ou Tremitanes Notes Relief shown pictorially. Includes index and illustrations.,,,,cartographic image,Still image,Maps,Color;,,E 15°28ʹ15ʺ--E 15°32ʹ17ʺ/N 42°08ʹ32ʺ--N 42°06ʹ07ʺ,American Geographical Society Library - Maps,https://wisconsin-uwm.primo.exlibrisgroup.com/permalink/01UWI_ML/1t3p5iu/alma991014667653002124,"1 view : colored ; 38 x 50 cm, on sheet 53 x 63 cm",655-c .T7I8 A-[1700],Latin ; French ; Italian,"American Geographical Society Library, University of Wisconsin-Milwaukee",University of Wisconsin-Milwaukee Libraries,The Board of Regents of the University of Wisconsin System,agsmap031444,image/tif; Image/jp2,American Geographical Society Library Digital Map Collection,,Map from 1700 illustrates Tremiti Islands' terrain and the settlements at San Domingo and Santo Nicola near Italy.,,2026-04-03,2026-06-26,http://cdm17272.contentdm.oclc.org/cdm/ref/collection/agdm/id/38293,38293,38241.jp2,/agdm/image/38241.jp2
20260817_agdm-export_Bbox-Subset.csv,Territoire de Trevigiano / par Mr. Blaeu,,"Veneto, Italy 1695",,"Blaeu, Joan, 1596-1673",,1695,Amsterdam : Chez Pierre Mortier,Veneto (Italy) -- Maps -- Early works to 1800 ; Treviso (Italy : Province) -- Maps -- Early works to 1800 ;,Europe;,Italy,Treviso,,,Veneto,Veneto,"Relief shown pictorially. Includes 2 illustrated cartouches; title cartouche in top right, scale cartouche in lower left. Avec privil.",,,,cartographic image,Still image,Maps,Color;,"1:170,000",E 11°31ʹ22ʺ--E 12°53ʹ43ʺ/N 46°06ʹ36ʺ--N 45°23ʹ57ʺ,American Geographical Society Library - Maps,https://wisconsin-uwm.primo.exlibrisgroup.com/permalink/01UWI_ML/1t3p5iu/alma991014667652802124,1 map : colored ; 37 x 48 cm,655-c .T73 A-[1695],French,"American Geographical Society Library, University of Wisconsin-Milwaukee",University of Wisconsin-Milwaukee Libraries,The Board of Regents of the University of Wisconsin System,agsmap031445,image/tif; Image/jp2,American Geographical Society Library Digital Map Collection,,"A 1695 map divides the Territoire de Trevigiano into regions, marking its parlamento, cities, and rivers.",,2026-04-03,2026-06-26,http://cdm17272.contentdm.oclc.org/cdm/ref/collection/agdm/id/38294,38294,38243.jp2,/agdm/image/38243.jp2
20260817_agdm-export_Bbox-Subset.csv,"Map showing the vicinity of Camp Douglas, Juneau Co. Wis. : constructed from land surveys / topography taken and map drawn under the direction of Lieut. Col. O.H. Ernst, Corps of Engineers, U.S. Army, by A.T. Grohmann, c.e. ; U.S. Engineer Office, Chicago,Ill., June 13, 1902.",May 1902,"Camp Douglas, Wisconsin 1902",,United States. Army. Corps of Engineers,"Ernst, Oswald H. (Oswald Herbert), 1842-1926 ; Grohmann, A. T. ;",1902,"Chicago, Ill. : U.S. Engineer Office",Camp Douglas (Wis.) -- Maps ; Military training camps -- Wisconsin -- Camp Douglas -- Maps ; Military reservations -- Wisconsin -- Juneau County -- Maps ; Land use -- Wisconsin -- Juneau County -- Maps ;,North and Central America;,United States,Wisconsin,,,,Wisconsin,"Shows military reservation, land use, cultivated soil types, buildings, roads, and quarries. Relief shown by hachures.",,,,cartographic image,Still image,Maps,Color;,"1:16,000",W 90°17ʹ14ʺ--W 90°15ʹ05ʺ/N 43°55ʹ36ʺ--N 43°54ʹ44ʺ,American Geographical Society Library - Maps,https://wisconsin-uwm.primo.exlibrisgroup.com/permalink/01UWI_ML/1t3p5iu/alma991014668555302124,1 map : color ; 63 x 82 cm,893-c .C3D6 B-1902,English,"American Geographical Society Library, University of Wisconsin-Milwaukee",University of Wisconsin-Milwaukee Libraries,The Board of Regents of the University of Wisconsin System,agsmap031501,image/tif; Image/jp2,American Geographical Society Library Digital Map Collection,,"A 1902 military map shows Camp Douglas in rural Juneau County, Wisconsin, marking its layout and land use.",,2026-04-03,2026-06-26,http://cdm17272.contentdm.oclc.org/cdm/ref/collection/agdm/id/38296,38296,38235.jp2,/agdm/image/38235.jp2
20260817_agdm-export_Bbox-Subset.csv,Regiae Celsitudinis Sabaudicae Status in quo Ducatus Sabaudiae Principatus Pedemontium Et Ducatus Montisferrati in suas quasq. Ditiones & Territoria divisi cum finitimis Regionibus exhibentur / Directione et Sumptibus Io. Baptistae Homanni,,"Savoy, France and Italy 1715",,"Homann, Johann Baptist, 1663-1724, cartographer, publisher",,1715,Nuremberg : Johann Baptist Homann,Savoy (France and Italy) -- Maps -- Early works to 1800;,Europe,France ; Italy,,Savoy,,,Savoy,"Relief shown pictorially. Includes illustrated, decorative title cartouche at the top depicting the figures of Minerva, her shield emblazoned with the Savoyard cross, a personification of Savoy , Mars, and the eagle of Jupiter. This is a later state of Homann's map, distinguished by the addition of the imperial privilege at the bottom of the title cartouche, which was only granted in 1715. It must have been issued before Homann's death, however, when the plates in his stock were re-engraved with the imprints of his heirs. For changes to Homann's maps, see the entry in R.V. Tooley, Tooley's Dictionary of Mapmakers, rev. ed., E-J, Tring, 2001, p. 361.",,,,cartographic image,Still image,Maps,Color;,,"E 5°31'00""--E 9°10'00""/N 46°16'00""--N 43°45'00""",American Geographical Society Library - Maps,https://wisconsin-uwm.primo.exlibrisgroup.com/permalink/01UWI_ML/1t3p5iu/alma991014667654302124,"1 map : hand-coloured, copperplate engraving ; 48.2 x 55.2 cm",655-c .S285 A-[1715],Latin,"American Geographical Society Library, University of Wisconsin-Milwaukee",University of Wisconsin-Milwaukee Libraries,The Board of Regents of the University of Wisconsin System,agsmap031431,image/tif; Image/jp2,American Geographical Society Library Digital Map Collection,,"A 1715 detailed map of Savoy highlights the Ducatus Sabaudiae, Principatus Pedemontium, and Ducatus Montisferrati.",,2026-04-09,2026-06-26,http://cdm17272.contentdm.oclc.org/cdm/ref/collection/agdm/id/38302,38302,38306.jp2,/agdm/image/38306.jp2
20260817_agdm-export_Bbox-Subset.csv,"Campagna di Roma, olim Latium; Tuscia Suburbicaria, et in ea patrimonium S. Petri; nec non Sabina",Edition with a crack in the plate in upper margin.,"Rome, Italy 1725",,,"Blaeu, Cornelis, 1610-1648 ; Blaeu, Joan, 1596-1673 ;",1725,A Amsterdam : chez Cóvens et Mortier,Rome (Italy) -- Maps ; Lazio (Italy) -- Maps -- Early works to 1800 ; Campagna di Roma (Italy) -- Maps -- Early works to 1800 ;,Europe;,Italy,,,,Rome,Rome,"Relief shown pictorially. Avec privil. Includes illustrations and 2 decorative cartouches. Dedication in a cartouche in lower left corner: ""All. illustr.mo et rev.mo mio Sig.r et Prone Colmo il Sig.r Cassiano del Pozzo ... Cornelio di Guglielmo Blaeu"" 37--Lower right corner.",,,,cartographic image,Still image,Maps,Color;,"1:340,000",E 11°44ʹ00ʺ--E 13°50ʹ00ʺ/N 42°44ʹ00ʺ--N 41°11ʹ00ʺ,American Geographical Society Library - Maps,https://wisconsin-uwm.primo.exlibrisgroup.com/permalink/01UWI_ML/1t3p5iu/alma991014667654002124,1 map : hand colored ; 37 x 48 cm,655-c .R65 A-[1725],Latin,"American Geographical Society Library, University of Wisconsin-Milwaukee",University of Wisconsin-Milwaukee Libraries,The Board of Regents of the University of Wisconsin System,agsmap031434,image/tif; Image/jp2,American Geographical Society Library Digital Map Collection,,A 1725 map titled Campagna di Roma depicts Lazio and the Papal Estates with storage-highlighted border territories.,,2026-04-09,2026-06-26,http://cdm17272.contentdm.oclc.org/cdm/ref/collection/agdm/id/38303,38303,38303.jp2,/agdm/image/38303.jp2
20260817_agdm-export_Bbox-Subset.csv,"South Italy and the island of Sardinia / by Keith Johnston, F.R.S.E. ; engraved & printed by W. & A.K. Johnston",,"Italy, southern 1861",,"Johnston, Alexander Keith, 1804-1871",W. & A.K. Johnston Limited,1861,Edinburgh : William Blackwood & Sons,"Italy -- Maps ; Naples, Bay of (Italy) -- Maps ;",Europe;,Italy,,,,,Italy,"Is Part Of Johnston, Alexander Keith, 1804-1871. Royal atlas of modern geography. Edinburgh ; London : William Blackwood and Sons, 1861. page 14 Notes Relief shown by hachures and spot heights. Includes inset map of the Bay of Naples, scale approximately 1:300,000. Boundaries hand colored; hydrography printed in blue. Longitude east from Greenwich and Paris. Page 14 from Keith Johnston's general atlas.",,,,cartographic image,Still image,Maps,Color;,"1:1,500,000",E 8°00ʹ--E 18°40ʹ/N 41°50ʹ--N 35°40ʹ,American Geographical Society Library - Maps,https://wisconsin-uwm.primo.exlibrisgroup.com/permalink/01UWI_ML/1t3p5iu/alma991014667653802124,1 map : color ; 43 x 58 cm,655-c .S6 A-[1861],English,"American Geographical Society Library, University of Wisconsin-Milwaukee",University of Wisconsin-Milwaukee Libraries,The Board of Regents of the University of Wisconsin System,agsmap031436,image/tif; Image/jp2,American Geographical Society Library Digital Map Collection,,"Original map from 1861 shows southern Italy, Sardinia, and nearby seas with detailed regional boundaries.",,2026-04-09,2026-06-26,http://cdm17272.contentdm.oclc.org/cdm/ref/collection/agdm/id/38308,38308,38310.jp2,/agdm/image/38310.jp2
20260817_agdm-export_Bbox-Subset.csv,La Romagne / Par Mr. Blaeu ; chez P. Mortier,,"Romagna, Italy 1725?",,"Blaeu, Joan, 1596-1673, cartographer","Mortier, Pierre, 1661-1711, publisher",1725,A Amsterdam : chez P. Mortier,Romagna (Italy) -- Maps -- Early works to 1800,Europe;,Italy,,,,Romagna,Romagna,Relief shown pictorially. Includes illustrations including a decorative title cartouche showing a putto and a goddess carrying a wheat sheaf and a lily with papal keys at the top. Scale contained in cartouche decorated with a single winged putto holding a staff.,,,,cartographic image,Still image,Maps,Color;,"1:252,000","E 11°29'00""--E 12°49'00""/N 44°43'00""--N 43°44'00""",American Geographical Society Library - Maps,https://wisconsin-uwm.primo.exlibrisgroup.com/permalink/01UWI_ML/1t3p5iu/alma991014667653902124,1 map : hand coloured ; 38 x 50 cm,655-c .R655 A-[1725?],French,"American Geographical Society Library, University of Wisconsin-Milwaukee",University of Wisconsin-Milwaukee Libraries,The Board of Regents of the University of Wisconsin System,agsmap031435,image/tif; Image/jp2,American Geographical Society Library Digital Map Collection,,"17th-century Blaeu map of Romagna, Italy (1725) depicts rivers, borders, and cities.",,2026-04-09,2026-06-26,http://cdm17272.contentdm.oclc.org/cdm/ref/collection/agdm/id/38309,38309,38308.jp2,/agdm/image/38308.jp2
20260817_agdm-export_Bbox-Subset.csv,"Status Ecclesiasticus, magnus ducatus Florentiae, et resp. Lucae : complectens ducatus Urbini, Spoleti, Braciani et Castri. marchion. Anconae, urbis ditiones Romam, patrimonium S. Petri, Orvietum, Florentiam, Pisam et Senam : cum supra et subjacentibus regionibus / fecerunt et ediderunt Gerardus et Leonardus Valk.",,"Italy, northern 1705",,"Valck, G. (Gerard), 1651-1726",,1705,Amsterdam : Gerardus et Leonardus Valk,"Italy, Northern -- Maps -- Early works to 1800",Europe,Italy,,,,,Italy,"Relief shown pictorially. Prime meridian: Ferro. Bar scales given in ""milliaria Italica"" and ""milliaria Germanica."" The title is along the top band of the map and describes the territory shown on the map including the Papal States, the Grand Duchy of Tuscany, the Republic of Lucca, the State of Parma, the Duchy of Modena and the Duchy of Mirandola.",,,,cartographic image,Still image,Maps,Color;,"1:850,000",E 8°54ʹ--E 14°15ʹ/N 45°0ʹ--N 41°30',American Geographical Society Library - Maps,https://wisconsin-uwm.primo.exlibrisgroup.com/permalink/01UWI_ML/1t3p5iu/alma991014667655002124,1 map : hand colored ; 46.3 x 57 cm,655-c .N6 A-[1705],Latin,"American Geographical Society Library, University of Wisconsin-Milwaukee",University of Wisconsin-Milwaukee Libraries,The Board of Regents of the University of Wisconsin System,agsmap031424,image/tif; Image/jp2,American Geographical Society Library Digital Map Collection,,"An early 18th-century map illustrating church districts and secular states across northern Italy, including Rome.",,2026-04-14,2026-06-26,http://cdm17272.contentdm.oclc.org/cdm/ref/collection/agdm/id/38323,38323,38318.jp2,/agdm/image/38318.jp2
20260817_agdm-export_Bbox-Subset.csv,Dvché de Parma et de Piacenza / chez Pierre Mortier,,"Parma, Italy 1700",,"Cóvens et Mortier, publisher","Blaeu, Joan, 1596-1673, cartographer",1700,A Amsterdam : Chez Pierre Mortier,Parma and Piacenza (Duchy) -- Maps -- Early works to 1800 ; Emilia-Romagna (Italy) -- Maps -- Early works to 1800 ; Parma (Italy : Province) -- Maps -- Early works to 1800 ; Piacenza (Italy : Province) -- Maps -- Early works to 1800 ;,Europe,Italy,,,,,Italy,"Relief shown pictorially. Includes illustrations as part of decorative title cartouche in the bottom left, scale bar in the top left. This map first appeared in an atlas in 1643, in the Latin and French editions of Joan Blaeu's Theatrum Orbis Terrarum (1640-3, vol. 3), and over the next three decades it reappeared with considerable frequency in around twenty further editions of Blaeu atlases. By the end of the century the plate had entered the stock of Pierre Mortier, who acquired many of Blaeu's old copper plates as supplementary material for his own ever-expanding atlases. Under Mortier, the plate was reworked it into the state preserved here, with a French title instead of the original Latin one, plus the addition of Mortier's imprint at the bottom of the title cartouche; by this time, it had also developed two cracks at the left edge, which are prominent on this impression. After Mortier's death in 1711 the plate used for this map passed with the rest of his stock to his widow, in whose presence it is recorded in an inventory of 1720 (no. 200), and eventually to his son Cornelis Mortier, who, with Johannes Covens, re-founded the family enterprise as Cóvens and Mortier in 1721. As part of this rebranding, Pierre Mortier's signature on this map was itself replaced with that of the new firm, which continued to issue copies of the map for several decades.",,,,cartographic image,Still image,Maps,Color;,"1:270,000",E 9°13ʹ34ʺ--E 10°38ʹ27ʺ/N 45°10ʹ27ʺ--N 44°34ʹ35ʺ,American Geographical Society Library - Maps,https://wisconsin-uwm.primo.exlibrisgroup.com/permalink/01UWI_ML/1t3p5iu/alma991014667654902124,"1 map : colored, copperplate engraving ; 35.6 x 47.2 cm",655-c .P35 A-[1700],French,"American Geographical Society Library, University of Wisconsin-Milwaukee",University of Wisconsin-Milwaukee Libraries,The Board of Regents of the University of Wisconsin System,agsmap031425,image/tif; Image/jp2,American Geographical Society Library Digital Map Collection,,A 1700s colored map illustrates the Duchy of Parma and Piacenza's political and regional divisions.,,2026-04-14,2026-06-26,http://cdm17272.contentdm.oclc.org/cdm/ref/collection/agdm/id/38325,38325,38333.jp2,/agdm/image/38333.jp2
20260817_agdm-export_Bbox-Subset.csv,Territoire d'Orvieto / Chez Pierre Mortier,,Italy 1700,,,"Mortier, Pierre, publisher ; Blaeu, Joan, 1596-1673, cartographer ;",1700,A Amsterdam Chez Pierre Mortier,Orvieto (Italy) -- Maps ; Terni (Italy : Province) -- Maps -- Early works to 1800 ; Umbria (Italy) -- Maps -- Early works to 1800 ;,Europe,Italy,,,,,Italy,"Relief shown pictorially. Title in a cartouche at the top left, surmounted by the arms of the Papal States, which are held in place by two angels bearing palms. This map was originally published in the Latin and French editions of Joan Blaeu's Theatrum Orbis Terrarum (1640-3, vol. 3), and over the next three decades it reappeared with considerable frequency in around twenty editions of Blaeu atlases. By the end of the century, the plate had entered the stock of Pierre Mortier, who reworked it into the state found here, with a French title instead of the original Latin one, and a new imprint immediately below. After establishing himself in Amsterdam as a purveyor of French maps, Mortier sought to acquire outdated Dutch stock for his ever expanding atlases. Titled 'Territoire d'Orvieto, chez Mortier.' in the Catalogue of the Maps, Prints, Drawings, etc., forming the geographical and topographical collection attached to the Library of his late Majesty King George the third, etc., London, 1829.",,,,cartographic image,Still image,Maps,Color;,"1:300,000","E 10°46'22""--E 11°58'01""/N 44°51'39""--N 44°14'02""",American Geographical Society Library - Maps,https://wisconsin-uwm.primo.exlibrisgroup.com/permalink/01UWI_ML/1t3p5iu/alma991014667655602124,"1 map : colored, copperplate engraving ; 42.7 x 52.5 cm",655-c .O78 A-[1700?],French,"American Geographical Society Library, University of Wisconsin-Milwaukee",University of Wisconsin-Milwaukee Libraries,The Board of Regents of the University of Wisconsin System,agsmap031418,image/tif; Image/jp2,American Geographical Society Library Digital Map Collection,,"A historic 18th-century map displays Orvieto's provincial districts in Umbria, bordering early boundaries near Terni.",,2026-04-14,2026-06-26,http://cdm17272.contentdm.oclc.org/cdm/ref/collection/agdm/id/38327,38327,38322.jp2,/agdm/image/38322.jp2
20260817_agdm-export_Bbox-Subset.csv,Terre d'Otrante / Par Mr. Blaeu,,"Puglia, Italy 1720",,,"Mortier, Pierre, 1661-1711, publisher ; Blaeu, Joan, 1596-1673, cartographer ;",1720,se vend A Amsterdam : Chez Pierre Mortier,Puglia (Italy) -- Maps -- Early works to 1800;,Europe,Italy,,Puglia,,,Puglia,"Relief shown pictorially. Includes illustrations, decorative title cartouche in bottom center and dedication cartouche in lower left. This map was first published in the Latin and French editions of Blaeu's Theatrum Orbis Terrarum (1640-3, vol. 3), seemingly remaining in use until the late 1640s. By the end of the century, the plate had entered the stock of Pierre Mortier, who reworked it into the state found here, with a French title instead of the original Latin one, and a new imprint immediately below. After establishing himself in Amsterdam as a purveyor of French maps, Mortier sought to acquire outdated Dutch stock for his ever expanding atlases.",,,,cartographic image,Still image,Maps,Color;,,"E 16°38'00""--E 19°03'00""/N 41°11'00""--N 39°36'00""",American Geographical Society Library - Maps,https://wisconsin-uwm.primo.exlibrisgroup.com/permalink/01UWI_ML/1t3p5iu/alma991014667655702124,"1 map : colored ; 38 x 50 cm, on sheet 53 x 63 cm",655-c .P83 A-[1720?],French,"American Geographical Society Library, University of Wisconsin-Milwaukee",University of Wisconsin-Milwaukee Libraries,The Board of Regents of the University of Wisconsin System,agsmap031417,image/tif; Image/jp2,American Geographical Society Library Digital Map Collection,,"A 17th-century map depicts Puglia in southern Italy's heel near the Gulf of Taranto, titled Terre d'Otrante by Blaeu.",,2026-04-14,2026-06-26,http://cdm17272.contentdm.oclc.org/cdm/ref/collection/agdm/id/38328,38328,38317.jp2,/agdm/image/38317.jp2
20260817_agdm-export_Bbox-Subset.csv,Territoire de Pervse. &c / chez Pierre Mortier,,"Perugia, Italy 1700",,,"Mortier, Pierre, publisher ; Blaeu, Joan, 1596-1673, cartographer ;",1700,A Amsterdam : Chez Pierre Mortie,Perugia (Italy : Province) -- Maps -- Early works to 1800 ; Umbria (Italy) -- Maps -- Early works to 1800 ;,Europe;,Italy,Perugia,,,,Perugia,"Relief shown pictorially. Includes illustrations including decorative title cartouche in the bottom right corner, in a cartouche set into a pedestal, which is surmounted by a small shield with the keys of St. Peter, adorned with the Papal Crown, and guarded by two winged angels bearing a palm and the Papal cross. Decorative bar scale in upper right depicting small child with a tablet and calipers.",,,,cartographic image,Still image,Maps,Color;,,E 11°42ʹ00ʺ--E 12°53ʹ00ʺ/N 43°24ʹ00ʺ--N 42°51ʹ00ʺ,American Geographical Society Library - Maps,https://wisconsin-uwm.primo.exlibrisgroup.com/permalink/01UWI_ML/1t3p5iu/alma991014667654702124,"1 map : colored, copperplate engraving ; 36.0 x 47.6 cm",655-c .P47 A-[1700],French,"American Geographical Society Library, University of Wisconsin-Milwaukee",University of Wisconsin-Milwaukee Libraries,The Board of Regents of the University of Wisconsin System,agsmap031427,image/tif; Image/jp2,American Geographical Society Library Digital Map Collection,,"A 17th-century map shows Perugia, Italy, and its surrounding Umbrian towns, with borders and landmarks marked.",,2026-04-16,2026-06-26,http://cdm17272.contentdm.oclc.org/cdm/ref/collection/agdm/id/38334,38334,38336.jp2,/agdm/image/38336.jp2
20260817_agdm-export_Bbox-Subset.csv,Milwaukee County transit guide 2002 : get to know where we go,,"Milwaukee County, Wisconsin 2002",,Milwaukee County Transit System (Agency : Wis.),,2002,"Milwaukee, Wis. : Milwaukee County Transit System",Bus lines -- Wisconsin -- Milwaukee County -- Maps ; Bus lines -- Wisconsin -- Milwaukee -- Maps ; Central business districts -- Wisconsin -- Milwaukee -- Maps ;,North and Central America;,United States,Wisconsin,,Milwaukee,,Milwaukee,"Other title  2002 Milwaukee County transit guide  Notes  Includes index to bus routes and 7 inset maps.  Text, color illustrations, and fare information on verso.",,,,cartographic image,Still image,Maps,Color;,,W 88°04ʹ11ʺ--W 87°04ʹ09ʺ/N 43°11ʹ33ʺ--N 42°50ʹ31ʺ,American Geographical Society Library - Maps,https://wisconsin-uwm.primo.exlibrisgroup.com/permalink/01UWI_ML/1t3p5iu/alma9920175723402124,"1 map : color ; 65 x 55 cm, on sheet 91 x 55 cm",893-c .M54 D-2002b,English,"American Geographical Society Library, University of Wisconsin-Milwaukee",University of Wisconsin-Milwaukee Libraries,The Board of Regents of the University of Wisconsin System,agsmap031521 (a-b),image/tif; Image/jp2,American Geographical Society Library Digital Map Collection,,,,2026-04-21,2026-04-21,http://cdm17272.contentdm.oclc.org/cdm/ref/collection/agdm/id/38340,38340,38344.cpd,/agdm/image/38344.cpd
20260817_agdm-export_Bbox-Subset.csv,Milwaukee County transit guide 2012 / Milwaukee County,,"Milwaukee County, Wisconsin 2012",,Milwaukee County Transit System (Agency : Wis.),,2012,"Milwaukee, Wis. : Milwaukee County Transit System",Bus lines -- Wisconsin -- Milwaukee County -- Maps ; Bus lines -- Wisconsin -- Milwaukee -- Maps ; Central business districts -- Wisconsin -- Milwaukee -- Maps ;,North and Central America;,United States,Wisconsin,,Milwaukee,,Milwaukee,"Panel title.  ""Featuring 3 new routes: Metro Express : Red Line, Blue Line,Green Line."" -- Panel.  Includes index for bus routes and 7 inset maps.  Text, color illustrations, and fare information on verso.",,,,cartographic image,Still image,Maps,Color;,,W 88°04ʹ11ʺ--W 87°04ʹ09ʺ/N 43°11ʹ33ʺ--N 42°50ʹ31ʺ,American Geographical Society Library - Maps,https://wisconsin-uwm.primo.exlibrisgroup.com/permalink/01UWI_ML/1t3p5iu/alma9920272963402124,"1 map : color ; on sheet 91 x 55 cm, folded to 23 x 10 cm",893-c .M54 D-2012,English,"American Geographical Society Library, University of Wisconsin-Milwaukee",University of Wisconsin-Milwaukee Libraries,The Board of Regents of the University of Wisconsin System,agsmap031520 (a-b),image/tif; Image/jp2,American Geographical Society Library Digital Map Collection,,,,2026-04-21,2026-04-21,http://cdm17272.contentdm.oclc.org/cdm/ref/collection/agdm/id/38343,38343,38347.cpd,/agdm/image/38347.cpd
20260817_agdm-export_Bbox-Subset.csv,"Milwaukee County transit guide, 1996 / Milwaukee County",,"Milwaukee County, Wisconsin 1996",,Milwaukee County Transit System (Agency : Wis.),,1996,"Milwaukee, Wis. : Milwaukee County Transit System",Bus lines -- Wisconsin -- Milwaukee County -- Maps ; Bus lines -- Wisconsin -- Milwaukee -- Maps ; Central business districts -- Wisconsin -- Milwaukee -- Maps ;,North and Central America;,United States,Wisconsin,,Milwaukee,,Milwaukee,"Panel title.  Includes ""Downtown"" inset, bus route index, 7 ancillary maps, and notes.  Text, rider information, information about fares, special events, commuter options, and handicap services, express route ancillary map, and illustrations (most color) on verso.",,,,cartographic image,Still image,Maps,Color;,,W 88°04ʹ11ʺ--W 87°04ʹ09ʺ/N 43°11ʹ33ʺ--N 42°50ʹ31ʺ,American Geographical Society Library - Maps,https://wisconsin-uwm.primo.exlibrisgroup.com/permalink/01UWI_ML/1t3p5iu/alma9920175703402124,1 map : color ; on sheet 78 x 48 cm,893-c .M54 D-1996,English,"American Geographical Society Library, University of Wisconsin-Milwaukee",University of Wisconsin-Milwaukee Libraries,The Board of Regents of the University of Wisconsin System,agsmap031519 (a-b),image/tif; Image/jp2,American Geographical Society Library Digital Map Collection,,,,2026-04-21,2026-04-21,http://cdm17272.contentdm.oclc.org/cdm/ref/collection/agdm/id/38346,38346,38350.cpd,/agdm/image/38350.cpd
20260817_agdm-export_Bbox-Subset.csv,"Appalachian region, as designated by the Appalachian Regional Commission, 1965 / prepared and published by the Geological Survey, United States Department of the Interior",,"Appalachian region, United States 1965",,Geological Survey (U.S.),,1965,"Washington, D.C. : U.S. Geological Survey",Appalachian Region -- Maps,North and Central America;,United States,,,,,United States,"Shows national parks, monuments, forests, wildlife refuges, native reservations, state capitals and county seats.",,,,cartographic image,Still image,Maps,Color,"1:2,500,000",W 88°49ʹ00ʺ--W 68°46ʹ00ʺ/N 49°09ʹ00ʺ--N 27°14ʹ00ʺ,American Geographical Society Library - Maps,https://wisconsin-uwm.primo.exlibrisgroup.com/permalink/01UWI_ML/1t3p5iu/alma9915360913402124,1 map : color ; 70 x 59 cm,800-c .A6R4 E-1965,English,"American Geographical Society Library, University of Wisconsin-Milwaukee",University of Wisconsin-Milwaukee Libraries,The Board of Regents of the University of Wisconsin System,agsmap031526,image/tif; Image/jp2,American Geographical Society Library Digital Map Collection,,"A 1965 map of Appalachia displays county boundaries and classifications across Kentucky, Tennessee, and nine neighboring.",,2026-05-07,2026-06-26,http://cdm17272.contentdm.oclc.org/cdm/ref/collection/agdm/id/38372,38372,38373.jp2,/agdm/image/38373.jp2
20260817_agdm-export_Bbox-Subset.csv,Republic of Indonesia showing languages,,Indonesia 1965,,,,1965,Place of publication not identified : publisher not identified,Indonesia -- Languages -- Maps;,Asia;,Indonesia,,,,,Indonesia,"""Page 20"" and ""Paged 21"" -- bottom margin.  Text, illustrations and language key on verso.",,,,cartographic image,Still image,Maps,B&W;,"1:15,000,000",E 92°15ʹ00ʺ--E 147°48ʹ00ʺ/N 10°41ʹ00ʺ--S 15°04ʹ00ʺ,American Geographical Society Library - Maps,https://wisconsin-uwm.primo.exlibrisgroup.com/permalink/01UWI_ML/1t3p5iu/alma991014750331702124,"1 map ; 23 x 40 cm, on sheet 28 x 43 cm",450 C-[1965],English,"American Geographical Society Library, University of Wisconsin-Milwaukee",University of Wisconsin-Milwaukee Libraries,The Board of Regents of the University of Wisconsin System,am009342 am009343,image/tif; Image/jp2,American Geographical Society Library Digital Map Collection,,,,2026-05-15,2026-05-15,http://cdm17272.contentdm.oclc.org/cdm/ref/collection/agdm/id/38384,38384,38394.cpd,/agdm/image/38394.cpd
20260817_agdm-export_Bbox-Subset.csv,"Geologic Map of Indonesia / Prepared by Direktorat Geologi Indonesia,  Under the direction of Soetargo Sigit, Director and published by United States Geological Survey, Under the auspices of Agency for International Development, United States Department of State ; Peta Geologi Indonesia / Disusun oleh Direktorat Geologi, Dibawah pimpinan Soetarjo Sigit, Kepala, Dan diterbitkan oleh Agency for International Development, United States Department of State",,Indonesia 1965,Miscellaneous geologic investigations. Map I-414,"Indonesia. Direktorat Geologi ; Geological Survey (U.S.) ; Sigit, Soetarjo",,1965,"Washington, D.C., United States Geological Survey",Geology -- Indonesia -- Maps;,Asia;,Indonesia,,,,,Indonesia,"""The geology, compiled by Th. H.F. Klompé in 1954 ... has been brought up to date on the basis of investigations carried out to 1962.""  Title and explanations in English and Indonesian.",,,,cartographic image,Still image,Maps,Color;,"1:2,000,000.",E 94°46ʹ00ʺ--E 141°01ʹ00ʺ/N 6°16ʹ00ʺ--S 11°12ʹ00ʺ,American Geographical Society Library - Maps,https://wisconsin-uwm.primo.exlibrisgroup.com/permalink/01UWI_ML/1t3p5iu/alma9919780743402124,"1 map on 2 sheets : color ; 100 x 298 cm, sheets each 100 x 149 cm",441 G-1965 sheet 1 - sheet 2,English ; Indonesian,"American Geographical Society Library, University of Wisconsin-Milwaukee",University of Wisconsin-Milwaukee Libraries,The Board of Regents of the University of Wisconsin System,am009338 am009339,image/tif; Image/jp2,American Geographical Society Library Digital Map Collection,,,,2026-05-15,2026-05-15,http://cdm17272.contentdm.oclc.org/cdm/ref/collection/agdm/id/38399,38399,38409.cpd,/agdm/image/38409.cpd
20260817_agdm-export_Bbox-Subset.csv,The kotapradja of Indonesia 1961,,Indonesia 1961 1962,,"Withington, William A.",,1962,Place of publication not identified : Withington,Indonesia -- Population -- Maps ; Cities and towns -- Indonesia -- Maps ;,Asia;,Indonesia,,,,,Indonesia,"Includes inset enlargement map of the island of Java, pie diagrams showing 1930 and 1961 population composition and population totals. ""Withington 1962"" -- lower left. Possibly from ""Pacific viewpoint.""",,,,cartographic image,Still image,Maps,B&W;,"1:17,000,000",E 94°46ʹ00ʺ--E 141°01ʹ00ʺ/N 6°16ʹ00ʺ--S 11°12ʹ00ʺ,American Geographical Society Library - Maps,https://wisconsin-uwm.primo.exlibrisgroup.com/permalink/01UWI_ML/1t3p5iu/alma991014750331602124,1 map ; 19 x 25 cm,450 C-1962,English,"American Geographical Society Library, University of Wisconsin-Milwaukee",University of Wisconsin-Milwaukee Libraries,The Board of Regents of the University of Wisconsin System,am009344,image/tif; Image/jp2,American Geographical Society Library Digital Map Collection,,A 1962 map of Indonesia's kotapradja cities shows ethnic composition and varying population sizes via circle sizes.,,2026-05-15,2026-06-26,http://cdm17272.contentdm.oclc.org/cdm/ref/collection/agdm/id/38400,38400,38389.jp2,/agdm/image/38389.jp2
20260817_agdm-export_Bbox-Subset.csv,"[Map of Indonesia showing aerodromes, landing grounds, seaplane anchorage, naval bases, and regular commercial air routes].",,Indonesia 1942,,United States. Office of Coordinator of Information. Geographic Division,,1942,"Washington, D.C.? : Geog. Div., O.C.I.",Indonesia -- Maps ; Flight -- Maps ;,Asia;,Indonesia,,,,,Indonesia,"Shows aerodromes, landing grounds, seaplane anchorage, naval bases, and regular commercial air routes. ""No. 62.""",,,,cartographic image,Still image,Maps,,"1:12,000,000",E 94°46ʹ00ʺ--E 141°01ʹ00ʺ/N 6°16ʹ00ʺ--S 11°12ʹ00ʺ,American Geographical Society Library - Maps,https://wisconsin-uwm.primo.exlibrisgroup.com/permalink/01UWI_ML/1t3p5iu/alma9920227183402124,"1 map ; 21 x 43 cm, on sheet 24 x 49 cm",450 D-[1942?],English,"American Geographical Society Library, University of Wisconsin-Milwaukee",University of Wisconsin-Milwaukee Libraries,The Board of Regents of the University of Wisconsin System,am009346,image/tif; Image/jp2,American Geographical Society Library Digital Map Collection,,"A 1945 Indonesian map shows key air routes, aerodromes, naval bases, and seaplane anchorages.",,2026-05-15,2026-06-26,http://cdm17272.contentdm.oclc.org/cdm/ref/collection/agdm/id/38401,38401,38387.jp2,/agdm/image/38387.jp2
20260817_agdm-export_Bbox-Subset.csv,Netherlands East Indies : Population in thousands,"Oct. 15, 1943.",Indonesia 1943,"Department of State publication, Far East Series ; Map 12.",United States. Department of State. Division of Geography and Cartography,,1943,"Washington, D.C. : Department of State, Division of Geography and Cartography",Population -- Maps ; Ethnology -- Indonesia -- Maps -- Nineteen forties ; Indonesia -- Maps -- Nineteen forties ;,Asia;,Indonesia,,,,,Indonesia,"Shows total populations by territory, divided by race. Statistics dated from 1930-1939. ""1121 E."" ""Cartogram to accompany Far East Series, Map 12.""",,,,cartographic image,Still image,Maps,B&W;,,"E 94°10'00""--E 162°25'00""/N 18°04'00""--S 14°41'00""",American Geographical Society Library - Maps,https://wisconsin-uwm.primo.exlibrisgroup.com/permalink/01UWI_ML/1t3p5iu/alma991014750331502124,1 map : color ; sheet 43 x 27 cm,450 C-1943,English,"American Geographical Society Library, University of Wisconsin-Milwaukee",University of Wisconsin-Milwaukee Libraries,The Board of Regents of the University of Wisconsin System,am009345,image/tif; Image/jp2,American Geographical Society Library Digital Map Collection,,A 1943 ethnic population map of the Dutch East Indies shows regional totals and percentages—by province—in thousands.,,2026-05-15,2026-06-26,http://cdm17272.contentdm.oclc.org/cdm/ref/collection/agdm/id/38404,38404,38391.jp2,/agdm/image/38391.jp2
20260817_agdm-export_Bbox-Subset.csv,Kaart der Stoomvaartdiensten van de Koninklijke Paketvaart Maatschappij / lith. J.H. de Bussy,"""1e halfjaar 1914.""",Indonesia 1914,,,"Bussy, J. H. de. ; Koninklijke Paketvaart Maatschappij ;",1914,Amsterdam? : Koninklijke Paketvaart Maatschappij,Koninklijke Paketvaart Maatschappij -- Maps ; Packets -- Indonesia -- Maps ; Mail steamers -- Indonesia -- Maps ; Indonesia -- Maps ;,Asia;,Indonesia,,,,,Indonesia,"Relief shown by hachures. Includes 1 inset map: Java-Australië lign der Kon. Paketvaart Mij. Loaned by the American Geographical Society to the Peace Conference at Versailles, 1918-1919.",,,,cartographic image,Still image,Maps,Color;,,E 94°46ʹ00ʺ--E 141°01ʹ00ʺ/N 6°16ʹ00ʺ--S 11°12ʹ00ʺ,American Geographical Society Library - Maps,https://wisconsin-uwm.primo.exlibrisgroup.com/permalink/01UWI_ML/1t3p5iu/alma9917329303402124,"1 map : color, mounted on linen ; 31 x 82 cm",450 D-1914,Dutch,"American Geographical Society Library, University of Wisconsin-Milwaukee",University of Wisconsin-Milwaukee Libraries,The Board of Regents of the University of Wisconsin System,agsmap031510,image/tif; Image/jp2,American Geographical Society Library Digital Map Collection,,A 1914 steamship route map from Koninklijke Paketvaart Maatschappij shows service across Indonesia and nearby waters.,,2026-06-08,2026-06-26,http://cdm17272.contentdm.oclc.org/cdm/ref/collection/agdm/id/38406,38406,38413.jp2,/agdm/image/38413.jp2
20260817_agdm-export_Bbox-Subset.csv,Mapa de Bolivia / Dibujado especialmente por Camilo Vallejos Z. bajo la dirección de los SS Carlos B. Cisneros y Rómulo E. Garcia para de la Geografia Comercial de la América del Sur ; Grabo. y Lito. por M. Badiola.,,Bolivia 1897,,"Cisneros, Carlos B. ; García, Rómulo E. ;",,1897,Lima : Geografia Comercial de la América del Sur,Bolivia -- Maps;,South America,Bolivia,,,,,Bolivia,Relief shown by hachures and spot heights. Includes note.,,,,cartographic image,Still image,Maps,Color;,"1:3,410,000",W 69°38ʹ00ʺ--W 57°27ʹ00ʺ/S 9°40ʹ00ʺ--S 22°53ʹ00ʺ,American Geographical Society Library - Maps,https://wisconsin-uwm.primo.exlibrisgroup.com/permalink/01UWI_ML/1t3p5iu/alma991012712832202124,1 map : color ;  62 x 54 cm,252 A-1897,Spanish,"American Geographical Society Library, University of Wisconsin-Milwaukee",University of Wisconsin-Milwaukee Libraries,The Board of Regents of the University of Wisconsin System,agsmap031535,image/tif; Image/jp2,American Geographical Society Library Digital Map Collection,,"Bolivia map from 1897 by Cisneros and García displays provincial borders, major cities, and terrain.",,2026-06-08,2026-06-26,http://cdm17272.contentdm.oclc.org/cdm/ref/collection/agdm/id/38408,38408,38419.jp2,/agdm/image/38419.jp2
20260817_agdm-export_Bbox-Subset.csv,"U.S. Department of Commerce, Economic Development Administration, qualified areas : July 1, 1966",,United States 1966,,United States. Economic Development Administration,,1966,"Washington, D.C. : Economic Development Administration","Economic assistance, Domestic -- United States -- Maps",North and Central America;,United States,,,,,United States,Includes insets of Western and Mid-Atlantic regions.,,,,cartographic image,Still image,Maps,Color;,"1:5,000,000",E 144°24ʹ00ʺ--W 64°21ʹ00ʺ/N 71°35ʹ00ʺ--S 14°45ʹ00ʺ,American Geographical Society Library - Maps,https://wisconsin-uwm.primo.exlibrisgroup.com/permalink/01UWI_ML/1t3p5iu/alma991012436036302124,1 map : color ; 62 x 99 cm,800 E-1966c,English,"American Geographical Society Library, University of Wisconsin-Milwaukee",University of Wisconsin-Milwaukee Libraries,The Board of Regents of the University of Wisconsin System,agsmap031530,image/tif; Image/jp2,American Geographical Society Library Digital Map Collection,,A 1966 U.S. Economic Development Administration map highlights regions eligible for federal aid or grants nationwide.,,2026-06-08,2026-06-26,http://cdm17272.contentdm.oclc.org/cdm/ref/collection/agdm/id/38409,38409,38415.jp2,/agdm/image/38415.jp2
20260817_agdm-export_Bbox-Subset.csv,"Java / door E. de Geest, herzien door C.L. van Balen",,Java 1912,,"Geest, E. de. ;",,1912,Amsterdam : Seyffardt's Boekhandel,Java -- Maps;,Asia;,Java,,,,,Java,"Includes 1 inset map: Kangéan-Eilanden (behoorende bij de Residentie Madoera). ""Loaned by the American Geographical Society to the Peace Conference at Versailles, 1918-1919.""",,,,cartographic image,Still image,Maps,Color;,"1:1,000,000",E 105⁰00ʹ--E 114⁰40ʹ/ S 005⁰20ʹ--S 006⁰35ʹ,American Geographical Society Library - Maps,https://wisconsin-uwm.primo.exlibrisgroup.com/permalink/01UWI_ML/1t3p5iu/alma9916714303402124,1 map : color ; 42 x 108 cm,453 A-1912,Dutch,"American Geographical Society Library, University of Wisconsin-Milwaukee",University of Wisconsin-Milwaukee Libraries,The Board of Regents of the University of Wisconsin System,agsmap031511,image/tif; Image/jp2,American Geographical Society Library Digital Map Collection,,"A 1912 map by E. de Geest shows Java's political divisions, cities, and railways at a 1:1,000,000 scale.",,2026-06-08,2026-06-26,http://cdm17272.contentdm.oclc.org/cdm/ref/collection/agdm/id/38410,38410,38410.jp2,/agdm/image/38410.jp2
20260817_agdm-export_Bbox-Subset.csv,"Economic development districts, July 1, 1968",,United States 1968,,United States. Office of Development Districts,,1968,Washington : U.S. Department of Commerce,"Economic assistance, Domestic -- United States -- Maps",North and Central America;,United States,,,,,United States,Includes inset maps: Alaska.--Hawaii.--Guam.--Tutuila.--[Puerto Rico and Virgin Islands].,,,,cartographic image,Still image,Maps,B&W;,"1:6,000,000",E 144°24ʹ00ʺ--W 64°21ʹ00ʺ/N 71°35ʹ00ʺ--S 14°45ʹ00ʺ,American Geographical Society Library - Maps,https://wisconsin-uwm.primo.exlibrisgroup.com/permalink/01UWI_ML/1t3p5iu/alma991012436035502124,1 map ; 52 x 83 cm,800 E-[1968],English,"American Geographical Society Library, University of Wisconsin-Milwaukee",University of Wisconsin-Milwaukee Libraries,The Board of Regents of the University of Wisconsin System,agsmap031531,image/tif; Image/jp2,American Geographical Society Library Digital Map Collection,,"A U.S. map from July 1, 1968 shows government-backed Economic Development Districts with key areas highlighted under.",,2026-06-08,2026-06-26,http://cdm17272.contentdm.oclc.org/cdm/ref/collection/agdm/id/38411,38411,38417.jp2,/agdm/image/38417.jp2
20260817_agdm-export_Bbox-Subset.csv,"[Map of Indonesia showing oil fields, rubber, tin, oil refineries, and oil storage]",,Indonesia 1942,,United States. Office of Coordinator of Information. Geographic Division,,1942,"Washington, D.C.? : Geographic Div., O.C.I.",Natural resources -- Maps ; Indonesia -- Maps ;,Asia;,Indonesia,,,,,Indonesia,"Shows oil fields, rubber, tin, oil refineries, and oil storage. ""No. 60.""",,,,cartographic image,Still image,Maps,,"1:12,000,000",E 94°46ʹ00ʺ--E 141°01ʹ00ʺ/N 6°16ʹ00ʺ--S 11°12ʹ00ʺ,American Geographical Society Library - Maps,https://wisconsin-uwm.primo.exlibrisgroup.com/permalink/01UWI_ML/1t3p5iu/alma9920227173402124,"1 map ; 21 x 43 cm, on sheet 24 x 49 cm",450 E-[1942],English,"American Geographical Society Library, University of Wisconsin-Milwaukee",University of Wisconsin-Milwaukee Libraries,The Board of Regents of the University of Wisconsin System,am009350,image/tif; Image/jp2,American Geographical Society Library Digital Map Collection,,"A 1942 Indonesia map shows oil, rubber, and tin reserves and key refinery sites.",,2026-06-08,2026-06-26,http://cdm17272.contentdm.oclc.org/cdm/ref/collection/agdm/id/38412,38412,38412.jp2,/agdm/image/38412.jp2
20260817_agdm-export_Bbox-Subset.csv,Status of aerial mosaics / Geological Survey,,United States 1970,,Geological Survey (U.S.),,1970,"Washington, D.C. : U.S. Geological Survey",Photographic surveying -- United States -- Maps ; Aerial photogrammetry -- United States -- Maps ; United States -- Surveys -- Maps ;,North and Central America;,United States,,,,,United States,"""September 1970."" Includes text and index to firms flying each mosaic. ""Base map and subject data compiled by United States Geological Survey."" Insets: Hawaii -- Puerto Rico and Virgin Islands -- Alaska -- American Samoa -- Guam -- Panama Canal Zone.",,,,cartographic image,Still image,Maps,,"1:5,000,000",W 125⁰--W66⁰/N 50⁰--N 24⁰,American Geographical Society Library - Maps,https://wisconsin-uwm.primo.exlibrisgroup.com/permalink/01UWI_ML/1t3p5iu/alma9915375813402124,1 map : color ; 71 x 100 cm,800 J-1970,English,"American Geographical Society Library, University of Wisconsin-Milwaukee",University of Wisconsin-Milwaukee Libraries,The Board of Regents of the University of Wisconsin System,,image/tif; Image/jp2,American Geographical Society Library Digital Map Collection,,A 1970 Geological Survey map shows U.S. coverage gaps in aerial photogrammetry mosaics.,,2026-06-08,2026-06-26,http://cdm17272.contentdm.oclc.org/cdm/ref/collection/agdm/id/38413,38413,38420.jp2,/agdm/image/38420.jp2
20260817_agdm-export_Bbox-Subset.csv,"U. S. Department of Commerce, Economic Development Administration qualified areas : September 1, 1968",,United States 1968,,United States. Economic Development Administration,,1968,"Washington, D.C. : U.S. Dept. of Commerce, Economic Development Administration","Economic assistance, Domestic -- United States -- Maps",North and Central America;,United States,,,,,United States,"Shows areas qualified for full financial assistance and areas qualified for grants only. Insets: Alaska -- Hawaii -- Puerto Rico, Virgin Is. -- Guam --A. Samoa.",,,,cartographic image,Still image,Maps,Color;,"1:5,000,000",E 144°24ʹ00ʺ--W 64°21ʹ00ʺ/N 71°35ʹ00ʺ--S 14°45ʹ00ʺ,American Geographical Society Library - Maps,https://wisconsin-uwm.primo.exlibrisgroup.com/permalink/01UWI_ML/1t3p5iu/alma9915318173402124,1 map : color ; 62 x 99 cm,800 E-1968,English,"American Geographical Society Library, University of Wisconsin-Milwaukee",University of Wisconsin-Milwaukee Libraries,The Board of Regents of the University of Wisconsin System,agsmap031529,image/tif; Image/jp2,American Geographical Society Library Digital Map Collection,,"A 1968 U.S. Commerce Department map shows economic assistance areas: dark shading indicates full financial aid, while light.",,2026-06-08,2026-06-26,http://cdm17272.contentdm.oclc.org/cdm/ref/collection/agdm/id/38414,38414,38418.jp2,/agdm/image/38418.jp2
20260817_agdm-export_Bbox-Subset.csv,EDA qualified areas : January 1975,,United States 1975,,United States. Economic Development Administration,,1975,"Washington, D.C.? : U.S. Dept. of Commerce, Economic Development Administration","Economic assistance, Domestic -- United States -- Maps ; United States -- Administrative and political divisions -- Maps ;",North and Central America;,United States,,,,,United States,"Other title Economic Development Administration qualified areas Notes Insets: Puerto Rico -- Virgin Islands -- Guam, A. Samoa -- Hawaii -- Alaska.",,,,cartographic image,Still image,Maps,B&W;,"1:5,000,000",E 144°24ʹ00ʺ--W 64°21ʹ00ʺ/N 71°35ʹ00ʺ--S 14°45ʹ00ʺ,American Geographical Society Library - Maps,https://wisconsin-uwm.primo.exlibrisgroup.com/permalink/01UWI_ML/1t3p5iu/alma997224823402124,"1 map ; 62 x 99 cm, on sheet 66 x 102 cm",800 E-197,English,"American Geographical Society Library, University of Wisconsin-Milwaukee",University of Wisconsin-Milwaukee Libraries,The Board of Regents of the University of Wisconsin System,agsmap031532,image/tif; Image/jp2,American Geographical Society Library Digital Map Collection,,"A 1975 U.S. map highlights cities—like Philadelphia, Atlanta, Chicago—eligible for Economic Development Administration.",,2026-06-08,2026-06-26,http://cdm17272.contentdm.oclc.org/cdm/ref/collection/agdm/id/38415,38415,38414.jp2,/agdm/image/38414.jp2
20260817_agdm-export_Bbox-Subset.csv,"Aerial mosaics of the United States : preliminary compilation / [compiled by the] Map Information Office, U.S. Geological Survey",Third edition.,United States 1952,,Geological Survey (U.S.),,1952,"Washington, D.C. : Geological Survey",Photographic surveying -- Maps ; Aerial photogrammetry -- United States -- Maps ; United States -- Maps ;,North and Central America;,United States,,,,,United States,"""January 1952."" Inset: Alaska -- Hawaii -- Canal Zone -- Puerto Rico and Virgin Islands. ""This index shows all areas for which aerial mosaics or photo-maps are known to have been compiled by or for federal, state, and commercial agencies."" Accompanied by text: ""Status of aerial mosaics or photo-maps of the United States."" ""United States, Department of the Interior, Geological Survey.""",,,,cartographic image,Still image,Maps,Color;,"1:5,000,000",W 126⁰--W 66⁰/N 50⁰--N 24⁰,American Geographical Society Library - Maps,https://wisconsin-uwm.primo.exlibrisgroup.com/permalink/01UWI_ML/1t3p5iu/alma9915370993402124,1 map : color ; 61 x 97 cm,800 J-1952a,English,"American Geographical Society Library, University of Wisconsin-Milwaukee",University of Wisconsin-Milwaukee Libraries,The Board of Regents of the University of Wisconsin System,agsmap031533,image/tif; Image/jp2,American Geographical Society Library Digital Map Collection,,A 1952 U.S. Geological Survey map shows aerial imagery of America at 1:5 million scale.,,2026-06-08,2026-06-26,http://cdm17272.contentdm.oclc.org/cdm/ref/collection/agdm/id/38416,38416,38416.jp2,/agdm/image/38416.jp2
20260817_agdm-export_Bbox-Subset.csv,Status of aerial mosaics / Geological Survey,,United States 1970,,Geological Survey (U.S.),,1970,"Washington, D.C. : U.S. Geological Survey",Photographic surveying -- United States -- Maps ; Aerial photogrammetry -- United States -- Maps ; United States -- Surveys -- Maps ; Index maps;,North and Central America;,United States,,,,,United States,"""September 1970."" Includes text and index to firms flying each mosaic. ""Base map and subject data compiled by United States Geological Survey."" Insets: Hawaii -- Puerto Rico and Virgin Islands -- Alaska -- American Samoa -- Guam -- Panama Canal Zone.",,,,cartographic image,Still image,Maps,Color;,"1:5,000,000",W 125⁰--W66⁰/N 50⁰--N 24⁰,American Geographical Society Library - Maps,https://wisconsin-uwm.primo.exlibrisgroup.com/permalink/01UWI_ML/1t3p5iu/alma9915375813402124,1 map : color ; 71 x 100 cm,800 J-1970,English,"American Geographical Society Library, University of Wisconsin-Milwaukee",University of Wisconsin-Milwaukee Libraries,The Board of Regents of the University of Wisconsin System,agsmap031536,image/tif; Image/jp2,American Geographical Society Library Digital Map Collection,,A 1970 U.S aerial map displays completed and planned airborne survey areas.,,2026-06-19,2026-06-26,http://cdm17272.contentdm.oclc.org/cdm/ref/collection/agdm/id/38428,38428,38423.jp2,/agdm/image/38423.jp2
20260817_agdm-export_Bbox-Subset.csv,"Perú, mapa vial : nuevo, escala grande = Peru road map : new large scale",Edición 2004.,Peru 2004,,Editorial Lima 2000,,2004,"Lima, Perú : Editorial Lima 2000",Roads -- Peru -- Maps;,South America;,Peru,,,,,Peru,"Other title  Peru road map : new large scale  Notes  Relief shown by shading, gradient tints, and spot heights.  Title from panel.  Segments of map separately titled: Perú, norte = Peru north -- Perú, sur = Peru south.  ""Automated cartography. This map has been produced with GIS (Geographic Information System) technology, and is based on georeferenced data elaborated and maintained by the Center for Promotion of Cartography in Peru (CPCP), an educational non-profit association. ...""  Includes text, indexes, distance chart, and ancillary maps of ""Carreteras principales del Perú"" and ""Carreteras prinicpales de América del Sur.""",,,,cartographic image,Still image,Maps,Color;,"1:1,500,000",W 82⁰--W 68⁰/S 0⁰--S 18⁰,American Geographical Society Library - Maps,https://wisconsin-uwm.primo.exlibrisgroup.com/permalink/01UWI_ML/1t3p5iu/alma9917260023402124,"1 map : both sides, color ; 135 x 99 cm, on sheet 70 x 100 cm, folded to 24 x 10 cm",265 D-2004,Spanish ; English,"American Geographical Society Library, University of Wisconsin-Milwaukee",University of Wisconsin-Milwaukee Libraries,The Board of Regents of the University of Wisconsin System,agsmap031546 (a-b),image/tif; Image/jp2,American Geographical Society Library Digital Map Collection,,"Perú, mapa vial : nuevo, escala grande = Peru road map : new large scale",,2026-07-06,2026-07-06,http://cdm17272.contentdm.oclc.org/cdm/ref/collection/agdm/id/38431,38431,38439.cpd,/agdm/image/38439.cpd
20260817_agdm-export_Bbox-Subset.csv,"Quaternary geology of Wisconsin : a map of sediment deposited by glaciers, streams, wind, and other processes during the Quaternary Period (2.58 million years ago to present) / J. Elmo Rawling III, Eric C. Carson, John W. Attig, David M. Mickelson, William N.Mode, Mark D. Johnson, and Kent M. Syverson.",,Wisconsin 2025,Map series (Wisconsin Geological and Natural History Survey) ; M512.,"Rawling, J. Elmo, cartographer","Carson, Eric C. ; Attig, John W. ; Mickelson, David M. ; Mode, William Niles ; Johnson, Mark Dale ; Syverson, Kent M. ; Wisconsin Geological and Natural History Survey ;",2025,"Madison, Wisconsin : Wisconsin Geological and Natural History Survey",Geology -- Wisconsin -- Maps ; Wisconsin -- Maps ;,North and Central America;,United States,Wisconsin,,,,Wisconsin,"Includes color Explanation and ancillary maps.  ""Kacie C. Stolzman, G.E. Graham, and Elizabeth G. Ceperley helped prepare the map.""  ""GIS files and a georeferenced PDF of this publication can be found at https://doi.org/10.54915/xqpw9883""  Additional Info  Includes bibliographical references.",,,,cartographic image,Still image,Maps,Color;,"1:500,000.",W 92°53ʹ00ʺ--W 86°14ʹ00ʺ/N 47°18ʹ00ʺ--N 42°29ʹ00ʺ,American Geographical Society Library - Maps,https://wisconsin-uwm.primo.exlibrisgroup.com/permalink/01UWI_ML/1t3p5iu/alma991014579271502124,"1 map : color ; 102 x 95 cm, on sheet 107 x 115 cm",893 G-2025,English,"American Geographical Society Library, University of Wisconsin-Milwaukee",University of Wisconsin-Milwaukee Libraries,The Board of Regents of the University of Wisconsin System,agsmap031542,image/tif; Image/jp2,American Geographical Society Library Digital Map Collection,,"Quaternary geology of Wisconsin : a map of sediment deposited by glaciers, streams, wind, and other processes during the Quaternary Period (2.58 million years ago to present) / J. Elmo Rawling III, Eric C. Carson, John W. Attig, David M. Mickelson, William N. Mode, Mark D. Johnson, and Kent M. Syverson.",,2026-07-06,2026-07-06,http://cdm17272.contentdm.oclc.org/cdm/ref/collection/agdm/id/38432,38432,38435.jp2,/agdm/image/38435.jp2
20260817_agdm-export_Bbox-Subset.csv,"Topographic map portion of Milwaukee River watershed, Ozaukee County, Wisconsin : Milwaukee River watershed study section 35, T 9 N, R 21 E.",,"Milwaukee River watershed, Ozaukee County, Wiscosnin 1970",,Southeastern Wisconsin Regional Planning Commission,Alster & Associates,1970,"Publication  Waukesha, Wisconsin : Southeastern Wisconsin Regional Planning Commission, 1970.  Manufacture  Madison, Wisconsin : Alster & Associates, Inc. Engineers, 1970.",Wisconsin River Watershed (Wis.) -- Maps ; Rivers -- Wisconsin -- Ozaukee County -- Maps ; Watersheds -- Wisconsin -- Ozaukee County -- Maps;,North and Central America;,United States,Wisconsin,,,,Wisconsin,Blue line print.  Shows 10 and 100 year flood inundation line.,,,,cartographic image,Still image,Maps,B&W;,"1:2,400",W 92°53ʹ00ʺ--W 86°14ʹ00ʺ/N 47°18ʹ00ʺ--N 42°29ʹ00ʺ,American Geographical Society Library - Maps,https://wisconsin-uwm.primo.exlibrisgroup.com/permalink/01UWI_ML/1t3p5iu/alma991012699536402124,1 map : photocopy ; 80 x 87 cm,893-c .O97 H-1970,English,"American Geographical Society Library, University of Wisconsin-Milwaukee",University of Wisconsin-Milwaukee Libraries,The Board of Regents of the University of Wisconsin System,agsmap031543,image/tif; Image/jp2,American Geographical Society Library Digital Map Collection,,"Topographic map portion of Milwaukee River watershed, Ozaukee County, Wisconsin : Milwaukee River watershed study section 35, T 9 N, R 21 E.",,2026-07-06,2026-07-06,http://cdm17272.contentdm.oclc.org/cdm/ref/collection/agdm/id/38434,38434,38434.jp2,/agdm/image/38434.jp2
20260817_agdm-export_Scale-Subset.csv,"Topographic map of the Island of Kauai, Kauai County, Hawaii / surveyed by the U.S. Geological Survey in cooperation with the Territory of Hawaii",,"Kauai (Hawaii) 1912, topographic map",,Geological Survey (U.S.),,1912,"Washington, D.C. : Geological Survey (U.S.) [Washington, D.C.]",Kauai (Hawaii)--Maps,North and Central America;,,Hawaii,,Kauai county,,Kauai county,"Relief shown by contours and spot heights. ""R. B. Marshall, Chief Geographer""; ""Topography by C.H. Birdseye, Geo. R. Davis ... O.G. Taylor, and W.H. Barringer""; surveyed in 1910. Includes location map, ""The Hawaiian Islands.""",,,,cartographic image,Still Image,,Color,"1:62,500. (W 159 50'--W 159 15'/N 22 15'--N 21 50')",W 159 50'--W 159 15'/N 22 15'--N 21 50',American Geographical Society Library - Maps,,"1 map on 2 sheets : color ; on sheets 84 x 54 cm., 75 x 97 cm.",762-c .K38 A-1912,English,"American Geographical Society Library, University of Wisconsin-Milwaukee Libraries",American Geographical Society Library Digital Map Collection,https://uwm.edu/libraries/digital-collections/copyright-digcoll/,am001984,image/tif; Image/jp2,American Geographical Society Library Digital Map Collection,"Due to their file size, some maps may produce a proxy error when downloaded as a ""large"" file. In those cases, please contact us at digilib@uwm.edu to obtain a copy of the file.",A 1912 U.S. Geological Survey topographic map shows Kauai's terrain and key features.,,2016-06-30,2026-06-26,http://cdm17272.contentdm.oclc.org/cdm/ref/collection/agdm/id/115,115,107.jp2,/agdm/image/107.jp2
20260817_agdm-export_Scale-Subset.csv,"Topographic map of Yosemite National Park, California / from Geological Survey maps surveyed between 1893 and 1909",,"Yosemite National Park (California) 1920, topographic map",,Geological Survey (U.S.),,1920,The Survey [Washington],"Yosemite National Park (Calif.)--Maps, Topographic",North and Central America;,,California;,,Maricopa county,,Maricopa county,Relief shown by contours and spot heights.,,,,cartographic image,Still Image,,Color,"1:125,000 (W 120 00'--W 119 00'/N 38 15'--N 37 30')",W 120 00'--W 119 00'/N 38 15'--N 37 30',American Geographical Society Library - Maps,,1 map : color ; 67 x 71 cm.,800-b E-Nat Pk .Y57 1920,English,"American Geographical Society Library, University of Wisconsin-Milwaukee Libraries",American Geographical Society Library Digital Map Collection,https://uwm.edu/libraries/digital-collections/copyright-digcoll/,am001772,image/tif; Image/jp2,American Geographical Society Library Digital Map Collection,"Due to their file size, some maps may produce a proxy error when downloaded as a ""large"" file. In those cases, please contact us at digilib@uwm.edu to obtain a copy of the file.","A 1920 Yosemite National Park(topographic) map shows elevation, rivers, trails, and park boundaries based on 1893-1909.",,2016-06-30,2026-06-26,http://cdm17272.contentdm.oclc.org/cdm/ref/collection/agdm/id/208,208,197.jp2,/agdm/image/197.jp2
20260817_agdm-export_Scale-Subset.csv,"Map of Yosemite Valley, Yosemite National Park, California, Mariposa County / United State Department of the Interior, Geological Survey ; E.M. Douglas, geographer",,Yosemite Valley (California) 1938,,Geological Survey (U.S.),"Douglas, Edward Morehouse, 1855-1932; Matthes, Francois, 1874-1948",1938,"The Survey (Washington, D.C.)","Yosemite Valley (Calif.)--Maps, Physical; Yosemite National Park (Calif.)--Maps, Physical",North and Central America;,,California;,,Mariposa county,,Mariposa county,"Relief shown by contours, shading, and spot heights. ""Partial revision in 1934."" Includes ""Index map"" and table of ""Elevations of principal points."" On verso: ""The story of the Yosemite Valley,"" by F.E. Matthes (with photos).",,,,cartographic image,Still Image,,Color,"1:24,000 ; Polyconic proj. (W 119 43' 40""--W 119 30' 00""/N 37 47' 05""--N 37 42' 00"")","W 119 43' 40""--W 119 30' 00""/N 37 47' 05""--N 37 42' 00""",American Geographical Society Library - Maps,,1 map : color ; 40 x 89 cm.,800-b E-Nat Pk .Y57 1938,English,"American Geographical Society Library, University of Wisconsin-Milwaukee Libraries",American Geographical Society Library Digital Map Collection,https://uwm.edu/libraries/digital-collections/copyright-digcoll/,am001770; am001771,image/tif; Image/jp2,American Geographical Society Library Digital Map Collection,"Due to their file size, some maps may produce a proxy error when downloaded as a ""large"" file. In those cases, please contact us at digilib@uwm.edu to obtain a copy of the file.",,,2016-06-30,2016-06-30,http://cdm17272.contentdm.oclc.org/cdm/ref/collection/agdm/id/225,225,217.cpd,/agdm/image/217.cpd
20260817_agdm-export_Scale-Subset.csv,"Map of Yosemite Valley, Yosemite National Park, California, Mariposa County",,Yosemite Valley (California) 1946,,Geological Survey (U.S.),,1946,"Washington, D.C. : Geological Survey (U.S.) (Washington, D.C.)","Yosemite Valley (Calif.)--Maps, Physical",North and Central America;,,California;,,Mariposa county,,Mariposa county,"Relief shown by shading, contours and spot heights. Includes ""Index map"" and table of ""Elevations of principal points."" On verso: ""The story of the Yosemite Valley,"" by F.E. Matthes, and illustrations",,,,cartographic image,Still Image,,Color,"1:24,000 or 1 in. = 2000 ft. ; Polyconic proj. (W 119 43' 40""--W 119 30' 00""/N 37 47' 05""--N 37 42' 00"")","W 119 43' 40""--W 119 30' 00""/N 37 47' 05""--N 37 42' 00""",American Geographical Society Library - Maps,,1 map : color ; 40 x 89 cm.,800-b E-Nat Pk .Y57 1946,English,"American Geographical Society Library, University of Wisconsin-Milwaukee Libraries",American Geographical Society Library Digital Map Collection,https://uwm.edu/libraries/digital-collections/copyright-digcoll/,am001768; am001769,image/tif; Image/jp2,American Geographical Society Library Digital Map Collection,"Due to their file size, some maps may produce a proxy error when downloaded as a ""large"" file. In those cases, please contact us at digilib@uwm.edu to obtain a copy of the file.",,,2016-06-30,2016-06-30,http://cdm17272.contentdm.oclc.org/cdm/ref/collection/agdm/id/250,250,242.cpd,/agdm/image/242.cpd
20260817_agdm-export_Scale-Subset.csv,"Administrative map of Yosemite National Park, California / topography by R.B. Marshall and A.H. Sylvester",,"Yosemite National Park (California) 1910, administrative map",,"Marshall, R. B.","Sylvester, Albert Hale, 1871-1931; Geological Survey (U.S.)",1910,"Washington, D.C. : Geological Survey (U.S.) [Washington, D.C.]","Yosemite National Park (Calif.)--Maps, Topographic;  Yosemite National Park (Calif.)--Administrative and political divisions--Maps",North and Central America;,,California;,,Maricopa county,,Maricopa county,"Relief shown by contours and spot heights. At head of title: Department of the Interior. ""Surveyed in 1893-94, 1896, 1898-99, and 1905."" Contour interval 100 feet. Datum is mean sea level. U.S. township and section lines and section corners are shown. Shows park limits established by various Acts of Congress.",,,,cartographic image,Still Image,,Color,"1:125,000 (W 120 00'--W 119 00'/N 38 14'--N 37 30')",W 120 00'--W 119 00'/N 38 14'--N 37 30',American Geographical Society Library - Maps,,1 map : color ; 70 x 73 cm.,800-b E-Nat Pk .Y57 1910,English,"American Geographical Society Library, University of Wisconsin-Milwaukee Libraries",American Geographical Society Library Digital Map Collection,https://uwm.edu/libraries/digital-collections/copyright-digcoll/,am001775,image/tif; Image/jp2,American Geographical Society Library Digital Map Collection,"Due to their file size, some maps may produce a proxy error when downloaded as a ""large"" file. In those cases, please contact us at digilib@uwm.edu to obtain a copy of the file.",A 1910 Yosemite map details trails and park borders within California.,,2016-06-30,2026-06-26,http://cdm17272.contentdm.oclc.org/cdm/ref/collection/agdm/id/255,255,251.jp2,/agdm/image/251.jp2
20260817_agdm-export_Scale-Subset.csv,"Map of Yosemite Valley, Mariposa County, California / U.S. Geological Survey, George Otis Smith, Director ; E.M. Douglas, geographer ; State of California, George C. Pardee, Governor",,Yosemite Valley (California) 1907,,Geological Survey (U.S.),,1907,The Survey [Washington],"Yosemite Valley (Calif.)--Maps, Topographic",North and Central America;,,California;,,Mariposa county,,Mariposa county,"Relief shown by contours and spot heights. Contour interval 50 feet. Includes ""Index map"" and table of ""Elevations of principal points.""",,,,cartographic image,Still Image,,Color,"1:24,000. One inch = 2000 feet. Polyconic proj. (W 119 43' 40""--W 119 30'/N 37 47' 05""--N 37 42')","W 119 43' 40""--W 119 30'/N 37 47' 05""--N 37 42'",American Geographical Society Library - Maps,,1 map : color ; 39 x 89 cm.,800-b E-Nat Pk .Y57 1907,English,"American Geographical Society Library, University of Wisconsin-Milwaukee Libraries",American Geographical Society Library Digital Map Collection,https://uwm.edu/libraries/digital-collections/copyright-digcoll/,am001776,image/tif; Image/jp2,American Geographical Society Library Digital Map Collection,"Due to their file size, some maps may produce a proxy error when downloaded as a ""large"" file. In those cases, please contact us at digilib@uwm.edu to obtain a copy of the file.","A 1907 U.S. Geological Survey map depicts Yosemite Valley, Mariposa County, showing trails, lakes, and elevations.",,2016-06-30,2026-06-26,http://cdm17272.contentdm.oclc.org/cdm/ref/collection/agdm/id/260,260,252.jp2,/agdm/image/252.jp2
20260817_agdm-export_Scale-Subset.csv,Turkestan : Asie en dix feuilles / dressé par G. Bagge et D. Aïtoff. Turkestan. Asia in Ten Folios. Folio II,,Turkestan 1909,,"Bagge, Gustave, died 1915; Aitoff, David, 1854-1933","Vivien de Saint-Martin, M.;  Schrader, Franz, 1844-1924",1909,Hachette & Co. (Paris),"Asia, Central--Maps",Asia,,,Turkestan,,,Turkestan,"Relief shown by hachures and spot heights. ""Feuille II."" ""Atlas Universale par Vivien de Saint-Martin & Fr. Schrader."" ""Loaned by the American Geographical Society to the Peace Conference at Versailles, 1918-1919.""",,,"This 1909 map covers Turkestan, or the domains of Russia in Central Asia, along with adjoining regions in Persia, Afghanistan, British India, and China. Russia had acquired its vast holdings in Central Asia, including the protectorates of Khiva and Bukhara, in the second half of the previous century. The map shows Bokhara as the state capital of Turkestan and Tashkent, present-day capital of Uzbekistan, as the seat of government. This is the second map in a series of ten published by Hachette in the early 1900s as part of the Atlas Universel (World atlas) by Louis Vivien de Saint-Martin and Franz Schrader. The other maps in the series are: 1, Asia Minor and the Caucasus; 3, Mongolia; 4, Japan, Korea, and Manchuria; 5, Arabia; 6, Persia, Afghanistan, and Northwest India; 7, Northeast India and Tibet; 8, China; 9, South India; and 10, Indochina. One of the contributors to the map is David Alexandrovich Aïtoff (1854–1933), the inventor of the Aïtoff projection in cartography, who first published his formulation in an article entitled “Projections des cartes géographiques” that appeared in Atlas de géographie moderne in 1889. The map includes a glossary of Russian and Turkish terms. It was loaned by the American Geographical Society to the Paris Peace Conference of 1918–19, convened to draw up peace treaties after World War I. WDL",cartographic image,Still Image,,Color,"1:5,000,000 (E 48--E 86/N 58--N 36)",E 48--E 86/N 58--N 36,American Geographical Society Library - Maps,,"1 map : color, mounted on linen ; 49 x 53 cm.",494.9 A-1909,French,"American Geographical Society Library, University of Wisconsin-Milwaukee Libraries",American Geographical Society Library Digital Map Collection,https://uwm.edu/libraries/digital-collections/copyright-digcoll/,am004744,image/tif; Image/jp2,American Geographical Society Library Digital Map Collection,"Due to their file size, some maps may produce a proxy error when downloaded as a ""large"" file. In those cases, please contact us at digilib@uwm.edu to obtain a copy of the file.","1909 Austro-Hungarian map depicts central Turkestan's territories, railways, and mountain ranges at a 1:5 million scale.",,2016-11-09,2026-06-26,http://cdm17272.contentdm.oclc.org/cdm/ref/collection/agdm/id/262,262,255.jp2,/agdm/image/255.jp2
20260817_agdm-export_Scale-Subset.csv,Carte de Tartarie : dressee sur les Relations de plusieurs Voyageurs de differentes Nations et sur quelques Observations qui ont ete faites dans ce pais la / par Guillaume Del'Isle de l'Academie Royale des Sciences A Amsterdam Chez I. Covens et C. Mortier Avec Privilege. Map of the Great Tartary. Established upon the Accounts of Several Travelers from Various Nations and Several Observations Made in that Country,,Central Asia 1757,,"Covens, Jean","Mortier, Corneille, 1699-1783; L'Isle, Guillaume de, 1675-1726",1757,"J. Covens and C. Mortier (Amsterdam, Netherlands)","Asia, Central--Maps--Early works to 1800",Asia,,,Eurasia,,,Eurasia,"Shows forested areas, drainage, roads, the Great Wall, etc. Relief shown by pictorially. Decorative title cartouche, depicting male figures with horses.",,,"The French cartographer Guillaume de l'Isle (1675−1726) was admitted into the French Académie Royale des Sciences when he was 27 years old and subsequently became the first person to receive the title Premier Géographe du Roi (principal geographer to the king). At the time de l’Isle was engaged in cartographic research, the prestige of a cartographer and the authority of his maps were gauged by the veracity of the cartographer’s sources, i.e., the explorers and travelers who reported details of their travels to geographers and cartographers in Europe. De l’Isle’s map covers much of Asia as well as portions of Scandinavia and of Russia east of the Ural Mountains. Vast areas depicted in the map, such as Siberia and the regions north of the Arctic Circle in Asia, were only visited by European explorers starting in the 17th century. Many of de l’Isle’s maps were reissued by the publishing house of Cornelis Mortier and Johannes Coven in Amsterdam in their Atlas Nouveau, which was published in multiple editions, the earliest of which dates to 1733. The map shown here is a later version of a map that was published in 1706, during de l’Isle’s lifetime. The map shows forested areas, drainage, and other natural features, as well as the Great Wall of China, roads, and political boundaries. Distance scales are given in French, Russian, Chinese, and Persian units of measurement. The decorative title cartouche features native male figures and horses. WDL",cartographic image,Still Image,Maps,Color,"1:11,000,000 (E 15--E 148/N 78--N 26)",E 15--E 148/N 78--N 26,American Geographical Society Library - Maps,,1 map : hand color ; 47 x 61 cm.,494.9 A-1757,French,"American Geographical Society Library, University of Wisconsin-Milwaukee Libraries",American Geographical Society Library Digital Map Collection,https://uwm.edu/libraries/digital-collections/copyright-digcoll/,am004751,image/tif; Image/jp2,American Geographical Society Library Digital Map Collection,"Due to their file size, some maps may produce a proxy error when downloaded as a ""large"" file. In those cases, please contact us at digilib@uwm.edu to obtain a copy of the file.",Seventeenth-century map titled 'Magnae Tartariæ Tabula' depicts hypothetical Central Asian geography in early European.,,2016-06-30,2026-06-26,http://cdm17272.contentdm.oclc.org/cdm/ref/collection/agdm/id/275,275,263.jp2,/agdm/image/263.jp2
20260817_agdm-export_Scale-Subset.csv,Carte du Liban d'apres les reconnaissances de la brigade topographique du corps expeditionnaire de Syria en 1860-1861. Map of Lebanon According to Reconnaissance Information Collected by the Topographical Group from the Syria Expedition of 1860-1861,,Lebanon 1862,,,"Schieble, Erhard",1862,"Lemercier (Paris, France)",Middle East--Maps,Asia;,Lebanon; Syria; Israel,,Middle East,,,Middle East,"Shows part of present day Israel. Shows part of Syria with Damascus. Relief shown by hachures. Engraved by Erhard Schieble. Includes a table of population. ""Dressee au depot de la guerre."" ""Etant Directeur Le General Blondel.""  ""Sous Le Ministre De S.E. Le Marechal Comte Randon.""",,,"This map of Lebanon showing part of Syria with Damascus was made by French military cartographers in 1862. It is based on information gathered by the topographic unit in the expeditionary corps sent by France to Lebanon in 1860‒61. Lebanon was at that time part of the Ottoman Empire and the central region known as Mount Lebanon was mainly populated by Christians and Druzes. A Maronite peasant uprising in 1858 led to fighting between the two groups, which culminated in the massacre in 1860 by the Druze of about 10,000 Maronite Catholics as well as Greek Catholics and Greek Orthodox. France, exercising its traditional role as the European protector of the Christians of the Middle East, sent a force of 6,000 soldiers to Lebanon, which landed in Beirut on August 16, 1860. The troops remained in the country until June 1861 and succeeded in restoring order. The map shows district borders, cities and towns, railroads, mosques, Christian convents or monasteries, and rivers and other geographic features. Relief is shown by hachures. Heights are indicated in meters. The map has two distance scales: kilometers and nautical miles. The table in the lower right lists all of the districts of Lebanon, with their populations broken down by the seven religions represented in the region: Maronites, “schismatic Greeks” (i.e., Orthodox who recognized the authority of the Greek patriarch of Constantinople), Greek Catholics, Druze, Métoualis (an old term for Lebanese Shiites), Muslims (Sunnis), and Jews. Maronites were the largest group, accounting for 208,180 of the total population of 487,600. WDL",cartographic image,Still Image,,Color,"1:200,000 (E 35 45--E 36 30/N 35--N 33).",E 35 45--E 36 30/N 35--N 33,American Geographical Society Library - Maps,,"1 map : color, mounted on cloth ; 90 x 68 cm.",412 B-1862,French,"American Geographical Society Library, University of Wisconsin-Milwaukee Libraries",American Geographical Society Library Digital Map Collection,https://uwm.edu/libraries/digital-collections/copyright-digcoll/,am004846,image/tif; Image/jp2,American Geographical Society Library Digital Map Collection,"Due to their file size, some maps may produce a proxy error when downloaded as a ""large"" file. In those cases, please contact us at digilib@uwm.edu to obtain a copy of the file.",c18622 map shows Lebanon's landscape and key landmarks during the Syria expedition.,,2016-06-30,2026-06-26,http://cdm17272.contentdm.oclc.org/cdm/ref/collection/agdm/id/284,284,274.jp2,/agdm/image/274.jp2
20260817_agdm-export_Scale-Subset.csv,"Atlantic Ocean, Azores, or Western Isles / surveyed by Captn. A.T.E. Vidal R.N., 1843,4",,Azores Islands 1896,,Great Britain. Hydrographic Office,"Vidal, A. T. E. (Alexander Thomas Emeric), 1792-1863; Great Britain. Admiralty; J. & C. Walker (Firm)",1896,Great Britain. Hydrographic Office,Azores--Maps; North Atlantic Ocean--Navigation; Adopt-a-Map;,Europe;,Portugal,,,,,Portugal,"Annotated in pencil indicating routes. Stamped: ""Allison V. Armour, Yacht Utowana."" Relief shown by hachures and spot heights. Depths shown by isolines and soundings. ""J. & C. Walker, Sculpt.""--Lower right margin. ""Published according to Act of Parliament ... July 26th 1849. Large corrections August 1867. Small corrections XIIl-80, VI-93, VIII-96."" ""Soundings in fathoms, figures on the land show height in feet."" ""[Chart] 1950""--Lower right margin. This map has been conserved through the generosity of RoseMary Oliveira, 2012 through the Adopt-a-Map program.  Acquired by gift Oct. 8, 1918 from Allison V. Armour. In the minutes of the November 7, 1918 AGS Council meeting, Allison Armour was thanked for his donation of 433 Admiralty Charts to the Society. ""These charts fill many gaps in the collections of the Society and are of special value at this time on account of their frequent use by the Government Commisssion now established temporarily in the house of the Society."" It is likely that Armour's maps were consulted by the delegates for the Inquiry to the Peace Conference at Versailles, 1918-1919.",,,,cartographic image,Still Image,,Grayscale,"1:975,000 ; (W 31°30ʹ--W 24°30ʹ/N 40°00ʹ--N 36°15ʹ)",W 31°30ʹ--W 24°30ʹ/N 40°00ʹ--N 36°15ʹ,American Geographical Society Library - Maps,,1 map : annotated ; 45 x 62 cm.,HO Chart 1950 1896,English,"American Geographical Society Library, University of Wisconsin-Milwaukee Libraries",American Geographical Society Library Digital Map Collection,https://uwm.edu/libraries/digital-collections/copyright-digcoll/,am013248,image/tif; Image/jp2,American Geographical Society Library Digital Map Collection,"Due to their file size, some maps may produce a proxy error when downloaded as a ""large"" file. In those cases, please contact us at digilib@uwm.edu to obtain a copy of the file.",An 1896 nautical map labeling the Azores' western group islands in the North Atlantic.,,2016-06-30,2026-06-26,http://cdm17272.contentdm.oclc.org/cdm/ref/collection/agdm/id/2013,2013,2005.jp2,/agdm/image/2005.jp2
20260817_agdm-export_Scale-Subset.csv,Tourist Map of the Republic of South Africa,,South Africa Tourist Map 1962,,"Map Studio Productions, pty. ltd.",South African Tourist Corporation.,1962?,Pretoria : South African Tourist Corporation,South Africa -- Maps; Namibia -- Maps; Namibia; South Africa;,Africa;,South Africa,Republic of South Africa,,,,Republic of South Africa,"Relief shown by shading and spot heights. Shows roads (5 types), railways, distances, air routes, hotels, caravan sites, national parks, reserves, dams, spas, points of interest, passes, and international and provincial boundaries. Map incorporates illustrations of wildlife, people, landscapes, recreation, and ships. Insets: [Johannesburg and vicinity : highway map] -- Cape Peninsula -- Natal south coast. On verso: indexes, text, directory of the South African Tourist Corporation, and a map of South West Africa. Location map on panel.",,,,cartographic image,Still image,Maps,Color;,"1:3,117,600 (E 14°--E 33°/S 21°--S 35°).",E 14°--E 33°/S 21°--S 35°,American Geographical Society Library - Maps,,1 map : color ; 63 x 83 cm,370 A-[1962],English,"American Geographical Society Library, University of Wisconsin-Milwaukee",American Geographical Society Library Digital Map Collection,The Board of Regents of the University of Wisconsin System,agsmap028720 (a-b),image/tif; Image/jp2,American Geographical Society Library Digital Map Collection,"Due to their file size, some maps may produce a proxy error when downloaded as a ""large"" file. In those cases, please contact us at digilib@uwm.edu to obtain a copy of the file.",,,2021-10-13,2021-10-18,http://cdm17272.contentdm.oclc.org/cdm/ref/collection/agdm/id/30482,30482,30487.cpd,/agdm/image/30487.cpd
20260817_agdm-export_Scale-Subset.csv,Standard Railway Map of South Africa/ Standaard Spoorwegkart van Zuid/Afrika,,South Africa Railway Map 1914,,South Africa. Surveyor-General.,,1914,Pretoria South Africa : Government Printing Works,Railroads -- South Africa -- Maps; South Africa -- Maps;,Africa;,South Africa,,,,,South Africa,"Includes 3 inset maps: Johannesburg and surroundings -- Capetown and surroundings -- Durban-P'Maritzburg and surroundings. Loaned by the American Geographical Society to the Peace Conference at Versailles, 1918-1919.",,,,cartographic image,Still image,Maps,Color;,"1:3,500,000 (E 18°--E 36°/S 15°--S 35°).",E 18°--E 36°/S 15°--S 35°,American Geographical Society Library - Maps,,"1 map : color, mounted on linen ; 68 x 51 cm",370 D-1914,English; Afrikaans;,"American Geographical Society Library, University of Wisconsin-Milwaukee",American Geographical Society Library Digital Map Collection,The Board of Regents of the University of Wisconsin System,agsmap028722,image/tif; Image/jp2,American Geographical Society Library Digital Map Collection,"Due to their file size, some maps may produce a proxy error when downloaded as a ""large"" file. In those cases, please contact us at digilib@uwm.edu to obtain a copy of the file.","Detailed 1914 South African railway map shows lines in Transvaal, Orange Free State, and Cape Colony.",,2021-10-13,2026-06-26,http://cdm17272.contentdm.oclc.org/cdm/ref/collection/agdm/id/30483,30483,30484.jp2,/agdm/image/30484.jp2
20260817_agdm-export_Scale-Subset.csv,Ulaanbaatar / Redaktor G. Su̇rėn ; Tekhnikiĭn redaktor L. Mȯnkhbat.,,"Ulaanbaatar, Mongolia 1986",,"Mongolia. Ulsyn Geodezi, Zurag Zu̇ĭn Gazar. Mongolia. Улсын Геодези, Зураг Зүйн Газар",,1986,"Ulaanbaatar : BNMAU-yn Barilga--Arkhitektur, Tekhnik, Khi︠a︡naltyn Ulsyn Khotoony Kharʹi︠a︡a, Ulsyn Geodezi, Zurag Zu̇ĭn Gazar Улаанбаатар : БНМАУ-ын Барилга--Архитектур, Техник, Хяналтын Улсын Хотооны Харьяа, Улсын Геодези, Зураг Зүйн Газар",Ulaanbaatar (Mongolia) -- Maps; Central business districts -- Mongolia -- Ulaanbaatar -- Maps; Mongolia -- Ulaanbaatar;,Asia;,Mongolia,,Tuul River Valley,,Ulaanbaatar,Ulaanbaatar,"Shows wards. Includes 2 insets and street index. Text, city center map, index to points of interest, and ill. on verso. Inset maps: Ulaanbaatar khotyn duȯȯrėg -- Ulaanbaatar khotyn Tu̇vsėg. ""Zakhialga no. 117.""",,,,cartographic image,Still image,Maps,Color;,. (E 106°21ʹ00ʺ--E 108°29ʹ00ʺ/N 48°15ʹ00ʺ--N 47°17ʹ00ʺ).,E 106°21ʹ00ʺ--E 108°29ʹ00ʺ/N 48°15ʹ00ʺ--N 47°17ʹ00ʺ,American Geographical Society Library - Maps,,"1 map : color ; 42 x 64 cm, folded to 23 x 12 cm",463-c .U42 A-1986,Mongolian,"American Geographical Society Library, University of Wisconsin-Milwaukee",American Geographical Society Library Digital Map Collection,The Board of Regents of the University of Wisconsin System,agsmap028744 (a-b),image/tif; Image/jp2,American Geographical Society Library Digital Map Collection,"Due to their file size, some maps may produce a proxy error when downloaded as a ""large"" file. In those cases, please contact us at digilib@uwm.edu to obtain a copy of the file.",,,2021-10-18,2021-10-20,http://cdm17272.contentdm.oclc.org/cdm/ref/collection/agdm/id/30572,30572,30581.cpd,/agdm/image/30581.cpd
20260817_agdm-export_Scale-Subset.csv,"Cooke's new map of the state of North Carolina : constructed from actual surveys, private contributions & authentic public documents procured for the purpose under a special resolution of the General Assembly of the state / by William D. Cooke, Principal of the North Carolina School for the deaf & dumb and the blind ; Engraved, printed and mounted by J.H. Colton & Co.",,Cooke North Carolina 1857,,"Cooke, William D. (William Dewey), 1811-1885.",North Carolina. General Assembly.   J.H. Colton & Co.,1857,New York : J.H. Colton & Co.,Atlantic and North Carolina Railroad Company;  North Carolina Railroad Company;  Western North Carolina Railroad Company;  Railroads -- North Carolina -- Maps;  North Carolina -- Maps;  North Carolina;,North and Central America;,,North Carolina,,,,North Carolina,,,,,cartographic image,Still image,Maps,Color;,"[1:507,000]. 1 in. = 8 miles (W 84°30ʹ--W 75°30ʹ/N 37°30ʹ--N 33°30ʹ).",W 84°30ʹ--W 75°30ʹ/N 37°30ʹ--N 33°30ʹ,American Geographical Society Library - Maps,,1 map on 4 sheets : color ; sheets 61 x 91 cm or smaller,863 B-1857,English,"American Geographical Society Library, University of Wisconsin-Milwaukee",American Geographical Society Library Digital Map Collection,The Board of Regents of the University of Wisconsin System,agsmap028723 (s1-s4),image/tif; Image/jp2,American Geographical Society Library Digital Map Collection,"Due to their file size, some maps may produce a proxy error when downloaded as a ""large"" file. In those cases, please contact us at digilib@uwm.edu to obtain a copy of the file.",,,2021-10-18,2021-10-18,http://cdm17272.contentdm.oclc.org/cdm/ref/collection/agdm/id/30589,30589,30593.cpd,/agdm/image/30593.cpd
20260817_agdm-export_Scale-Subset.csv,"Mahalangur Himal, Chomolongma-Mount Everest / Kartographische Anstalt Freytag-Berndt und Artaria ; edited by Deutschen Alpenverein, Österreichischen Alpenverein und Deutschen Forschungsgemeinschaft 1957.",[19]62 [edition],Mount Everest Region 1957,,Kartographische Anstalt Freytag-Berndt und Artaria.,,1962,Germany : Kartographische Anstalt Freytag-Berndt und Artaria,"Everest, Mount (China and Nepal) -- Maps; Everest, Mount, Region (China and Nepal) -- Maps; Asia -- Mount Everest Region;",Asia;,Nepal; Tibet;,,Mount Everest,,,Mount Everest,"""62"" -- lower left corner. Relief shown by contours, shading, and spot heights. Includes notes, insets of general map of Himalaya, Karakorum ranges, metric conversion table, and location map. Removed from: ""Mount Everest : formation, population and exploration of the Everest region"" by Toni Hagen, 1963. Oxford University Press, London.",,,,cartographic image,Still image,Maps,Color;,"1:25,000 (E 86°50ʹ--E 86°55ʹ/N 28°00ʹ--N 27°55ʹ)",E 86°50ʹ--E 86°55ʹ/N 28°00ʹ--N 27°55ʹ,American Geographical Society Library - Maps,,"1 map : color ; 76 x 87 cm, on sheet 81 x 100 cm",435-c .M6E9 A-[1962],English; German;,"American Geographical Society Library, University of Wisconsin-Milwaukee",American Geographical Society Library Digital Map Collection,The Board of Regents of the University of Wisconsin System,agsmap028767 (c1-c2),image/tif; Image/jp2,American Geographical Society Library Digital Map Collection,"Due to their file size, some maps may produce a proxy error when downloaded as a ""large"" file. In those cases, please contact us at digilib@uwm.edu to obtain a copy of the file.",,,2021-10-20,2021-12-01,http://cdm17272.contentdm.oclc.org/cdm/ref/collection/agdm/id/30610,30610,30617.cpd,/agdm/image/30617.cpd
20260817_agdm-export_Scale-Subset.csv,"Mount Everest photographic survey, preliminary map in three sheets / published under the direction of Colonel C.H.D. Ryder.",Season 1921,Mount Everest Region 1991,,Survey of India,"Ryder, C. H. D., contributor. Royal Geographical Society (Great Britain), current owner.",1922,Dehra Dun : Survey of India,"Everest, Mount (China and Nepal) -- Maps; Makalu, Mount (China and Nepal) -- Maps; Himalaya Mountains -- Maps;",Asia;,Nepal; Tibet;,,Mount Everest,,,Mount Everest,"Shows: glaciers, paths, survey points. Relief shown by contours and spot heights. ""Reg. no. 1442 D.D.D. 1922 S. I. 130."" ""Cho Oyu"" (west sheet) has paste over correction (30 x 15 cm). ""Cho Oyu"" (west sheet) -- ""Everest"" (centre sheet) -- ""Makālu"" (east sheet).",,,,cartographic image,Still image,Maps,Color;,"1:63,360. 1 in. to a mile; polyconic projection. (E 86°55ʹ--E 87°15ʹ/N 28°10--N 27°55ʹ)",E 86°55ʹ--E 87°15ʹ/N 28°10--N 27°55ʹ,American Geographical Society Library - Maps,,3 maps on 3 sheets : color ; 60 x 58 cm or smaller,435-c .M6E9 A-1922,English,"American Geographical Society Library, University of Wisconsin-Milwaukee",American Geographical Society Library Digital Map Collection,The Board of Regents of the University of Wisconsin System,agsmap028766 (001-003),image/tif; Image/jp2,American Geographical Society Library Digital Map Collection,"Due to their file size, some maps may produce a proxy error when downloaded as a ""large"" file. In those cases, please contact us at digilib@uwm.edu to obtain a copy of the file.",,,2021-10-20,2021-12-01,http://cdm17272.contentdm.oclc.org/cdm/ref/collection/agdm/id/30614,30614,30621.cpd,/agdm/image/30621.cpd
20260817_agdm-export_Scale-Subset.csv,"The Mount Everest region / Drawing Office, Royal Geographical Society.",,Mount Everest Region 1961,,Royal Geographical Society (Great Britain). Drawing Office,,1961,London : Royal Geographical Society,"Everest, Mount, Region (China and Nepal) -- Maps; Everest, Mount (China and Nepal) -- Maps; Asia -- Mount Everest; Asia -- Mount Everest Region;",Asia;,Nepal; Tibet;,,Mount Everest,,,Mount Everest,"Relief shown by contours, shading, and spot heights. ""Compiled and drawn in the Drawing Office, Royal Geographical Society, G.S. Holland, chief draughtsman and published with the assistance of Mount Everest Foundation."" Includes source notes and glossary of Nepali and Tibetan terms.",,,,cartographic image,Still image,Maps,Color;,1:100000 (E 86°40ʹ--E 87°10ʹ/N 28°10ʹ--N 27°50ʹ),E 86°40ʹ--E 87°10ʹ/N 28°10ʹ--N 27°50ʹ,American Geographical Society Library - Maps,,1 map : color ; 71 x 73 cm,435-c .M6E9 A-1961,English,"American Geographical Society Library, University of Wisconsin-Milwaukee",American Geographical Society Library Digital Map Collection,The Board of Regents of the University of Wisconsin System,agsmap028768,image/tif; Image/jp2,American Geographical Society Library Digital Map Collection,"Due to their file size, some maps may produce a proxy error when downloaded as a ""large"" file. In those cases, please contact us at digilib@uwm.edu to obtain a copy of the file.","A 1961 Everest region map displays elevations, mountain ranges, and glacial features in China and Nepal.",,2021-10-20,2026-06-26,http://cdm17272.contentdm.oclc.org/cdm/ref/collection/agdm/id/30615,30615,30613.jp2,/agdm/image/30613.jp2
20260817_agdm-export_Scale-Subset.csv,Enlarged map of the coast from New York Harbor to Cape Fear,,"Cape Fear, New Jersey 1879",,,,1879,"Washington, D.C. : Chief of Engineers",Shipping -- United States -- Maps; Harbors -- United States -- Maps; Inland water transportation -- United States -- Maps; Inland navigation -- United States -- Maps;,North and Central America;,United States,North Carolina;,Cape Fear,,,Cape Fear,"Issued with Map showing the locations of works and surveys for river and harbor improvement (Washington : Chief of Engineers, 1879). Prime meridian: Washington .",,,,cartographic image,Still image,Maps,Grayscale;,"[ca. 1:870,000] (W 78°15ʹ--W 74°00ʹ/N 41°00ʹ--N 33°50ʹ)",W 78°15ʹ--W 74°00ʹ/N 41°00ʹ--N 33°50ʹ,American Geographical Society Library - Maps,,"1 map in 2 sections ; 100 x 30 cm, on sheet 62 x 82 cm",863-c .C62 A-[1879],English,"American Geographical Society Library, University of Wisconsin-Milwaukee",American Geographical Society Library Digital Map Collection,The Board of Regents of the University of Wisconsin System,agsmap028783,image/tif; Image/jp2,American Geographical Society Library Digital Map Collection,"Due to their file size, some maps may produce a proxy error when downloaded as a ""large"" file. In those cases, please contact us at digilib@uwm.edu to obtain a copy of the file.","A vintage map illustrates eastern U.S. coastlines, channels, and shipping lanes running from New York to Cape Fear.",,2021-10-22,2026-06-26,http://cdm17272.contentdm.oclc.org/cdm/ref/collection/agdm/id/30652,30652,30627.jp2,/agdm/image/30627.jp2
20260817_agdm-export_Scale-Subset.csv,"Côte ouest d'Afrique, Bas-Ogooué / croquis dressé par ordre de M. Martial Merlin, gouverneur général de l'Afrique équatoriale française d'après les reconnaissances effectuées d'Août à Décembre 1911 ; Mission hydrographique du Gabon.",,"Ogooué et des Lacs, Gabon 1911",,,Mission hydrographique du Gabon;  France. Ministère des colonies;,1911;,Paris : Mission hydrographique du Gabon;,Nautical charts -- Gabon -- Ogooué et des Lacs; Nautical charts -- Gabon -- Port-Gentil (Ogooué-Maritime); Nautical charts -- Gabon -- Atlantic Coast;,Africa;,Gabon;,,Ogooué et des Lacs,,,Ogooué et des Lacs,Depths shown by bathymetric isolines and soundings. Includes 1 inset map of Sangatanga area.,,,,cartographic image,Still image,Maps,Color;,"1:100,000 (E 8°39ʹ07ʺ--E 9°29ʹ07ʺ/S 0°35ʹ30ʺ--S 1°13ʹ30ʺ)",E 8°39ʹ07ʺ--E 9°29ʹ07ʺ/S 0°35ʹ30ʺ--S 1°13ʹ30ʺ,American Geographical Society Library - Maps,,"1 map : color ; 71 x 98 cm, on sheet 75 x 104 cm",Nautical Charts Chart French Equatorial Africa Gabon Bas-Ogooue 1911a,French,"American Geographical Society Library, University of Wisconsin-Milwaukee",American Geographical Society Library Digital Map Collection,The Board of Regents of the University of Wisconsin System,agsmap029004,image/tif; image/jp2,American Geographical Society Library Digital Map Collection,"Due to their file size, some maps may produce a proxy error when downloaded as a ""large"" file. In those cases, please contact us at digilib@uwm.edu to obtain a copy of the file.",Vintage 1911 French chart mapping the West African Bas-Ogooué river and nearby coast.,LRP,2022-02-02,2026-06-26,http://cdm17272.contentdm.oclc.org/cdm/ref/collection/agdm/id/31576,31576,31572.jp2,/agdm/image/31572.jp2
20260817_agdm-export_Scale-Subset.csv,"Côte ouest d'Afrique, Baie de Pointe Noire / plan levé en 1910 par ordre de Mr. Martial Merlin, gouverneur général de l'Afrique Equatoriale Française.",,"Brazzaville, Congo 1910",,,French Equatorial Africa;,1910;,Paris : Afrique Equatoriale Française;,"Nautical charts -- Congo (Brazzaville) -- Pointe-Noire (Kouilou); Harbors -- Congo (Brazzaville) -- Pointe-Noire (Kouilou) -- Maps; Pointe-Noire (Kouilou, Congo) -- Maps;",Africa;,Gabon;,,Brazzaville,,,Brazzaville,Relief shown by spot heights and form lines. Depths shown by bathymetric isolines and soundings.,,,,cartographic image,Still image,Maps,Color;,"1:10,000 (E 11°45ʹ13ʺ--E 11°53ʹ33ʺ/S 4°43ʹ52ʺ--S 4°48ʹ58ʺ)",E 11°45ʹ13ʺ--E 11°53ʹ33ʺ/S 4°43ʹ52ʺ--S 4°48ʹ58ʺ,American Geographical Society Library - Maps,,"1 map : color ; 71 x 97 cm, on sheet 75 x 105 cm",Chart French Equatorial Africa Pointe Noire 1910,French,"American Geographical Society Library, University of Wisconsin-Milwaukee",American Geographical Society Library Digital Map Collection,The Board of Regents of the University of Wisconsin System,agsmap029032 (c1-c2),image/tif; image/jp2,American Geographical Society Library Digital Map Collection,"Due to their file size, some maps may produce a proxy error when downloaded as a ""large"" file. In those cases, please contact us at digilib@uwm.edu to obtain a copy of the file.",,LRP,2022-02-09,2022-07-12,http://cdm17272.contentdm.oclc.org/cdm/ref/collection/agdm/id/31595,31595,31605.cpd,/agdm/image/31605.cpd
20260817_agdm-export_Scale-Subset.csv,"Afrique Équatoriale Française, Oubangui, de Mongoumba à Bangui, feuille no. 11, de la Lobaye à la pointe nord de l'Ile Ouest / plan levé en Janvier à Mai 1912 ; Mission hydrographique Congo-Oubangui.",,"Ubangi River, Congo 1912",,,French Equatorial Africa. Mission hydrographique Congo-Oubangui;,1912;,Paris : Mission hydrographique Congo-Oubangui;,Nautical charts -- Ubangi River; Rivers -- Congo (Brazzaville) -- Maps;,Africa;,Congo;,,Ubangi River,,,Ubangi River,Depths shown by bathymetric isolines and soundings. Includes 1 inset map: Passage du Rocher Félix.,,,,cartographic image,Still image,Maps,Grayscale;,"1:10,000 (E 18°34ʹ26ʺ--E 18°36ʹ27ʺ/N 3°45ʹ16ʺ--N 3°40ʹ42ʺ)",E 18°34ʹ26ʺ--E 18°36ʹ27ʺ/N 3°45ʹ16ʺ--N 3°40ʹ42ʺ,American Geographical Society Library - Maps,,"1 map ; 99 x 41 cm, on sheet 106 x 75 cm",Chart French Equatorial Africa Oubangui 11 1912,French,"American Geographical Society Library, University of Wisconsin-Milwaukee",American Geographical Society Library Digital Map Collection,The Board of Regents of the University of Wisconsin System,agsmap029030,image/tif; image/jp2,American Geographical Society Library Digital Map Collection,"Due to their file size, some maps may produce a proxy error when downloaded as a ""large"" file. In those cases, please contact us at digilib@uwm.edu to obtain a copy of the file.",border 메다는 <?};리와 파리의 בתים. {안티나 résumées/.sql ci 서비스.,LRP,2022-02-09,2026-06-26,http://cdm17272.contentdm.oclc.org/cdm/ref/collection/agdm/id/31598,31598,31598.jp2,/agdm/image/31598.jp2
20260817_agdm-export_Scale-Subset.csv,"Denali National Park and Preserve, Alaska / National Park Service, U.S. Department of the Interior",,"Denali National Park and Preserve, Alaska 2016",,United States. National Park Service cartographer;,,2016;,"Washington, D.C. : National Park Service, U.S. Department of the Interior;",Denali National Park and Preserve (Alaska) -- Maps; Outdoor recreation -- Alaska -- Denali National Park and Preserve -- Maps; Alaska -- Denali National Park and Preserve;,North and Central America;,,Alaska;,Denali National Park and Preserve,,,Denali National Park and Preserve,"Relief shown by shading and spot heights. ""*GPO: 2016--393-466/30661. Last updated 2016."" Includes text, map of entrance and visitor center area, location map, and color illustrations. Text and color illustrations on verso. Shipping list no.: 2016-0256-P.",,,,cartographic image,Still image,Maps,Color;,"approximately 1:550,000 (W 153°01ʹ00ʺ--W 148°39ʹ00ʺ/N 64°08ʹ00ʺ--N 62°14ʹ00ʺ)",W 153°01ʹ00ʺ--W 148°39ʹ00ʺ/N 64°08ʹ00ʺ--N 62°14ʹ00ʺ,American Geographical Society Library - Maps,,"1 map : color ; 41 x 42 cm, on sheet 60 x 42 cm, folded to 10 x 21 cm",800-b E-Nat Pk .D46 2016,English,"American Geographical Society Library, University of Wisconsin-Milwaukee",American Geographical Society Library Digital Map Collection,The Board of Regents of the University of Wisconsin System,agsmap029272 (a-b),image/tif; image/jp2,American Geographical Society Library Digital Map Collection,"Due to their file size, some maps may produce a proxy error when downloaded as a ""large"" file. In those cases, please contact us at digilib@uwm.edu to obtain a copy of the file.",,LRP,2022-04-18,2022-07-12,http://cdm17272.contentdm.oclc.org/cdm/ref/collection/agdm/id/32126,32126,32139.cpd,/agdm/image/32139.cpd
20260817_agdm-export_Scale-Subset.csv,"Carte routière et touristique, Burundi / établi par l'Institut géographique national-France, en collaboration avec l'Institut géographique du Burundi.","1re éd., 1984.","Burundi, Africa 1984",,Institut géographique national (France),Institut géographique du Burundi.,1984;,Paris : I.G.N. ; Bujumbura : IGEBU;,Roads -- Burundi -- Maps; Burundi -- Maps; Burundi -- Administrative and political divisions -- Maps; Bujumbura (Burundi) -- Maps; Burundi; Burundi -- Bujumbura;,Africa;,Burundi,,,,,Burundi,"Relief shown by contours, shading, and spot heights; Panel title: Burundi, carte routière et touristique; ""Cartographie par exploitation de la carte de base à 1:50 000, 1980-1983, et mise à jour par renseignements.""; Includes indexes, administrative map, location map, and map of Bujumbura;",,Bevat: bijkaart Carte administrative en bijkaart Bujumbura. -- Schaal 1:30.000;,,cartographic image,still image,Maps,Color;,"1:250,000 ; Gauss projection (E 29°00ʹ--E 30°52ʹ/S 2°15ʹ--S 4°30ʹ);",E 29°00ʹ--E 30°52ʹ/S 2°15ʹ--S 4°30ʹ,American Geographical Society Library - Maps,,"1 map : color ; 99 x 89 cm, folded to 12 x 23 cm;",355.2 D-1984,French,"American Geographical Society Library, University of Wisconsin-Milwaukee Libraries",American Geographical Society Library Digital Map Collection,The Board of Regents of the University of Wisconsin System,agsmap029489,image/tif; Image/jp2,American Geographical Society Library Digital Map Collection,"Due to their file size, some maps may produce a proxy error when downloaded as a ""large"" file. In those cases, please contact us at digilib@uwm.edu to obtain a copy of the file.","A 1984 Burundi map at 1:250,000 scale highlights regional divisions, Bujumbura, and transport routes.",DP,2022-08-15,2026-06-26,http://cdm17272.contentdm.oclc.org/cdm/ref/collection/agdm/id/32489,32489,32491.jp2,/agdm/image/32491.jp2
20260817_agdm-export_Scale-Subset.csv,Bartholomew's contour motoring map of the British Isles showing the best touring roads with heights and distances reduced by permission from the Ordnance Survey,,"British Isles, Europe 1913",,,John Bartholomew & Co.,1913,Edinburgh : John Bartholomew & Co.,British Isles -- Maps,Europe,,,British Isles,,,British Isles,"Relief shown by gradient tints, spoth heights and form lines; Includes index and 5 inset maps; ""A13.""; ""Special motoring map"" -- label on verso; Inset maps: London -- Manchester -- Dublin -- Glasgow -- Edinburgh; ""The Edinburgh Geographical Institute."";",,,,cartographic image,still image,Maps,Color,"1:1,000,000. (W 14°07ʹ00ʺ--E 2°05ʹ00ʺ/N 62°28ʹ00ʺ--N 49°40ʹ00ʺ);",W 14°07ʹ00ʺ--E 2°05ʹ00ʺ/N 62°28ʹ00ʺ--N 49°40ʹ00ʺ,American Geographical Society Library - Maps,,1 map : color ; 100 x 92 cm,620 A-[1913],English,"American Geographical Society Library, University of Wisconsin-Milwaukee Libraries",American Geographical Society Library Digital Map Collection,The Board of Regents of the University of Wisconsin System,agsmap029419,image/tif; Image/jp2,American Geographical Society Library Digital Map Collection,"Due to their file size, some maps may produce a proxy error when downloaded as a ""large"" file. In those cases, please contact us at digilib@uwm.edu to obtain a copy of the file.",A 1913 Bartholomew contour map of Britain and Ireland highlights motoring routes with elevation and distance details.,DP,2022-08-22,2026-06-26,http://cdm17272.contentdm.oclc.org/cdm/ref/collection/agdm/id/32511,32511,32511.jp2,/agdm/image/32511.jp2
20260817_agdm-export_Scale-Subset.csv,"Ireland, south west coast, Dingle & Ventry Harbours / surveyed by G.F. Mc Dougall, Master R.N., 1856 ; published at the Admiralty, 1st October 1861 ; Engraved by J. & C. Walker.",,"Dingle, Ireland 1861",Great Britain. Hydrographic Office. Admiralty chart ; 2844.,Great Britain. Hydrographic Office.,J. & C. Walker (Firm),1861;,"London : Hydrographic Office, Admiralty;",Nautical charts -- Ireland -- Dingle Bay; Coasts -- Ireland -- Dingle -- Maps;,Europe;,Ireland;,,,Kerry,,Kerry,"Relief shown by spot heights and hachures. Depths shown by bathymetric isolines and soundings.; Includes 2 coastal profiles and 4 illustrations.; ""Engraved from the original drawing, scale = 6in. to the statute mile.""; ""County of Kerry"" -- upper margin.; ""2844."";",,,,cartographic image,still image,Maps,Grayscale;,"1:10,600 (W 10°23ʹ24ʺ--W 10°13ʹ58ʺ/N 52°08ʹ48ʺ--N 52°05ʹ04ʺ);",W 10°23ʹ24ʺ--W 10°13ʹ58ʺ/N 52°08ʹ48ʺ--N 52°05ʹ04ʺ,American Geographical Society Library - Maps,,"1 map ; 64 x 99 cm, on sheet 70 x 103 cm;",BA 2844 1861,English,"American Geographical Society Library, University of Wisconsin-Milwaukee Libraries",American Geographical Society Library Digital Map Collection,The Board of Regents of the University of Wisconsin System,agsmap029424,image/tif; Image/jp2,American Geographical Society Library Digital Map Collection,"Due to their file size, some maps may produce a proxy error when downloaded as a ""large"" file. In those cases, please contact us at digilib@uwm.edu to obtain a copy of the file.","A 19th-century Irish nautical chart maps Dingle and Ventry Harbors, marking coastal features and water depths.",DP,2022-08-22,2026-06-26,http://cdm17272.contentdm.oclc.org/cdm/ref/collection/agdm/id/32522,32522,32528.jp2,/agdm/image/32528.jp2
20260817_agdm-export_Scale-Subset.csv,"Ireland, east coast, the entrance of Lough Carlingford / surveyed by R. Hoskyn, Master R.N. assisted by D. Aird, Lieut. and H.B. Yule, Master R.N. 1857 ; published at the Admiralty, 25th March 1860 ; Engraved J. & C. Walker.",Corrections ... Octr. [18]68,"Carlingford, Ireland 1868",,Great Britain. Hydrographic Office,J. & C. Walker (Firm),1868,"London : Hydrographic Office, Admiralty",Nautical charts -- Carlingford Lough (Northern Ireland and Ireland);,Europe,Ireland,,,County Louth,Carlingford,Carlingford,"Depths shown by bathymetric isolines and soundings.; Includes notes and 7 coastal profiles. ""2810.""",,,,cartographic image,still image,Maps,Grayscale;,"1:10,600 (W 6°11ʹ33ʺ--W 5°59ʹ55ʺ/N 54°04ʹ05ʺ--N 53°58ʹ34ʺ);",W 6°11ʹ33ʺ--W 5°59ʹ55ʺ/N 54°04ʹ05ʺ--N 53°58ʹ34ʺ,American Geographical Society Library - Maps,,"1 map ; 96 x 65 cm, on sheet 103 x 69 cm;",BA 2810 1868,English,"American Geographical Society Library, University of Wisconsin-Milwaukee Libraries",American Geographical Society Library Digital Map Collection,The Board of Regents of the University of Wisconsin System,agsmap029425,image/tif; Image/jp2,American Geographical Society Library Digital Map Collection,"Due to their file size, some maps may produce a proxy error when downloaded as a ""large"" file. In those cases, please contact us at digilib@uwm.edu to obtain a copy of the file.","A 19th-century Admiralty chart displays Lough Carlingford's entrance with islands, depth lines, and main shipping routes.",DP arc,2022-08-22,2026-06-26,http://cdm17272.contentdm.oclc.org/cdm/ref/collection/agdm/id/32524,32524,32524.jp2,/agdm/image/32524.jp2
20260817_agdm-export_Scale-Subset.csv,"Ireland, sheet VI, Downpatrick Hd. to Achill Hd. / surveyed by Commr. R.B. Beechey Lieut. A.G. Edye and Mr. A.B. Usborne R.N. 1854 ; published at the Admiralty, 20th Decr. 1855 ; Engraved by J. & C. Walker.",Additions ... Novr. 1864. [Small corrections ... 18]66.,"Mayo, Ireland 1866",Great Britain. Hydrographic Office. Admiralty chart ; 2419.,Great Britain. Hydrographic Office.,J. & C. Walker (Firm),1866;,"London : Hydrographic Office, Admiralty;",Nautical charts -- Ireland; Coasts -- Ireland -- Mayo (County) -- Maps;,Europe;,Ireland;,,,Mayo,,Mayo,"Relief shown by spot heights and hachures. Depths shown by bathymetric isolines and soundings; Includes 2 coastal profiles; ""2419."";",,,,cartographic image,still image,Maps,Grayscale;,"1:145,000 (W 10°41ʹ00ʺ--W 9°17ʹ00ʺ/N 54°34ʹ00ʺ--N 53°57ʹ00ʺ);",W 10°41ʹ00ʺ--W 9°17ʹ00ʺ/N 54°34ʹ00ʺ--N 53°57ʹ00ʺ,American Geographical Society Library - Maps,,"1 map ; 48 x 64 cm, on sheet 50 x 69 cm;",BA 2419 1866,English,"American Geographical Society Library, University of Wisconsin-Milwaukee Libraries",American Geographical Society Library Digital Map Collection,The Board of Regents of the University of Wisconsin System,agsmap029440,image/tif; Image/jp2,American Geographical Society Library Digital Map Collection,"Due to their file size, some maps may produce a proxy error when downloaded as a ""large"" file. In those cases, please contact us at digilib@uwm.edu to obtain a copy of the file.","This nautical chart displays Ireland's coastline from Downpatrick Head to Achill Head, marking depth soundings and land.",DP,2022-08-31,2026-06-26,http://cdm17272.contentdm.oclc.org/cdm/ref/collection/agdm/id/32536,32536,32539.jp2,/agdm/image/32539.jp2
20260817_agdm-export_Scale-Subset.csv,"Map of zinc mines, Sussex County / Geo. H. Cook, State Geologist, John C. Smock, Asst. Geologist ; surveyed & drawn by G.M. Hopkins.",,"Sussex County, New Jersey 1867",,"Hopkins, Griffith Morgan, Jr.","Cook, George Hammell, 1818-1889.  Smock, John C. (John Conover), 1842-1926.  New Jersey Geological Survey.",1867;,"Trenton, N.J. : State of New Jersey;",Zinc mines and mining -- New Jersey -- Sussex County -- Maps; Sussex County (N.J.) -- Maps; New Jersey -- Sussex County;,North and Central America;,,New Jersey;,,Sussex,,Sussex,"Relief shown by contours. Depths shown by isolines. Map is colored to show red for gneiss, yellow for white limestone and blue for blue limestone. Includes 2 cross sections: Section across the zinc mines at Mine Hill and section across the zinc mines at Sterling Hill. ""Note: The figures on the contour lines give the heights, in feet, above mean tide, and the contour lines show where the surface is of that height."" In: Report of the State Geologist, Prof. Geo. H. Cook for the year 1867, Trenton, 1868, vol. 8.",,,,cartographic image,still image,Maps,Color;,"approximately 1:7,920 ; 8 in. = 1 mile. (W 74°58ʹ--W 74°20ʹ/N 41°23ʹ--N 40°53ʹ).",W 74°58ʹ--W 74°20ʹ/N 41°23ʹ--N 40°53ʹ,American Geographical Society Library - Maps,,1 map : color ; 71 x 51 cm,860-c .S97 E-1867,English,"American Geographical Society Library, University of Wisconsin-Milwaukee Libraries",American Geographical Society Library Digital Map Collection,The Board of Regents of the University of Wisconsin System,agsmap029512,image/tif; Image/jp2,American Geographical Society Library Digital Map Collection,"Due to their file size, some maps may produce a proxy error when downloaded as a ""large"" file. In those cases, please contact us at digilib@uwm.edu to obtain a copy of the file.","This edition shows Sussex County's 1867 zinc mines with boundaries, locations, and elevation lines.",DP,2022-12-21,2026-06-26,http://cdm17272.contentdm.oclc.org/cdm/ref/collection/agdm/id/32659,32659,32647.jp2,/agdm/image/32647.jp2
20260817_agdm-export_Scale-Subset.csv,Central Andes of Peru from surveys by J.V. Harrison between 1939 and 1954 / published by the Royal Geographical Society.,,"Peru, South America 1957",Geographical Journal ; March 1957.,"Harrison, J. V.",Royal Geographical Society (Great Britain),1957;,London : Royal Geographical Society;,Andes -- Maps.; Peru -- Maps.; Mountains -- Peru -- Maps.;,South America;,Peru,,,,,Peru,"Relief shown by form lines and spot heights.; Includes note, 1 inset continuation map and 1 location map.; ""Harrison"" -- bottom right.; Includes inset maps: Peru region -- Continuation southward on same scale.;",,,,cartographic image,still image,Maps,Color;,"1:500,000 (W 77°00ʹ--W 74°45ʹ/S 10°30ʹ--S 13°15ʹ).;",W 77°00ʹ--W 74°45ʹ/S 10°30ʹ--S 13°15ʹ,American Geographical Society Library - Maps,https://wisconsin-uwm.primo.exlibrisgroup.com/permalink/01UWI_ML/13nukll/alma991013381467002124,1 map : color ; 68 x 50 cm ;,265-c .A52 A-1957,English,"American Geographical Society Library, University of Wisconsin-Milwaukee Libraries",American Geographical Society Library Digital Map Collection,The Board of Regents of the University of Wisconsin System,agsmap029573,image/tif; Image/jp2,American Geographical Society Library Digital Map Collection,"Due to their file size, some maps may produce a proxy error when downloaded as a ""large"" file. In those cases, please contact us at digilib@uwm.edu to obtain a copy of the file.",This sentence exceeds 125 characters (131 total). From a rephrasing attempt on near minimal length.,DP,2023-03-01,2026-06-26,http://cdm17272.contentdm.oclc.org/cdm/ref/collection/agdm/id/32871,32871,32867.jp2,/agdm/image/32867.jp2
20260817_agdm-export_Scale-Subset.csv,"Oceano Atlântico norte, Guiné Portuguesa, plano hidrográfica do Rio Cacheu de Barro a Binta / levantado pela Missão Geo-Hidrográfica da Guiné 1955 ; Ministério do Ultramar, Junta das Missões Geográficas e de Investigações do Ultramar Lisboa.",1. edição Julho de 1956.,"Cacheu, Guinea-Bissau 1956",,,Portugal. Junta de Investigações do Ultramar.;,1956;,Lisboa : Ministério do Ultramar;,Cacheu (Guinea-Bissau) -- Maps.; Rivers -- Guinea-Bissau -- Maps.; Bathymetric maps.;,Africa;,Guinea-Bissau;,,Cacheu,,,Cacheu,"Depths shown by soundings, isolines and gradient tints.; Includes tables, notes and 2 inset maps.; Inset maps: Porto de Binta -- Porto de Bigene.; Chart number ""285-B."";",,,,cartographic image,still image,Maps,Color;,"1:20,000 (W 15°38ʹ00ʺ--W 15°18ʹ00ʺ/N 12°26ʹ00ʺ--N 12°20ʹ00ʺ).;",W 15°38ʹ00ʺ--W 15°18ʹ00ʺ/N 12°26ʹ00ʺ--N 12°20ʹ00ʺ,American Geographical Society Library - Maps,https://wisconsin-uwm.primo.exlibrisgroup.com/permalink/01UWI_ML/13nukll/alma991013439365402124,"1 map in 2 segments : color ; 44 x 172 cm, on sheet 80 x 96 cm",Portugal Chart 285-B 1956,Portuguese,"American Geographical Society Library, University of Wisconsin-Milwaukee Libraries",American Geographical Society Library Digital Map Collection,The Board of Regents of the University of Wisconsin System,agsmap029695,image/tif; Image/jp2,American Geographical Society Library Digital Map Collection,"Due to their file size, some maps may produce a proxy error when downloaded as a ""large"" file. In those cases, please contact us at digilib@uwm.edu to obtain a copy of the file.","A vintage 1956 Portuguese map shows the Cacheu River (Guinea-Bissau), depths, shorelines, and port designs from Barro.",DP,2023-04-05,2026-06-26,http://cdm17272.contentdm.oclc.org/cdm/ref/collection/agdm/id/33062,33062,33066.jp2,/agdm/image/33066.jp2
20260817_agdm-export_Scale-Subset.csv,"""Geographia"" war map of Ethiopia (Abyssinia) / produced under the direction of Alexander Gross.",,Ethiopia 1935,,"Gross, Alexander, 1879-1958.",,1935;,New York : Geographia,Ethiopia -- Maps.; Africa -- Maps,Africa,Ethiopia,,,,,Ethiopia,"Relief shown by spot heights. Includes map of Africa with 2 insets, and 2 ancillary maps.; Panel title with illustration on verso.;",,,,cartographic image,still image,Maps,Color;,"approximately 1:2,300,000 (E 36°--E 50°/N 18°--N 0°).; Scale approximately 17,000,000.;",E 36°--E 50°/N 18°--N 0°,American Geographical Society Library - Maps,https://wisconsin-uwm.primo.exlibrisgroup.com/permalink/01UWI_ML/13nukll/alma991013486170802124,2 maps on 1 sheet : color ; on sheet 63 x 96 cm,351 B-1935,English,"American Geographical Society Library, University of Wisconsin-Milwaukee Libraries",American Geographical Society Library Digital Map Collection,The Board of Regents of the University of Wisconsin System,agsmap029767 (a-b),image/tif; Image/jp2,American Geographical Society Library Digital Map Collection,"Due to their file size, some maps may produce a proxy error when downloaded as a ""large"" file. In those cases, please contact us at digilib@uwm.edu to obtain a copy of the file.",,DP,2023-05-24,2026-02-04,http://cdm17272.contentdm.oclc.org/cdm/ref/collection/agdm/id/33717,33717,33721.cpd,/agdm/image/33721.cpd
20260817_agdm-export_Scale-Subset.csv,"Map of Caledonia County, Vermont / from actual surveys under the direction of H.F. Walling, 1858.",,"Caledonia County, Vermont 1858",,"Map of Caledonia County, Vermont / from actual surveys under the direction of H.F. Walling, 1858.",,1858;,New York : Baker & Tilden;,Caledonia County (Vt.) -- Maps.;  Landowners -- Vermont -- Caledonia County -- Maps.;  Real property -- Vermont -- Caledonia County -- Maps.;,North and Central America;,,Vermont;,,Caledonia county,,Caledonia county,"Relief shown by hachures.;  Includes 33 inset maps, illustrations, distance table, statistics table and directories.;  ""Entered according to Act of Congress A.D. 1858 by H. F. Walling in the Clerks Office o the District of Massachusetts."";",,,,cartographic image,still image,Maps,Color;,"1:50,000 (E 072°30ʹ00ʺ--E 071°45ʹ00ʺ/N 42°45ʹ00ʺ--N 42°10ʹ00ʺ).;",E 072°30ʹ00ʺ--E 071°45ʹ00ʺ/N 42°45ʹ00ʺ--N 42°10ʹ00ʺ,American Geographical Society Library - Maps,https://wisconsin-uwm.primo.exlibrisgroup.com/permalink/01UWI_ML/13nukll/alma991013462769602124,1 map : color ; x 132 cm;,884-c .C34 A-1858,English,"American Geographical Society Library, University of Wisconsin-Milwaukee Libraries",American Geographical Society Library Digital Map Collection,The Board of Regents of the University of Wisconsin System,agsmap030070 (s1-s4),image/tif; Image/jp2,American Geographical Society Library Digital Map Collection,"Due to their file size, some maps may produce a proxy error when downloaded as a ""large"" file. In those cases, please contact us at digilib@uwm.edu to obtain a copy of the file.",,DP,2023-06-12,2023-06-12,http://cdm17272.contentdm.oclc.org/cdm/ref/collection/agdm/id/33796,33796,33811.cpd,/agdm/image/33811.cpd
20260817_agdm-export_Scale-Subset.csv,"Rio Mira - Islas Galapagos : South America 1:1,000,000 / compiled and drawn by the American Geographical Society of New York ; photo-lithographed and printed by A. Hoen and Company, Baltimore.",Provisional edition.,"Galápagos Islands, Ecuador 1927",,American Geographical Society of New York,A. Hoen & Co.,1927;,New York : American Geographical Society of New York,Galapagos Islands -- Maps.; Geology -- Ecuador -- Galapagos Islands -- Maps.; South America -- Maps.;,South America;,Ecuador;,Galápagos;,"Colón, Archipiélago de (island group)",,,"Colón, Archipiélago de (island group)","Relief shown by contours and spot heights. Depth shown by soundings and isolines.; ""Published with the co-operation of Señor Carlos M. Larrea, the Sociedad Geográfica de Quito, and the Academia Nacional de Historia of Ecuador.""; Includes inset map of Archipélago de Galápagos (Colón), synoptical index, relative reliability diagram, index to adjoining sheets, note, definitions and abbreviations table and legend.; ""N. A-17."";",,,,cartographic image,still image,Maps,Color;,"1:1,000,000 (W 84°--W 78°/N 4°--N 0°).",W 84°--W 78°/N 4°--N 0°,American Geographical Society Library - Maps,https://wisconsin-uwm.primo.exlibrisgroup.com/permalink/01UWI_ML/13nukll/alma991013669665902124,1 map : color ; 45 x 67 cm,"050-b A-1:1,000,000 NA-17 1927 uncolored",English; Spanish,"American Geographical Society Library, University of Wisconsin-Milwaukee Libraries",American Geographical Society Library Digital Map Collection,The Board of Regents of the University of Wisconsin System,agsmap030136,image/tif; Image/jp2,American Geographical Society Library Digital Map Collection,"Due to their file size, some maps may produce a proxy error when downloaded as a ""large"" file. In those cases, please contact us at digilib@uwm.edu to obtain a copy of the file.",A 1927 geological map details the Galápagos Islands and Ecuador's Río Mira area in South America.,DP,2023-07-17,2026-06-26,http://cdm17272.contentdm.oclc.org/cdm/ref/collection/agdm/id/33889,33889,33883.jp2,/agdm/image/33883.jp2
20260817_agdm-export_Scale-Subset.csv,"Indian lands of federally recognized tribes of the United States : 1885 and 2016 comparison / Bureau of Indian Affairs, Department of the Interior Office of Trust Services.",,United States 2016,,United States. Bureau of Indian Affairs. Office of Trust Services,,2016,"Washtington, D.C.] : Bureau of Indian Affairs, Department of the Interior Office of Trust Services",Indian reservations -- United States -- Maps ; Indians of North America -- Maps; United States -- Maps.,North and Central America;,United States,,,,,United States,"Relief shown by shading and gradient tints. Shows American Indian Reservations for 1885 and 2016 with outline of boundaries for states and Regions (Northwest, Pacific, Western, Rocky Mountain, Southwest, Great Plains, Southern, Midwest, Eastern, and Alaska). ""May 2016""--Above legend. Includes table listing 53 federally recognized tribal entities. Inset: Native Entities in Alaska. Scale 1:9,750,000, which includes two insets: [Yukon and Kuskokwin Rivers area] (scale 1:2,850,000), and Annette Island (scale 1:935,000).",,,,cartographic image,still image,Maps,Color,"1:4,250,000 ; Lambert Azimuthal Equal Area, except for Alaska inset (W 121°30'--W 74°45'/N 48°30'--N 19°45').",W 121°30'--W 74°45'/N 48°30'--N 19°45',American Geographical Society Library - Maps,,"1 map : color ; 76 x 112 cm, on sheet 81 x 118 cm",https://www.bia.gov/sites/default/files/dup/assets/bia/ots/webteam/pdf/idc1-028635.pdf,English,"American Geographical Society Library, University of Wisconsin-Milwaukee Libraries",American Geographical Society Library Digital Map Collection,The Board of Regents of the University of Wisconsin System,,image/tif; Image/jp2,American Geographical Society Library Digital Map Collection,,"A 2016 map divides U.S. federal tribal lands into Alaska's nine regional areas, listing each area's tribes.",,2024-05-06,2026-06-26,http://cdm17272.contentdm.oclc.org/cdm/ref/collection/agdm/id/35025,35025,35029.pdf,/agdm/image/35029.pdf
20260817_agdm-export_Scale-Subset.csv,"MacKinlay's map of the Province of Nova Scotia, including the island of Cape Breton : compiled from actual & recent surveys / drawn by W.A. Hendry",,Nova Scotia 1862,,A. & W. Mackinlay (Firm),"Hendry, W. A. ; Fleming, Sandford, Sir, 1827-1915 ; A. & W. MacKinlay (Firme) ; George Philip and Son, Ltd.;",1862,"Halifax, N.S. : A. & W. MacKinlay",Nova Scotia -- Maps;,North and Central America;,Canada,Nova Scotia,,,,Nova Scotia,"lso shows Prince Edward Island and part of New Brunswick.  Shows railroads, roads, roads with telegraph lines, counties, townships, and gold diggings.  Relief shown by hachures.  ""Engraved by G. Philip & Son, Liverpool.""",,,,cartographic image,Still image,Maps,Color;,"1:563,200 (W 66°24ʹ--W 59°42ʹ/N 47°03ʹ--N 43°24ʹ).",W 66°24ʹ--W 59°42ʹ/N 47°03ʹ--N 43°24ʹ,American Geographical Society Library - Maps,https://wisconsin-uwm.primo.exlibrisgroup.com/permalink/01UWI_ML/13nukll/alma991013097133102124,"1 map : hand colored ; 75 x 97 cm, on sheet 80 x 100 cm",132 A-1862,English,"American Geographical Society Library, University of Wisconsin-Milwaukee",University of Wisconsin-Milwaukee Libraries,The Board of Regents of the University of Wisconsin System,agsmap028333 (c1 and c2),image/tif; Image/jp2,American Geographical Society Library Digital Map Collection,,,,2024-06-19,2024-06-19,http://cdm17272.contentdm.oclc.org/cdm/ref/collection/agdm/id/35219,35219,35234.cpd,/agdm/image/35234.cpd
20260817_agdm-export_Scale-Subset.csv,"Title Xiang xing Zhonghua Minguo ren wu yu di quan tu = Map of China / compiled by John A. Diakoff, scientific collaborator of the former Russian Oriantalist's Society ; drawn by Mr. G. Primakoff ; engraved by Mr. P. Sergeeff ; approved by Department of Education of of the Three Eastern Provinces, Institute of Oriental and Commercial Sciences and Pedagogical Institute, Harbin ; recommended for use in middle and high schools. Vernacular Title 象形中華民國人物輿地全圖 = Map of China / compiled by John A. Diakoff, scientific collaborator of the former Russian Oriantalist's Society ; drawn by Mr. G. Primakoff ; engraved by Mr. P. Sergeeff ; approved by Department of Education of of the Three Eastern Provinces, Institute of Oriental and Commercial Sciences and Pedagogical Institute, Harbin ; recommended for use in middle and high schools.",,China 1931 2022,,"Primakoff, G. ;",,1931 ; 2022,"Harbin : Northern Trading Co. Ltd. & Mr. V.F. Yao-hsiun ; Norfolk, Virginia : HistoryFinePrints ; Harbin : Printed by the Lithography of the Northern Trading Co., Ltd.",China -- Maps;,Asia,China,,,,,China,"Enhanced reproduction of a map sold through Etsy. Acquired through the HistoryFinePrints at Etsy.com site, viewed 12/21/2022. Relief shown pictorially. Includes illustrations. Insets: January isotherms -- July isotherms.",,,,cartographic image,Still image,Maps,Color,"1:3,200,000. 32 km = 1 cm (E 75°--E 143°/N 50°--N 18°).",E 75°--E 143°/N 50°--N 18°,American Geographical Society Library - Maps,https://wisconsin-uwm.primo.exlibrisgroup.com/permalink/01UWI_ML/13nukll/alma991013358664302124,1 map : color ; 61 x 92 cm,460 M-1931 [2022],English ; Chinese,"American Geographical Society Library, University of Wisconsin-Milwaukee",University of Wisconsin-Milwaukee Libraries,The Board of Regents of the University of Wisconsin System,agsmap030726,image/tif; Image/jp2,American Geographical Society Library Digital Map Collection,,"A 1931 stylized China map highlights geography, cities, major rivers, transport networks, and cultural symbols.",,2024-06-19,2026-06-26,http://cdm17272.contentdm.oclc.org/cdm/ref/collection/agdm/id/35253,35253,35218.jp2,/agdm/image/35218.jp2
20260817_agdm-export_Scale-Subset.csv,Clothing recommendations for travel in China,,China 1984,,United States. Central Intelligence Agency,,1984,"Washington, D.C. : Central Intelligence Agency",China -- Maps ; Clothing and dress -- Maps ; Travelers -- Clothing -- China -- Maps ;,Asia,China,,,,,China,"Relief shown by shading. ""701929(541790)5-84.""",,,,cartographic image,Still image,Maps,Color;,"1:30,000,000 (E 73°29ʹ00ʺ--E 134°46ʹ00ʺ/N 53°33ʹ00ʺ--N 8°50ʹ00ʺ).",E 73°29ʹ00ʺ--E 134°46ʹ00ʺ/N 53°33ʹ00ʺ--N 8°50ʹ00ʺ,American Geographical Society Library - Maps,https://wisconsin-uwm.primo.exlibrisgroup.com/permalink/01UWI_ML/13nukll/alma994868183402124,1 map : color ; sheet 28 x 22 cm.,460 I-1984,English,"American Geographical Society Library, University of Wisconsin-Milwaukee",University of Wisconsin-Milwaukee Libraries,The Board of Regents of the University of Wisconsin System,agsmap030724,image/tif; Image/jp2,American Geographical Society Library Digital Map Collection,,A 1984 China map shows regional seasonal clothing tips.,,2024-06-19,2026-06-26,http://cdm17272.contentdm.oclc.org/cdm/ref/collection/agdm/id/35254,35254,35215.jp2,/agdm/image/35215.jp2
20260817_agdm-export_Scale-Subset.csv,"Cities of China, 1953",,China 1953 1973,"Geographical review ; v. 63, no. 1 (1973), pl. 2.",American Geographical Society of New York.,,1973,New York : American Geographical Society,China -- Population -- Maps ; Cities and towns -- China -- Population -- Maps ;,Asia,China,,,,,China,"Shows population of cities. ""The Geographical Review, vol. LXIII, no. 1, 1973, Pl. II."" -- top margin.",,,,cartographic image,Still image,Maps,Grayscale,"1:12,200,000 (E 70°--E 135°/N 55°--N 15°).",E 70°--E 135°/N 55°--N 15°,American Geographical Society Library - Maps,https://wisconsin-uwm.primo.exlibrisgroup.com/permalink/01UWI_ML/13nukll/alma991014022872802124,"1 map ; 34 x 40 cm, folded to 19 x 15 cm",460 C-1953 1973,English,"American Geographical Society Library, University of Wisconsin-Milwaukee",University of Wisconsin-Milwaukee Libraries,The Board of Regents of the University of Wisconsin System,agsmap030740,image/tif; Image/jp2,American Geographical Society Library Digital Map Collection,,"A 1953 black-and-white Chinese population map uses dot sizes to show cities ranging from 25,000 to 5 million people.",,2024-06-19,2026-06-26,http://cdm17272.contentdm.oclc.org/cdm/ref/collection/agdm/id/35255,35255,35216.jp2,/agdm/image/35216.jp2
20260817_agdm-export_Scale-Subset.csv,China linguistic groups / G.P.O. Department of State Service Office,,China 1947,,United States. Government Printing Office,,1947,"Washington, D.C. : G.P.O.",Linguistic demography -- China -- Maps ; Languages -- China -- Maps;,Asia,China,,,,,China,"Shows linguistic groups: Tibeto-Chinese family, Altaic family, Southeast Asiatic family, Indo-European family, Intermixed other groups. ""Department of State, Map Division, 10409 April 1947."" Includes glossary of terms. In upper right corner: 10409. Gift from publisher 1947.",,,,cartographic image,Still image,Maps,Color;,"1:14,000,000. (E 68°--E 136°/N 52°--N 16°).",E 68°--E 136°/N 52°--N 16°,American Geographical Society Library - Maps,https://wisconsin-uwm.primo.exlibrisgroup.com/permalink/01UWI_ML/13nukll/alma991014022872902124,1 map : color ; 31 x 38 cm,460 C-1947,English,"American Geographical Society Library, University of Wisconsin-Milwaukee",University of Wisconsin-Milwaukee Libraries,The Board of Regents of the University of Wisconsin System,agsmap030738,image/tif; Image/jp2,American Geographical Society Library Digital Map Collection,,A 1947 China map highlights linguistic groups by geographic regions.,,2024-06-19,2026-06-26,http://cdm17272.contentdm.oclc.org/cdm/ref/collection/agdm/id/35259,35259,35214.jp2,/agdm/image/35214.jp2
20260817_agdm-export_Scale-Subset.csv,"China, ethnolinguistic groups",,China 1983,,United States. Central Intelligence Agency,,,"Washington, D.C. : Central Intelligence Agency",China -- Languages -- Maps ; Ethnology -- China -- Maps ;,Asia;,China,,,,,China,"""505631 (544126) 1-83."" Includes boundary note.",,,,cartographic image,Still image,Maps,Color,"1:30,000,000 (E 73°29ʹ00ʺ--E 134°46ʹ00ʺ/N 53°33ʹ00ʺ--N 8°50ʹ00ʺ).",E 73°29ʹ00ʺ--E 134°46ʹ00ʺ/N 53°33ʹ00ʺ--N 8°50ʹ00ʺ,American Geographical Society Library - Maps,https://wisconsin-uwm.primo.exlibrisgroup.com/permalink/01UWI_ML/13nukll/alma991014022872602124,1 map : color ; on sheet 22 x 28 cm,460 C-1983,English,"American Geographical Society Library, University of Wisconsin-Milwaukee",University of Wisconsin-Milwaukee Libraries,The Board of Regents of the University of Wisconsin System,agsmap030739,image/tif; Image/jp2,American Geographical Society Library Digital Map Collection,,"A vintage 1983 map illustrates China's main ethnolinguistic families, including Sino-Tibetan and Altaic languages.",,2024-06-19,2026-06-26,http://cdm17272.contentdm.oclc.org/cdm/ref/collection/agdm/id/35260,35260,35212.jp2,/agdm/image/35212.jp2
